{"type": "FeatureCollection", "features": [{"type": "Feature", "id": 53481, "geometry": {"type": "Polygon", "coordinates": [[[-67.73962390381007, -34.85407298293954], [-67.73928667086253, -34.85485598663898], [-67.73927265265253, -34.85488612614485], [-67.73842726340999, -34.85461867689823], [-67.73881864410791, -34.853813073026345], [-67.73962390381007, -34.85407298293954]]]}, "properties": {"fid": 53481, "tipo_culti": "VID", "globalid": "{870E6C1D-B97F-4E3C-9F6F-7F7161141579}", "created_date": 1740061366000, "created_user": "ugdt_admin", "last_edited_date": 1740061366000, "last_edited_user": "ugdt_admin", "shape_Length": 431.8676089539077, "shape_Area": 11572.085438398313, "cultivo": "vid", "id": "V001"}}, {"type": "Feature", "id": 11765, "geometry": {"type": "Polygon", "coordinates": [[[-67.6054718816118, -35.040873980541164], [-67.60614264734623, -35.040874749127205], [-67.60614299229931, -35.04162858881192], [-67.60549488836453, -35.04162880136627], [-67.6054718816118, -35.040873980541164]]]}, "properties": {"fid": 11765, "tipo_culti": "VID", "globalid": "{6E8F5D9F-C6D0-4B3E-A883-5C9E11BA3EB2}", "created_date": 1740061366000, "created_user": "ugdt_admin", "last_edited_date": 1740061366000, "last_edited_user": "ugdt_admin", "shape_Length": 351.9723372056689, "shape_Area": 7528.831718966534, "cultivo": "vid", "id": "V002"}}, {"type": "Feature", "id": 3502, "geometry": {"type": "Polygon", "coordinates": [[[-67.70152031683017, -34.91679501923656], [-67.701535306119, -34.91521111692867], [-67.70266649347086, -34.915211393160575], [-67.70271667515924, -34.91680644617789], [-67.70152031683017, -34.91679501923656]]]}, "properties": {"fid": 3502, "tipo_culti": "VID", "globalid": "{A65F01BE-35A2-4F8E-95D0-494C5CE6A423}", "created_date": 1740061366000, "created_user": "ugdt_admin", "last_edited_date": 1740061366000, "last_edited_user": "ugdt_admin", "shape_Length": 690.7535577430609, "shape_Area": 27953.183318772142, "cultivo": "vid", "id": "V003"}}, {"type": "Feature", "id": 64015, "geometry": {"type": "Polygon", "coordinates": [[[-68.0299936285515, -34.76070446092938], [-68.03000100821158, -34.760904624629816], [-68.02776420495076, -34.7609662845517], [-68.02775745680633, -34.76077793419433], [-68.0299936285515, -34.76070446092938]]]}, "properties": {"fid": 64015, "tipo_culti": "VID", "globalid": "{3498AB0D-9F83-4220-BF95-9E4DD7416C30}", "created_date": 1740061366000, "created_user": "ugdt_admin", "last_edited_date": 1740061366000, "last_edited_user": "ugdt_admin", "shape_Length": 550.9360294113886, "shape_Area": 6560.459275364433, "cultivo": "vid", "id": "V004"}}, {"type": "Feature", "id": 24539, "geometry": {"type": "Polygon", "coordinates": [[[-67.53863389891012, -34.98870622390025], [-67.53733920200689, -34.988706222428334], [-67.53733917236248, -34.98825855466679], [-67.53863386118088, -34.98825855540276], [-67.53863389891012, -34.98870622390025]]]}, "properties": {"fid": 24539, "tipo_culti": "VID", "globalid": "{27267A38-2D7B-4483-BDEC-2783D043D555}", "created_date": 1740061366000, "created_user": "ugdt_admin", "last_edited_date": 1740061366000, "last_edited_user": "ugdt_admin", "shape_Length": 409.9046002328344, "shape_Area": 8766.772095580316, "cultivo": "vid", "id": "V005"}}, {"type": "Feature", "id": 21304, "geometry": {"type": "Polygon", "coordinates": [[[-67.55098710130264, -35.00604378986124], [-67.55099847127917, -35.00704498055813], [-67.54885364202872, -35.00704026265045], [-67.5488569729818, -35.00603924775261], [-67.55098710130264, -35.00604378986124]]]}, "properties": {"fid": 21304, "tipo_culti": "VID", "globalid": "{76E44230-6669-4B58-A14F-45C7BAB2C028}", "created_date": 1740061366000, "created_user": "ugdt_admin", "last_edited_date": 1740061366000, "last_edited_user": "ugdt_admin", "shape_Length": 748.0076563913653, "shape_Area": 32373.476510489534, "cultivo": "vid", "id": "V006"}}, {"type": "Feature", "id": 20161, "geometry": {"type": "Polygon", "coordinates": [[[-67.55216171411364, -35.00280372411368], [-67.55310001880093, -35.002802115585816], [-67.55309227172994, -35.004660290763816], [-67.55215173383083, -35.004656914845015], [-67.55216171411364, -35.00280372411368]]]}, "properties": {"fid": 20161, "tipo_culti": "VID", "globalid": "{21A0A936-2626-4122-99A4-4084DA4A710A}", "created_date": 1740061366000, "created_user": "ugdt_admin", "last_edited_date": 1740061366000, "last_edited_user": "ugdt_admin", "shape_Length": 713.5397570119632, "shape_Area": 26373.2611299135, "cultivo": "vid", "id": "V007"}}, {"type": "Feature", "id": 14061, "geometry": {"type": "Polygon", "coordinates": [[[-67.69720115316373, -35.129425440505614], [-67.69692350546897, -35.130133388635066], [-67.69403988196592, -35.129114177039305], [-67.6944049869418, -35.12843358615842], [-67.69720115316373, -35.129425440505614]]]}, "properties": {"fid": 14061, "tipo_culti": "VID", "globalid": "{ABAB694D-C122-431C-A621-F550E45BB59A}", "created_date": 1740061366000, "created_user": "ugdt_admin", "last_edited_date": 1740061366000, "last_edited_user": "ugdt_admin", "shape_Length": 891.3362820304384, "shape_Area": 34770.57573071833, "cultivo": "vid", "id": "V008"}}, {"type": "Feature", "id": 63796, "geometry": {"type": "Polygon", "coordinates": [[[-68.0601679697748, -34.77307578859175], [-68.060165653918, -34.77328002274733], [-68.06054183512134, -34.77328292634402], [-68.06055858600644, -34.774725344541395], [-68.05881289081312, -34.77473917161679], [-68.05879364171321, -34.77308662379308], [-68.0601679697748, -34.77307578859175]]]}, "properties": {"fid": 63796, "tipo_culti": "VID", "globalid": "{A5228F62-D7F3-40C1-A3BD-31CAE938963A}", "created_date": 1740061366000, "created_user": "ugdt_admin", "last_edited_date": 1740061366000, "last_edited_user": "ugdt_admin", "shape_Length": 836.3501750817455, "shape_Area": 42357.3751759461, "cultivo": "vid", "id": "V009"}}, {"type": "Feature", "id": 10821, "geometry": {"type": "Polygon", "coordinates": [[[-67.61303235187627, -35.009223932442694], [-67.61195182860814, -35.009222574204166], [-67.6119420109204, -35.00842265682416], [-67.61303747047677, -35.00842761010204], [-67.61303235187627, -35.009223932442694]]]}, "properties": {"fid": 10821, "tipo_culti": "VID", "globalid": "{A0A818D8-EF5F-436A-B794-704A5E631D85}", "created_date": 1740061366000, "created_user": "ugdt_admin", "last_edited_date": 1740061366000, "last_edited_user": "ugdt_admin", "shape_Length": 459.18429289819403, "shape_Area": 13137.557250332402, "cultivo": "vid", "id": "V010"}}, {"type": "Feature", "id": 57581, "geometry": {"type": "Polygon", "coordinates": [[[-68.08489249178245, -34.75829623713048], [-68.0848815260478, -34.759290014955674], [-68.08478574857051, -34.759289294653044], [-68.08478220561504, -34.7596103394], [-68.08306716004091, -34.75959743599531], [-68.08308117555595, -34.75830018777206], [-68.08489249178245, -34.75829623713048]]]}, "properties": {"fid": 57581, "tipo_culti": "VID", "globalid": "{A0CA1DB1-9827-4C94-A53A-649F16604FB8}", "created_date": 1740061366000, "created_user": "ugdt_admin", "last_edited_date": 1740061366000, "last_edited_user": "ugdt_admin", "shape_Length": 757.1686078630968, "shape_Area": 35214.698407471835, "cultivo": "vid", "id": "V011"}}, {"type": "Feature", "id": 63973, "geometry": {"type": "Polygon", "coordinates": [[[-68.13579972159116, -34.76542288270495], [-68.13580810287276, -34.76634785079021], [-68.13532495118372, -34.76635081957053], [-68.13532474277459, -34.766328914942875], [-68.13521452398079, -34.76632957393408], [-68.13521420238392, -34.76629757263767], [-68.13507590944087, -34.76629839324063], [-68.13501520668387, -34.76627470644374], [-68.13499403429094, -34.76625202104187], [-68.13499255027408, -34.76611157523417], [-68.13473966913172, -34.766113113868236], [-68.13473968709802, -34.766080032860806], [-68.13443153261622, -34.76608189914714], [-68.13442576363546, -34.76543133087226], [-68.13579972159116, -34.76542288270495]]]}, "properties": {"fid": 63973, "tipo_culti": "VID", "globalid": "{CC471B32-A571-4088-8D67-E733946C7090}", "created_date": 1740061366000, "created_user": "ugdt_admin", "last_edited_date": 1740061366000, "last_edited_user": "ugdt_admin", "shape_Length": 552.5398187041737, "shape_Area": 16740.206081264078, "cultivo": "vid", "id": "V012"}}, {"type": "Feature", "id": 44236, "geometry": {"type": "Polygon", "coordinates": [[[-67.85292115041194, -34.843944566180305], [-67.8529395218578, -34.84396006185602], [-67.853286196099, -34.84475651339328], [-67.85207804109359, -34.84529646775606], [-67.85168710865501, -34.8444835512221], [-67.85286935355266, -34.843950657401166], [-67.85289994388305, -34.84394436638353], [-67.85292115041194, -34.843944566180305]]]}, "properties": {"fid": 44236, "tipo_culti": "VID", "globalid": "{B4234F39-492E-4465-B8F5-3D9C95D3B4E4}", "created_date": 1740061366000, "created_user": "ugdt_admin", "last_edited_date": 1740061366000, "last_edited_user": "ugdt_admin", "shape_Length": 545.3499230169333, "shape_Area": 18283.284983905818, "cultivo": "vid", "id": "V013"}}, {"type": "Feature", "id": 9524, "geometry": {"type": "Polygon", "coordinates": [[[-67.50591277366922, -34.92998971284861], [-67.50684491681199, -34.929998110259774], [-67.50685172873679, -34.93078168318648], [-67.50349624536781, -34.93079365759335], [-67.503493000653, -34.93043607729227], [-67.50328210047881, -34.93043681377409], [-67.50329523474659, -34.92999092878674], [-67.50591277366922, -34.92998971284861]]]}, "properties": {"fid": 9524, "tipo_culti": "VID", "globalid": "{80B81179-4FB6-4059-A733-2DB1726294B9}", "created_date": 1740061366000, "created_user": "ugdt_admin", "last_edited_date": 1740061366000, "last_edited_user": "ugdt_admin", "shape_Length": 1007.6775606180121, "shape_Area": 41756.805822845534, "cultivo": "vid", "id": "V014"}}, {"type": "Feature", "id": 47114, "geometry": {"type": "Polygon", "coordinates": [[[-68.36633240294934, -34.58586854285351], [-68.36482730353856, -34.58466443808099], [-68.36566333503077, -34.584212574333925], [-68.36607068418121, -34.58462285634711], [-68.36681490785138, -34.58411732422091], [-68.36750169863217, -34.58484689411094], [-68.36748218003768, -34.5848623873795], [-68.36671529905941, -34.58555268799371], [-68.36633240294934, -34.58586854285351]]]}, "properties": {"fid": 47114, "tipo_culti": "VID", "globalid": "{45816C0E-42D4-4E16-A00C-4D0FF6BFEDD7}", "created_date": 1740061366000, "created_user": "ugdt_admin", "last_edited_date": 1740061366000, "last_edited_user": "ugdt_admin", "shape_Length": 838.661685140682, "shape_Area": 35531.61009486574, "cultivo": "vid", "id": "V015"}}, {"type": "Feature", "id": 37016, "geometry": {"type": "Polygon", "coordinates": [[[-68.09717471918269, -34.56378130458959], [-68.09801664901305, -34.565428991847064], [-68.09298691256699, -34.567125309516044], [-68.09217527752128, -34.56546510390403], [-68.09717471918269, -34.56378130458959]]]}, "properties": {"fid": 37016, "tipo_culti": "VID", "globalid": "{E96E44F8-6CC7-4E88-8EA5-6EFCB72D099B}", "created_date": 1740061366000, "created_user": "ugdt_admin", "last_edited_date": 1740061366000, "last_edited_user": "ugdt_admin", "shape_Length": 1689.9164359212366, "shape_Area": 145836.56343580643, "cultivo": "vid", "id": "V016"}}, {"type": "Feature", "id": 4123, "geometry": {"type": "Polygon", "coordinates": [[[-67.5643065064619, -34.97479006630405], [-67.56430767696673, -34.9756640606177], [-67.56336410994848, -34.975664885758405], [-67.5633639707096, -34.97556628322296], [-67.56375493548757, -34.97479183437647], [-67.56423961521091, -34.97478314638335], [-67.5643065064619, -34.97479006630405]]]}, "properties": {"fid": 4123, "tipo_culti": "VID", "globalid": "{1A6279E4-B6FD-4ECB-AF41-D16BE9153D1E}", "created_date": 1740061366000, "created_user": "ugdt_admin", "last_edited_date": 1740061366000, "last_edited_user": "ugdt_admin", "shape_Length": 412.5011871730984, "shape_Area": 10194.04881388002, "cultivo": "vid", "id": "V017"}}, {"type": "Feature", "id": 3930, "geometry": {"type": "Polygon", "coordinates": [[[-67.68570036214433, -35.035050732729935], [-67.68524222224775, -35.035049824336234], [-67.68524463242767, -35.034242649649535], [-67.68570287742713, -35.03424355878777], [-67.68570036214433, -35.035050732729935]]]}, "properties": {"fid": 3930, "tipo_culti": "VID", "globalid": "{43573F52-6F53-4BB5-85EB-1F895392DA6E}", "created_date": 1740061366000, "created_user": "ugdt_admin", "last_edited_date": 1740061366000, "last_edited_user": "ugdt_admin", "shape_Length": 321.48898446503733, "shape_Area": 5597.315616046056, "cultivo": "vid", "id": "V018"}}, {"type": "Feature", "id": 10000, "geometry": {"type": "Polygon", "coordinates": [[[-67.52684185341435, -34.94071443518974], [-67.52905040286286, -34.94070046366954], [-67.52904926559572, -34.941517919150606], [-67.52684076106297, -34.94151593828208], [-67.52479468451, -34.94151399717817], [-67.52478031685536, -34.940727358089006], [-67.52684185341435, -34.94071443518974]]]}, "properties": {"fid": 10000, "tipo_culti": "VID", "globalid": "{896BC626-6C81-4BC4-96F6-ABCBAB73F84E}", "created_date": 1740061366000, "created_user": "ugdt_admin", "last_edited_date": 1740061366000, "last_edited_user": "ugdt_admin", "shape_Length": 1166.8213750508066, "shape_Area": 51679.819929370344, "cultivo": "vid", "id": "V019"}}, {"type": "Feature", "id": 19932, "geometry": {"type": "Polygon", "coordinates": [[[-67.53330295106107, -35.005973310257744], [-67.53448556786127, -35.005971283856056], [-67.53448861135344, -35.00717624305959], [-67.53330597658696, -35.00717826869566], [-67.53105441580264, -35.00718204110239], [-67.5310514217178, -35.00597717322385], [-67.53330295106107, -35.005973310257744]]]}, "properties": {"fid": 19932, "tipo_culti": "VID", "globalid": "{41CDEC20-FDD0-49BD-8A43-25828E37BEEB}", "created_date": 1740061366000, "created_user": "ugdt_admin", "last_edited_date": 1740061366000, "last_edited_user": "ugdt_admin", "shape_Length": 1092.0948397865811, "shape_Area": 62603.40799752629, "cultivo": "vid", "id": "V020"}}, {"type": "Feature", "id": 20512, "geometry": {"type": "Polygon", "coordinates": [[[-67.53911470419965, -35.01125533759327], [-67.54009863521854, -35.01125591221839], [-67.54009790848147, -35.01210427960126], [-67.53911396668279, -35.012103704246385], [-67.53911470419965, -35.01125533759327]]]}, "properties": {"fid": 20512, "tipo_culti": "VID", "globalid": "{87CFF349-698E-4E7F-8C9F-D171780DA868}", "created_date": 1740061366000, "created_user": "ugdt_admin", "last_edited_date": 1740061366000, "last_edited_user": "ugdt_admin", "shape_Length": 449.67501336899625, "shape_Area": 12629.638876769675, "cultivo": "vid", "id": "V021"}}, {"type": "Feature", "id": 43199, "geometry": {"type": "Polygon", "coordinates": [[[-67.8667062538926, -34.864690408723874], [-67.86674043478916, -34.864821421616476], [-67.86672259155269, -34.865324925390965], [-67.86335814748874, -34.86669762985249], [-67.86333931520713, -34.86592842903417], [-67.86334540039486, -34.86589946255254], [-67.8633624351476, -34.865869517243716], [-67.86338694118854, -34.86585289135708], [-67.86605216987299, -34.864763989071385], [-67.86614098361018, -34.86492210094815], [-67.8667062538926, -34.864690408723874]]]}, "properties": {"fid": 43199, "tipo_culti": "VID", "globalid": "{53EA0315-C02F-4AA7-92E6-B4C2158E9817}", "created_date": 1740061366000, "created_user": "ugdt_admin", "last_edited_date": 1740061366000, "last_edited_user": "ugdt_admin", "shape_Length": 1046.5890717486516, "shape_Area": 40724.45324390937, "cultivo": "vid", "id": "V022"}}, {"type": "Feature", "id": 48641, "geometry": {"type": "Polygon", "coordinates": [[[-68.28106186647493, -34.605847920421176], [-68.28293585276893, -34.605221646576226], [-68.28343445188757, -34.60619242750757], [-68.2815522558902, -34.6068330822723], [-68.28106186647493, -34.605847920421176]]]}, "properties": {"fid": 48641, "tipo_culti": "VID", "globalid": "{478A23A6-21DF-407A-A01D-DD83A188CE68}", "created_date": 1740061366000, "created_user": "ugdt_admin", "last_edited_date": 1740061366000, "last_edited_user": "ugdt_admin", "shape_Length": 738.4223328283789, "shape_Area": 32369.30027637281, "cultivo": "vid", "id": "V023"}}, {"type": "Feature", "id": 3652, "geometry": {"type": "Polygon", "coordinates": [[[-67.62148321877565, -34.95529302554348], [-67.6214857313635, -34.954796528038905], [-67.62222103835617, -34.95480406074614], [-67.62221353832186, -34.95529797835507], [-67.62148321877565, -34.95529302554348]]]}, "properties": {"fid": 3652, "tipo_culti": "VID", "globalid": "{D92251BD-B6FA-4529-A7EB-5B3CC5997CC5}", "created_date": 1740061366000, "created_user": "ugdt_admin", "last_edited_date": 1740061366000, "last_edited_user": "ugdt_admin", "shape_Length": 297.68735192889665, "shape_Area": 5487.284883529367, "cultivo": "vid", "id": "V024"}}, {"type": "Feature", "id": 44693, "geometry": {"type": "Polygon", "coordinates": [[[-67.86178505639074, -34.856385443156796], [-67.86240831112812, -34.85638631814907], [-67.86240608420454, -34.85741373769859], [-67.86178282228065, -34.857412862717226], [-67.86178505639074, -34.856385443156796]]]}, "properties": {"fid": 44693, "tipo_culti": "VID", "globalid": "{632322EB-7BD7-4418-A7B5-89EE90A96FD0}", "created_date": 1740061366000, "created_user": "ugdt_admin", "last_edited_date": 1740061366000, "last_edited_user": "ugdt_admin", "shape_Length": 417.520045419065, "shape_Area": 9670.249058311874, "cultivo": "vid", "id": "V025"}}, {"type": "Feature", "id": 18449, "geometry": {"type": "Polygon", "coordinates": [[[-67.49120941410176, -35.030116937271394], [-67.49122146050972, -35.02928268963991], [-67.49177860822536, -35.02928330827395], [-67.49176580723254, -35.0301171858994], [-67.49120941410176, -35.030116937271394]]]}, "properties": {"fid": 18449, "tipo_culti": "VID", "globalid": "{76766E0E-6C08-468D-81BA-AAA45209B836}", "created_date": 1740061366000, "created_user": "ugdt_admin", "last_edited_date": 1740061366000, "last_edited_user": "ugdt_admin", "shape_Length": 350.74965008677293, "shape_Area": 7027.736656809455, "cultivo": "vid", "id": "V026"}}, {"type": "Feature", "id": 62375, "geometry": {"type": "Polygon", "coordinates": [[[-68.31847932203746, -34.712114074145184], [-68.31857400357008, -34.71305404667246], [-68.31746299327784, -34.71311714606157], [-68.31735380754662, -34.71212372846234], [-68.31847932203746, -34.712114074145184]], [[-68.31804140770949, -34.71269510267646], [-68.31788425373875, -34.71270386785469], [-68.3178946301786, -34.712809480425854], [-68.31803201761983, -34.71280177638314], [-68.31802595938154, -34.71272854843539], [-68.31804408918063, -34.71272747844899], [-68.31804140770949, -34.71269510267646]]]}, "properties": {"fid": 62375, "tipo_culti": "VID", "globalid": "{8D7B8415-9788-4C0E-8AD9-9119532B04E0}", "created_date": 1740061366000, "created_user": "ugdt_admin", "last_edited_date": 1740061366000, "last_edited_user": "ugdt_admin", "shape_Length": 575.6481106742182, "shape_Area": 16122.277999869837, "cultivo": "vid", "id": "V027"}}, {"type": "Feature", "id": 54907, "geometry": {"type": "Polygon", "coordinates": [[[-68.1347061664632, -34.66149877765071], [-68.1352628605296, -34.661645779294496], [-68.13527133793093, -34.66168027273616], [-68.13510186266775, -34.661916679107314], [-68.13526748864994, -34.661987802602404], [-68.13526077823478, -34.662035167987796], [-68.13528815798632, -34.6620879138907], [-68.13530962592498, -34.66211114214539], [-68.13412319218315, -34.663783826102375], [-68.13409361066086, -34.6638169680045], [-68.13405026964334, -34.66384081716176], [-68.13399441958549, -34.663850696553816], [-68.13394296678095, -34.66384690616571], [-68.13300706059546, -34.66359408245415], [-68.1330133865317, -34.66355230233743], [-68.13312366102102, -34.663386598814725], [-68.1334249487808, -34.66297031256324], [-68.1337482731128, -34.6625223625264], [-68.13376646579393, -34.66251437893944], [-68.13398019296632, -34.66256538373951], [-68.13425267534821, -34.66215934683041], [-68.13436735068412, -34.66200016338642], [-68.13447688675829, -34.66184202515888], [-68.13459224032225, -34.661680501790975], [-68.13464053195527, -34.66161053586812], [-68.13468222456424, -34.661545660822036], [-68.1347061664632, -34.66149877765071]]]}, "properties": {"fid": 54907, "tipo_culti": "VID", "globalid": "{8D598A22-6BF2-4736-A462-2AB56B3D49F7}", "created_date": 1740061366000, "created_user": "ugdt_admin", "last_edited_date": 1740061366000, "last_edited_user": "ugdt_admin", "shape_Length": 901.0906909162592, "shape_Area": 35515.73425282722, "cultivo": "vid", "id": "V028"}}, {"type": "Feature", "id": 60834, "geometry": {"type": "Polygon", "coordinates": [[[-68.43570666746464, -34.67493705914394], [-68.4354673895106, -34.67347322359001], [-68.43595986750891, -34.67341510808193], [-68.4361991544461, -34.67487894318545], [-68.43570666746464, -34.67493705914394]]]}, "properties": {"fid": 60834, "tipo_culti": "VID", "globalid": "{36C8B8CC-4E59-451A-AD43-18F6CF6EFA9D}", "created_date": 1740061366000, "created_user": "ugdt_admin", "last_edited_date": 1740061366000, "last_edited_user": "ugdt_admin", "shape_Length": 510.6208069404221, "shape_Area": 11072.345155647883, "cultivo": "vid", "id": "V029"}}, {"type": "Feature", "id": 44229, "geometry": {"type": "Polygon", "coordinates": [[[-67.85619730355819, -34.84349284140074], [-67.8565945610347, -34.84437313429682], [-67.85464357295119, -34.84526567374952], [-67.8542343391353, -34.84436723626769], [-67.85619730355819, -34.84349284140074]]]}, "properties": {"fid": 44229, "tipo_culti": "VID", "globalid": "{5389987A-0E60-4BF3-A6BC-32E2B5F8A4DF}", "created_date": 1740061366000, "created_user": "ugdt_admin", "last_edited_date": 1740061366000, "last_edited_user": "ugdt_admin", "shape_Length": 754.7004717966105, "shape_Area": 31658.836125897822, "cultivo": "vid", "id": "V030"}}, {"type": "Feature", "id": 36847, "geometry": {"type": "Polygon", "coordinates": [[[-68.06038068544419, -34.71220163862765], [-68.05901875952341, -34.71242079938798], [-68.0591536756993, -34.71130286453295], [-68.06048128687453, -34.71108560009242], [-68.06038068544419, -34.71220163862765]]]}, "properties": {"fid": 36847, "tipo_culti": "VID", "globalid": "{EFF65AB1-7737-46C3-AECF-3D1AFD6CA063}", "created_date": 1740061366000, "created_user": "ugdt_admin", "last_edited_date": 1740061366000, "last_edited_user": "ugdt_admin", "shape_Length": 608.8594895974285, "shape_Area": 22256.55417172637, "cultivo": "vid", "id": "V031"}}, {"type": "Feature", "id": 20039, "geometry": {"type": "Polygon", "coordinates": [[[-67.53350938750664, -35.03482123243978], [-67.53351758732856, -35.03407408303749], [-67.53749665691325, -35.03410355064619], [-67.53748849302397, -35.03485070125018], [-67.53350938750664, -35.03482123243978]]]}, "properties": {"fid": 20039, "tipo_culti": "VID", "globalid": "{6FC51194-719D-48A5-9270-C4527D9D3502}", "created_date": 1740061366000, "created_user": "ugdt_admin", "last_edited_date": 1740061366000, "last_edited_user": "ugdt_admin", "shape_Length": 1089.0994012025317, "shape_Area": 44997.40256332056, "cultivo": "vid", "id": "V032"}}, {"type": "Feature", "id": 38836, "geometry": {"type": "Polygon", "coordinates": [[[-67.99729172725769, -34.75689075320624], [-67.99729344663315, -34.758600397602955], [-67.99729412126791, -34.75864393936241], [-67.99556699964143, -34.75865827689018], [-67.99557301026898, -34.757891441124855], [-67.99574507807009, -34.75776089946048], [-67.99589968172374, -34.75761146550059], [-67.99598732585444, -34.75749879555373], [-67.99605501301279, -34.75737469407486], [-67.99619592903646, -34.7571017494297], [-67.99628145853296, -34.75706450672283], [-67.99729172725769, -34.75689075320624]]]}, "properties": {"fid": 38836, "tipo_culti": "VID", "globalid": "{A54D02A8-0E0C-4C35-91A2-BB944BB28E43}", "created_date": 1740061366000, "created_user": "ugdt_admin", "last_edited_date": 1740061366000, "last_edited_user": "ugdt_admin", "shape_Length": 788.7665461937414, "shape_Area": 37664.505577773896, "cultivo": "vid", "id": "V033"}}, {"type": "Feature", "id": 47013, "geometry": {"type": "Polygon", "coordinates": [[[-68.22353635989593, -34.53301338400015], [-68.22302318920504, -34.53160939926832], [-68.22589309004381, -34.53089044013438], [-68.22643159412404, -34.53230430909838], [-68.22353635989593, -34.53301338400015]]]}, "properties": {"fid": 47013, "tipo_culti": "VID", "globalid": "{912DA6BA-D5C7-4EC9-81AA-B6EAADB5C17A}", "created_date": 1740061366000, "created_user": "ugdt_admin", "last_edited_date": 1740061366000, "last_edited_user": "ugdt_admin", "shape_Length": 1068.5256243342308, "shape_Area": 66739.58698031714, "cultivo": "vid", "id": "V034"}}, {"type": "Feature", "id": 24830, "geometry": {"type": "Polygon", "coordinates": [[[-67.53888806464334, -35.00119620033552], [-67.53777046251354, -35.001210860594945], [-67.53777680372114, -35.00041131963351], [-67.53889428368007, -35.000396747533244], [-67.53888806464334, -35.00119620033552]]]}, "properties": {"fid": 24830, "tipo_culti": "VID", "globalid": "{0A1044A4-7D6D-4D45-AB03-94D4A23A9DB8}", "created_date": 1740061366000, "created_user": "ugdt_admin", "last_edited_date": 1740061366000, "last_edited_user": "ugdt_admin", "shape_Length": 466.14341124969866, "shape_Area": 13515.054640765027, "cultivo": "vid", "id": "V035"}}, {"type": "Feature", "id": 68427, "geometry": {"type": "Polygon", "coordinates": [[[-68.24983581814118, -34.678808272057374], [-68.24983266325789, -34.679351708605566], [-68.2483447827545, -34.67972329574849], [-68.2483281800914, -34.678892008952154], [-68.24983581814118, -34.678808272057374]]]}, "properties": {"fid": 68427, "tipo_culti": "VID", "globalid": "{EAB275C7-5ADA-4787-A0BC-3C893D7E4E89}", "created_date": 1740061366000, "created_user": "ugdt_admin", "last_edited_date": 1740061366000, "last_edited_user": "ugdt_admin", "shape_Length": 527.4204107320131, "shape_Area": 15536.675010451834, "cultivo": "vid", "id": "V036"}}, {"type": "Feature", "id": 799, "geometry": {"type": "Polygon", "coordinates": [[[-67.63148233925372, -35.03136299183472], [-67.63260761119945, -35.0313598170945], [-67.63261044718078, -35.032044649696694], [-67.63148045548658, -35.03204777144939], [-67.63148233925372, -35.03136299183472]]]}, "properties": {"fid": 799, "tipo_culti": "VID", "globalid": "{F3052594-C6FB-4A2E-86E1-45458C2D0361}", "created_date": 1740061366000, "created_user": "ugdt_admin", "last_edited_date": 1740061366000, "last_edited_user": "ugdt_admin", "shape_Length": 437.25403090298335, "shape_Area": 11686.435332940822, "cultivo": "vid", "id": "V037"}}, {"type": "Feature", "id": 64963, "geometry": {"type": "Polygon", "coordinates": [[[-67.72102612919534, -34.88779833410859], [-67.72071160655649, -34.888280836660904], [-67.71981011662615, -34.88788188417327], [-67.71989359437055, -34.88775387464593], [-67.72005719644844, -34.88775622819208], [-67.72014150962603, -34.88764481121429], [-67.72007640242919, -34.8875193832993], [-67.72014689772111, -34.887403224255266], [-67.72102612919534, -34.88779833410859]]]}, "properties": {"fid": 64963, "tipo_culti": "VID", "globalid": "{CF9A204D-D034-45B0-BBEE-F3220271B506}", "created_date": 1740061366000, "created_user": "ugdt_admin", "last_edited_date": 1740061366000, "last_edited_user": "ugdt_admin", "shape_Length": 391.70429732525315, "shape_Area": 7978.0810167927875, "cultivo": "vid", "id": "V038"}}, {"type": "Feature", "id": 67950, "geometry": {"type": "Polygon", "coordinates": [[[-68.23110610257078, -34.70580739767772], [-68.23275917876336, -34.70609202335985], [-68.23244409916903, -34.70744673336153], [-68.23237683960875, -34.70748452866133], [-68.23081560627251, -34.70721571124693], [-68.23077977247584, -34.70716013985864], [-68.23110610257078, -34.70580739767772]]]}, "properties": {"fid": 67950, "tipo_culti": "VID", "globalid": "{88189C72-9AA7-46A4-8560-AE962EF47450}", "created_date": 1740061366000, "created_user": "ugdt_admin", "last_edited_date": 1740061366000, "last_edited_user": "ugdt_admin", "shape_Length": 756.6783619649048, "shape_Area": 36429.06938095154, "cultivo": "vid", "id": "V039"}}, {"type": "Feature", "id": 15617, "geometry": {"type": "Polygon", "coordinates": [[[-67.48122552186437, -34.971610529715555], [-67.48018439780628, -34.97160263933049], [-67.48019407715347, -34.9707705200178], [-67.48122795989205, -34.97077868063884], [-67.48122552186437, -34.971610529715555]]]}, "properties": {"fid": 15617, "tipo_culti": "VID", "globalid": "{84756D3D-AF32-4B0C-ABC8-17A3BA1644E6}", "created_date": 1740061366000, "created_user": "ugdt_admin", "last_edited_date": 1740061366000, "last_edited_user": "ugdt_admin", "shape_Length": 457.05155690312966, "shape_Area": 13054.316761092028, "cultivo": "vid", "id": "V040"}}, {"type": "Feature", "id": 58879, "geometry": {"type": "Polygon", "coordinates": [[[-67.97264129919297, -34.66929869408785], [-67.97451208389128, -34.66932120662257], [-67.9744907075808, -34.670533384285584], [-67.9730126025443, -34.67051553174012], [-67.97301945938487, -34.67012799594418], [-67.97259948171819, -34.670123014879735], [-67.97260683892036, -34.669703934291796], [-67.97263410997577, -34.66970425493744], [-67.97264129919297, -34.66929869408785]]]}, "properties": {"fid": 58879, "tipo_culti": "VID", "globalid": "{61B00242-E1D5-436F-BC43-A94C6683F816}", "created_date": 1740061366000, "created_user": "ugdt_admin", "last_edited_date": 1740061366000, "last_edited_user": "ugdt_admin", "shape_Length": 750.8058587345706, "shape_Area": 32053.9194533312, "cultivo": "vid", "id": "V041"}}, {"type": "Feature", "id": 37113, "geometry": {"type": "Polygon", "coordinates": [[[-68.04616112974267, -34.570400859886796], [-68.04663835883905, -34.571380266426694], [-68.04440591150903, -34.572126206375074], [-68.04392870487054, -34.57114679160914], [-68.04616112974267, -34.570400859886796]]]}, "properties": {"fid": 37113, "tipo_culti": "VID", "globalid": "{926957B8-D2BE-4C59-B3E8-50DE4A44B3D7}", "created_date": 1740061366000, "created_user": "ugdt_admin", "last_edited_date": 1740061366000, "last_edited_user": "ugdt_admin", "shape_Length": 821.7248728510756, "shape_Area": 38262.392272553494, "cultivo": "vid", "id": "V042"}}, {"type": "Feature", "id": 30512, "geometry": {"type": "Polygon", "coordinates": [[[-68.39705940929501, -34.500759269966196], [-68.39746173506634, -34.501561282652936], [-68.3974820333985, -34.50160041475802], [-68.39564727383804, -34.50222560574157], [-68.39522837594633, -34.50138330126538], [-68.39705940929501, -34.500759269966196]]]}, "properties": {"fid": 30512, "tipo_culti": "VID", "globalid": "{ADF635B6-ECF9-4C1D-A7A7-135624ADF844}", "created_date": 1740061366000, "created_user": "ugdt_admin", "last_edited_date": 1740061366000, "last_edited_user": "ugdt_admin", "shape_Length": 687.5244182727079, "shape_Area": 27146.577301113844, "cultivo": "vid", "id": "V043"}}, {"type": "Feature", "id": 24822, "geometry": {"type": "Polygon", "coordinates": [[[-67.540888649612, -35.00033412713496], [-67.54088593490322, -34.99943209050355], [-67.5418776579089, -34.99943003892052], [-67.5418816131911, -35.00076894198811], [-67.54158246970991, -35.00076958364918], [-67.54158303025865, -35.00096021196135], [-67.54130820327387, -35.00096078445121], [-67.54130728339902, -35.00064235069082], [-67.541098398146, -35.00064281427698], [-67.54109741359245, -35.00033429343792], [-67.54097133773728, -35.0003345804209], [-67.54097134851708, -35.00033394905835], [-67.540888649612, -35.00033412713496]]]}, "properties": {"fid": 24822, "tipo_culti": "VID", "globalid": "{69764D95-C7BE-4532-89EB-D16431CAF60D}", "created_date": 1740061366000, "created_user": "ugdt_admin", "last_edited_date": 1740061366000, "last_edited_user": "ugdt_admin", "shape_Length": 636.515689656692, "shape_Area": 19096.708736152726, "cultivo": "vid", "id": "V044"}}, {"type": "Feature", "id": 15296, "geometry": {"type": "Polygon", "coordinates": [[[-67.50007183606371, -34.972531687748436], [-67.50006455432002, -34.97334536394272], [-67.4988612340475, -34.97334392045762], [-67.4988644679825, -34.97253064542552], [-67.50007183606371, -34.972531687748436]], [[-67.49989114713084, -34.97295332761889], [-67.49989142291362, -34.97289015108056], [-67.49983558363557, -34.972890001652154], [-67.49983559531367, -34.972877384152255], [-67.49981533830402, -34.97287740402695], [-67.49981534638886, -34.97288894093131], [-67.49979147905006, -34.972888826099606], [-67.49979119608075, -34.97295236259186], [-67.49980444353625, -34.972952436201865], [-67.49980431597548, -34.97297145186977], [-67.49985303790154, -34.97297160277023], [-67.49985315468253, -34.97295321867609], [-67.49989114713084, -34.97295332761889]], [[-67.49993738970672, -34.97280122199309], [-67.49976976227808, -34.97280077297129], [-67.49976968232802, -34.97282321375296], [-67.49980143328172, -34.972823335945755], [-67.49980135333166, -34.97283369951267], [-67.49982379953568, -34.972833706137585], [-67.49982386780763, -34.9728239734093], [-67.49984050819995, -34.97282408897719], [-67.4998489038546, -34.97283203371607], [-67.49993726214595, -34.97283222436623], [-67.49993738970672, -34.97280122199309]]]}, "properties": {"fid": 15296, "tipo_culti": "VID", "globalid": "{108D83AA-C8CA-4C58-9F55-4BB5E063AA79}", "created_date": 1740061366000, "created_user": "ugdt_admin", "last_edited_date": 1740061366000, "last_edited_user": "ugdt_admin", "shape_Length": 585.0159816506614, "shape_Area": 14642.593626176966, "cultivo": "vid", "id": "V045"}}, {"type": "Feature", "id": 19791, "geometry": {"type": "Polygon", "coordinates": [[[-67.54886793332658, -35.02036273101347], [-67.54969552694332, -35.02036947125505], [-67.550994481861, -35.02038012307202], [-67.55098308493498, -35.021553725722924], [-67.54968125989996, -35.02155565683808], [-67.5484110986821, -35.02155759310282], [-67.54841951320137, -35.02085848011062], [-67.54880247578676, -35.020861618475244], [-67.54886195683498, -35.020862149628364], [-67.54886793332658, -35.02036273101347]]]}, "properties": {"fid": 19791, "tipo_culti": "VID", "globalid": "{764E91C6-833A-44F2-8FEC-8903F67D1A86}", "created_date": 1740061366000, "created_user": "ugdt_admin", "last_edited_date": 1740061366000, "last_edited_user": "ugdt_admin", "shape_Length": 894.765036307702, "shape_Area": 42790.11644249163, "cultivo": "vid", "id": "V046"}}, {"type": "Feature", "id": 65125, "geometry": {"type": "Polygon", "coordinates": [[[-68.42026029964757, -34.69595982284456], [-68.4205975137305, -34.69657420663409], [-68.41907758313441, -34.69714333368759], [-68.41874134731681, -34.696530843399486], [-68.42026029964757, -34.69595982284456]]]}, "properties": {"fid": 65125, "tipo_culti": "VID", "globalid": "{BAEABCA8-83BF-4E7A-BC18-BB0CEAB3C6F8}", "created_date": 1740061366000, "created_user": "ugdt_admin", "last_edited_date": 1740061366000, "last_edited_user": "ugdt_admin", "shape_Length": 554.091753408441, "shape_Area": 16941.74258757021, "cultivo": "vid", "id": "V047"}}, {"type": "Feature", "id": 30174, "geometry": {"type": "Polygon", "coordinates": [[[-68.400758024848, -34.51515946880168], [-68.401056181979, -34.51575551987573], [-68.40113718666143, -34.51572779179308], [-68.40130467934279, -34.515743126213714], [-68.40152328077392, -34.51618031256375], [-68.40106159343027, -34.51633859577188], [-68.40051370195533, -34.51524318578587], [-68.400758024848, -34.51515946880168]]]}, "properties": {"fid": 30174, "tipo_culti": "VID", "globalid": "{33198409-86B4-4E15-A609-4F448BB7FC89}", "created_date": 1740061366000, "created_user": "ugdt_admin", "last_edited_date": 1740061366000, "last_edited_user": "ugdt_admin", "shape_Length": 424.69325073612015, "shape_Area": 6552.795761025964, "cultivo": "vid", "id": "V048"}}, {"type": "Feature", "id": 10816, "geometry": {"type": "Polygon", "coordinates": [[[-67.61810447263407, -35.01250652451482], [-67.61810595754925, -35.01340152388246], [-67.6180426667459, -35.01348444278877], [-67.61617005307767, -35.01347572137949], [-67.61615898583337, -35.012441994562764], [-67.61799548183728, -35.01242777261271], [-67.61810447263407, -35.01250652451482]]]}, "properties": {"fid": 10816, "tipo_culti": "VID", "globalid": "{6F76F453-2E7D-48E0-89DB-230C1D85EB02}", "created_date": 1740061366000, "created_user": "ugdt_admin", "last_edited_date": 1740061366000, "last_edited_user": "ugdt_admin", "shape_Length": 704.5325726505192, "shape_Area": 30601.999737532155, "cultivo": "vid", "id": "V049"}}, {"type": "Feature", "id": 9920, "geometry": {"type": "Polygon", "coordinates": [[[-67.61625600298574, -34.992110664051054], [-67.61625614581787, -34.99272679000481], [-67.61625586105193, -34.99275670965241], [-67.61323552564072, -34.99275865322221], [-67.61323554360703, -34.992725125348784], [-67.61323855475986, -34.99192985817999], [-67.61324457706553, -34.99192992735734], [-67.61611761212633, -34.991932341941556], [-67.61611767590672, -34.99211070894265], [-67.61625600298574, -34.992110664051054]]]}, "properties": {"fid": 9920, "tipo_culti": "VID", "globalid": "{83F47181-B302-4436-8C16-EA80308D199E}", "created_date": 1740061366000, "created_user": "ugdt_admin", "last_edited_date": 1740061366000, "last_edited_user": "ugdt_admin", "shape_Length": 896.7601855655312, "shape_Area": 37370.92449195758, "cultivo": "vid", "id": "V050"}}, {"type": "Feature", "id": 34565, "geometry": {"type": "Polygon", "coordinates": [[[-67.81354311545363, -34.87601680958126], [-67.8117348427193, -34.8760129390145], [-67.81173809731557, -34.874973642505786], [-67.81353781629176, -34.874977519017314], [-67.81354311545363, -34.87601680958126]]]}, "properties": {"fid": 34565, "tipo_culti": "VID", "globalid": "{7124FF80-24DD-49CC-A7DE-D1F1A7A0B3DB}", "created_date": 1740061366000, "created_user": "ugdt_admin", "last_edited_date": 1740061366000, "last_edited_user": "ugdt_admin", "shape_Length": 683.6860748306123, "shape_Area": 28319.88379673815, "cultivo": "vid", "id": "V051"}}, {"type": "Feature", "id": 10385, "geometry": {"type": "Polygon", "coordinates": [[[-67.61388721924337, -34.965324445502986], [-67.61389255972773, -34.96628132350867], [-67.61344921867713, -34.96628293128185], [-67.61344388178603, -34.965326143107525], [-67.61388721924337, -34.965324445502986]]]}, "properties": {"fid": 10385, "tipo_culti": "VID", "globalid": "{D9190B50-4B7F-4AA0-B38B-569637572F4A}", "created_date": 1740061366000, "created_user": "ugdt_admin", "last_edited_date": 1740061366000, "last_edited_user": "ugdt_admin", "shape_Length": 358.65933934656584, "shape_Area": 6414.723288958749, "cultivo": "vid", "id": "V052"}}, {"type": "Feature", "id": 32952, "geometry": {"type": "Polygon", "coordinates": [[[-68.13833199691861, -34.748051878588555], [-68.1361954582199, -34.74806711919418], [-68.13617657832758, -34.74626178169421], [-68.13831405396914, -34.746246548136796], [-68.13833199691861, -34.748051878588555]]]}, "properties": {"fid": 32952, "tipo_culti": "VID", "globalid": "{F4BF45BB-0F20-423D-BAAD-CEAEAE1230D0}", "created_date": 1740061366000, "created_user": "ugdt_admin", "last_edited_date": 1740061366000, "last_edited_user": "ugdt_admin", "shape_Length": 964.9847981580962, "shape_Area": 58188.52453440037, "cultivo": "vid", "id": "V053"}}, {"type": "Feature", "id": 30982, "geometry": {"type": "Polygon", "coordinates": [[[-68.0632963788029, -34.60793251769465], [-68.06379120769233, -34.608011583169514], [-68.0640326047721, -34.60832018083034], [-68.0642009589378, -34.60858990922454], [-68.0644064746102, -34.60879312784839], [-68.06470964164554, -34.60918395509872], [-68.0648040608701, -34.609504224978885], [-68.06479735584482, -34.60995631492091], [-68.06471021117743, -34.61032882610402], [-68.06291468463867, -34.60963169718744], [-68.0632963788029, -34.60793251769465]]]}, "properties": {"fid": 30982, "tipo_culti": "VID", "globalid": "{C145F949-8355-49FF-B644-B785FA4FF2B5}", "created_date": 1740061366000, "created_user": "ugdt_admin", "last_edited_date": 1740061366000, "last_edited_user": "ugdt_admin", "shape_Length": 856.9927217966174, "shape_Area": 41914.67562202995, "cultivo": "vid", "id": "V054"}}, {"type": "Feature", "id": 49169, "geometry": {"type": "Polygon", "coordinates": [[[-68.2022055814035, -34.59589736623574], [-68.20315522013476, -34.59591123356247], [-68.2036278345855, -34.59689730895346], [-68.20161440281, -34.59690380218311], [-68.2022055814035, -34.59589736623574]]]}, "properties": {"fid": 49169, "tipo_culti": "VID", "globalid": "{828983A9-5C77-41BF-B2D7-C92D8836813D}", "created_date": 1740061366000, "created_user": "ugdt_admin", "last_edited_date": 1740061366000, "last_edited_user": "ugdt_admin", "shape_Length": 624.3967183333191, "shape_Area": 22222.807528221827, "cultivo": "vid", "id": "V055"}}, {"type": "Feature", "id": 23588, "geometry": {"type": "Polygon", "coordinates": [[[-67.50920280758322, -34.98023654491075], [-67.50803263334804, -34.98023127195952], [-67.50803786423793, -34.97942982726589], [-67.50920802948997, -34.97943500973561], [-67.50920280758322, -34.98023654491075]]]}, "properties": {"fid": 23588, "tipo_culti": "VID", "globalid": "{2CEEB2C5-F405-4AAC-B25B-073771472559}", "created_date": 1740061366000, "created_user": "ugdt_admin", "last_edited_date": 1740061366000, "last_edited_user": "ugdt_admin", "shape_Length": 478.31728133290585, "shape_Area": 14185.037770191053, "cultivo": "vid", "id": "V056"}}, {"type": "Feature", "id": 68094, "geometry": {"type": "Polygon", "coordinates": [[[-68.24829159979473, -34.6770475112247], [-68.24828550831879, -34.67674361060389], [-68.24950453293911, -34.67669298169272], [-68.2498577181695, -34.67667009661388], [-68.24985751964181, -34.67698252194046], [-68.24829159979473, -34.6770475112247]]]}, "properties": {"fid": 68094, "tipo_culti": "VID", "globalid": "{853D44CD-A78E-4607-92C0-9AB0B989170E}", "created_date": 1740061366000, "created_user": "ugdt_admin", "last_edited_date": 1740061366000, "last_edited_user": "ugdt_admin", "shape_Length": 433.2853321825336, "shape_Area": 7213.699502922059, "cultivo": "vid", "id": "V057"}}, {"type": "Feature", "id": 4864, "geometry": {"type": "Polygon", "coordinates": [[[-67.4865825594842, -34.996687506204836], [-67.48837215624377, -34.99668439193273], [-67.48837188674919, -34.99715161016331], [-67.48658228010817, -34.99715472441763], [-67.4865825594842, -34.996687506204836]]]}, "properties": {"fid": 4864, "tipo_culti": "VID", "globalid": "{F0268247-CD24-4783-A735-70903ADBC357}", "created_date": 1740061366000, "created_user": "ugdt_admin", "last_edited_date": 1740061366000, "last_edited_user": "ugdt_admin", "shape_Length": 525.417413710345, "shape_Area": 12648.448772844082, "cultivo": "vid", "id": "V058"}}, {"type": "Feature", "id": 63326, "geometry": {"type": "Polygon", "coordinates": [[[-68.08216898848723, -34.758290070202925], [-68.0821742059024, -34.75860820586621], [-68.08234242262587, -34.75860631874633], [-68.08234330207654, -34.758655180155614], [-68.0824957901977, -34.75865344506906], [-68.08249787339085, -34.75878109597591], [-68.08269296231774, -34.758778870109026], [-68.08271376729971, -34.760008326967764], [-68.08089633085117, -34.76002896389827], [-68.08086760093175, -34.75830486093875], [-68.08216898848723, -34.758290070202925]]]}, "properties": {"fid": 63326, "tipo_culti": "VID", "globalid": "{C1B95266-21D6-45AB-9B3F-585BBD062E9E}", "created_date": 1740061366000, "created_user": "ugdt_admin", "last_edited_date": 1740061366000, "last_edited_user": "ugdt_admin", "shape_Length": 871.9132328186444, "shape_Area": 44160.140253047364, "cultivo": "vid", "id": "V059"}}, {"type": "Feature", "id": 39429, "geometry": {"type": "Polygon", "coordinates": [[[-68.1393668139051, -34.72292609904628], [-68.13945085309656, -34.72438216480917], [-68.13656169417472, -34.72464250288299], [-68.13652904760066, -34.723445949225784], [-68.13649844918545, -34.72341733873068], [-68.1330560322532, -34.72371892016952], [-68.133039400844, -34.72239439295268], [-68.13705106849373, -34.72202121797232], [-68.1371018951725, -34.72281380855058], [-68.13813896243879, -34.722746515397496], [-68.13815343609464, -34.72291932330101], [-68.13928288790136, -34.72289179429204], [-68.1393668139051, -34.72292609904628]]]}, "properties": {"fid": 39429, "tipo_culti": "VID", "globalid": "{FEF13545-2D81-403F-9985-44B63DFEBB7A}", "created_date": 1740061366000, "created_user": "ugdt_admin", "last_edited_date": 1740061366000, "last_edited_user": "ugdt_admin", "shape_Length": 2085.4303835089863, "shape_Area": 148821.41901202934, "cultivo": "vid", "id": "V060"}}, {"type": "Feature", "id": 44028, "geometry": {"type": "Polygon", "coordinates": [[[-67.7987087671447, -34.83538331301634], [-67.79743076722765, -34.83496868760504], [-67.79776787351274, -34.83419587722906], [-67.79906359090214, -34.834631765546874], [-67.7987087671447, -34.83538331301634]]]}, "properties": {"fid": 44028, "tipo_culti": "VID", "globalid": "{40A1E341-9D5A-40FD-9BFA-4B592BBDA5AF}", "created_date": 1740061366000, "created_user": "ugdt_admin", "last_edited_date": 1740061366000, "last_edited_user": "ugdt_admin", "shape_Length": 529.498329946014, "shape_Area": 17029.03168592964, "cultivo": "vid", "id": "V061"}}, {"type": "Feature", "id": 12941, "geometry": {"type": "Polygon", "coordinates": [[[-67.67649238883529, -35.16088472033874], [-67.67599371425814, -35.16182453125567], [-67.67509939108713, -35.16150480285092], [-67.67530770321501, -35.16111178106823], [-67.67490124519335, -35.16096646568203], [-67.67519538056683, -35.16041098085302], [-67.67649238883529, -35.16088472033874]]]}, "properties": {"fid": 12941, "tipo_culti": "VID", "globalid": "{2449C8A0-1984-4D1B-9BA0-AB6797AFF046}", "created_date": 1740061366000, "created_user": "ugdt_admin", "last_edited_date": 1740061366000, "last_edited_user": "ugdt_admin", "shape_Length": 596.414682434176, "shape_Area": 19269.31464805257, "cultivo": "vid", "id": "V062"}}, {"type": "Feature", "id": 34480, "geometry": {"type": "Polygon", "coordinates": [[[-68.39087328056684, -34.555643199879526], [-68.39129943145615, -34.5565070934438], [-68.38957200889404, -34.557092601349346], [-68.38914084810038, -34.55623047982868], [-68.39087328056684, -34.555643199879526]]]}, "properties": {"fid": 34480, "tipo_culti": "VID", "globalid": "{FB80CE19-554D-4D94-A86B-A033B90A90E2}", "created_date": 1740061366000, "created_user": "ugdt_admin", "last_edited_date": 1740061366000, "last_edited_user": "ugdt_admin", "shape_Length": 668.5630358035339, "shape_Area": 26246.06883586856, "cultivo": "vid", "id": "V063"}}, {"type": "Feature", "id": 8681, "geometry": {"type": "Polygon", "coordinates": [[[-67.60057460624596, -34.920814963667205], [-67.5951748267849, -34.920803209511085], [-67.5951811688908, -34.919801936758475], [-67.600576578048, -34.91980940344212], [-67.60057460624596, -34.920814963667205]]]}, "properties": {"fid": 8681, "tipo_culti": "VID", "globalid": "{BFCAE155-A090-4385-865B-3918FEC741E8}", "created_date": 1740061366000, "created_user": "ugdt_admin", "last_edited_date": 1740061366000, "last_edited_user": "ugdt_admin", "shape_Length": 1474.1753834906208, "shape_Area": 81854.06225706819, "cultivo": "vid", "id": "V064"}}, {"type": "Feature", "id": 44365, "geometry": {"type": "Polygon", "coordinates": [[[-67.80834255537313, -34.83135066234941], [-67.80551408303863, -34.83122530488724], [-67.8059270601343, -34.830347037807975], [-67.80843634398036, -34.83116860912027], [-67.80834255537313, -34.83135066234941]]]}, "properties": {"fid": 44365, "tipo_culti": "VID", "globalid": "{3DF5215A-967E-494F-AA20-D2E965508AE5}", "created_date": 1740061366000, "created_user": "ugdt_admin", "last_edited_date": 1740061366000, "last_edited_user": "ugdt_admin", "shape_Length": 770.5336816374481, "shape_Area": 23171.987414220486, "cultivo": "vid", "id": "V065"}}, {"type": "Feature", "id": 25881, "geometry": {"type": "Polygon", "coordinates": [[[-67.77365263025327, -34.97933541881789], [-67.77374218779552, -34.979836192693334], [-67.77380101846347, -34.9801650457534], [-67.77333756413366, -34.98022480810398], [-67.77320850497343, -34.97942115301356], [-67.77365263025327, -34.97933541881789]]]}, "properties": {"fid": 25881, "tipo_culti": "VID", "globalid": "{91DE412A-1C5E-434F-AEDE-30B7F7DA69B5}", "created_date": 1740061366000, "created_user": "ugdt_admin", "last_edited_date": 1740061366000, "last_edited_user": "ugdt_admin", "shape_Length": 327.0667280700251, "shape_Area": 5757.3142076689555, "cultivo": "vid", "id": "V066"}}, {"type": "Feature", "id": 52643, "geometry": {"type": "Polygon", "coordinates": [[[-68.04273751904087, -34.5727353702055], [-68.04315737004511, -34.57259506932329], [-68.04363949316314, -34.57358281791556], [-68.0432221511535, -34.57372250912225], [-68.04273751904087, -34.5727353702055]]]}, "properties": {"fid": 52643, "tipo_culti": "VID", "globalid": "{6125ECD3-8806-465E-A5B8-1A927C3A8A9D}", "created_date": 1740061366000, "created_user": "ugdt_admin", "last_edited_date": 1740061366000, "last_edited_user": "ugdt_admin", "shape_Length": 388.4574845392451, "shape_Area": 7239.119955912554, "cultivo": "vid", "id": "V067"}}, {"type": "Feature", "id": 52307, "geometry": {"type": "Polygon", "coordinates": [[[-67.757600485321, -34.883286267176366], [-67.75866703798984, -34.88374467230622], [-67.7581882170788, -34.88444696298828], [-67.75714282332815, -34.88398489423157], [-67.757600485321, -34.883286267176366]]]}, "properties": {"fid": 52307, "tipo_culti": "VID", "globalid": "{EBE3F206-AD8E-4D81-8A89-C0F751C2BB61}", "created_date": 1740061366000, "created_user": "ugdt_admin", "last_edited_date": 1740061366000, "last_edited_user": "ugdt_admin", "shape_Length": 483.05312647113624, "shape_Area": 14429.209347312208, "cultivo": "vid", "id": "V068"}}, {"type": "Feature", "id": 33159, "geometry": {"type": "Polygon", "coordinates": [[[-68.2551712494818, -34.75096713870023], [-68.2551764570155, -34.75188325677471], [-68.25394912657205, -34.751981927835324], [-68.25394400797155, -34.751069506464304], [-68.2551712494818, -34.75096713870023]]]}, "properties": {"fid": 33159, "tipo_culti": "VID", "globalid": "{949CF1E7-50D5-47E2-9FD8-5E2BE066782D}", "created_date": 1740061366000, "created_user": "ugdt_admin", "last_edited_date": 1740061366000, "last_edited_user": "ugdt_admin", "shape_Length": 522.3401598555208, "shape_Area": 16931.12732205915, "cultivo": "vid", "id": "V069"}}, {"type": "Feature", "id": 45828, "geometry": {"type": "Polygon", "coordinates": [[[-68.28028798312903, -34.67297751983977], [-68.28035108079457, -34.67378095569607], [-68.27979185797066, -34.67381082450536], [-68.2797626735037, -34.673463880961904], [-68.27956006747452, -34.673475574391894], [-68.27958914863521, -34.67382161583828], [-68.2790761001152, -34.67384896022888], [-68.2790034659346, -34.67306457681915], [-68.28028798312903, -34.67297751983977]]]}, "properties": {"fid": 45828, "tipo_culti": "VID", "globalid": "{A58438B7-3BE5-4EA1-BDB0-E66DE7C1FDF8}", "created_date": 1740061366000, "created_user": "ugdt_admin", "last_edited_date": 1740061366000, "last_edited_user": "ugdt_admin", "shape_Length": 595.1849650018638, "shape_Area": 14325.771378911351, "cultivo": "vid", "id": "V070"}}, {"type": "Feature", "id": 17994, "geometry": {"type": "Polygon", "coordinates": [[[-67.5394136518481, -35.02834846085963], [-67.53941974512067, -35.027537924459374], [-67.54068371604792, -35.02754421097426], [-67.54067774494624, -35.02835474951901], [-67.5394136518481, -35.02834846085963]]]}, "properties": {"fid": 17994, "tipo_culti": "VID", "globalid": "{EC78922C-F3D2-4D7D-BC55-AE873A6631CF}", "created_date": 1740061366000, "created_user": "ugdt_admin", "last_edited_date": 1740061366000, "last_edited_user": "ugdt_admin", "shape_Length": 501.8049847670891, "shape_Area": 15505.063604953282, "cultivo": "vid", "id": "V071"}}, {"type": "Feature", "id": 61169, "geometry": {"type": "Polygon", "coordinates": [[[-68.30759743701114, -34.684650371353534], [-68.30758465218801, -34.684534557826886], [-68.30790692908441, -34.68439910401632], [-68.3084235789504, -34.68436543923507], [-68.30890129313703, -34.684014076760455], [-68.30920968567237, -34.68399941898883], [-68.30966636401, -34.684222850925046], [-68.31010197505756, -34.684223785362], [-68.31016122523877, -34.68465832843062], [-68.30920849360798, -34.6846553663179], [-68.30759743701114, -34.684650371353534]]]}, "properties": {"fid": 61169, "tipo_culti": "VID", "globalid": "{37C35DC0-A534-4F83-9086-2AA8E59BAAE6}", "created_date": 1740061366000, "created_user": "ugdt_admin", "last_edited_date": 1740061366000, "last_edited_user": "ugdt_admin", "shape_Length": 671.7060880199327, "shape_Area": 16129.950702651304, "cultivo": "vid", "id": "V072"}}, {"type": "Feature", "id": 7896, "geometry": {"type": "Polygon", "coordinates": [[[-67.62093394928507, -34.91144435911865], [-67.62093842109856, -34.912066671774696], [-67.62093946224597, -34.91221377630685], [-67.61922729756894, -34.912189555402996], [-67.61924698504671, -34.91141249300772], [-67.62093394928507, -34.91144435911865]]]}, "properties": {"fid": 7896, "tipo_culti": "VID", "globalid": "{9B87F993-5EF1-4031-A984-45415B27D818}", "created_date": 1740061366000, "created_user": "ugdt_admin", "last_edited_date": 1740061366000, "last_edited_user": "ugdt_admin", "shape_Length": 588.4264415962896, "shape_Area": 19862.310981266044, "cultivo": "vid", "id": "V073"}}, {"type": "Feature", "id": 5063, "geometry": {"type": "Polygon", "coordinates": [[[-67.66450806613948, -35.021760438649814], [-67.66302032397664, -35.021760458512674], [-67.66302030062043, -35.02126393434332], [-67.66450803380013, -35.02126391374466], [-67.66450806613948, -35.021760438649814]]]}, "properties": {"fid": 5063, "tipo_culti": "VID", "globalid": "{A7E6554C-D692-42D5-ACCC-BFBDA7918348}", "created_date": 1740061366000, "created_user": "ugdt_admin", "last_edited_date": 1740061366000, "last_edited_user": "ugdt_admin", "shape_Length": 466.21530019297074, "shape_Area": 11177.873735642195, "cultivo": "vid", "id": "V074"}}, {"type": "Feature", "id": 56022, "geometry": {"type": "Polygon", "coordinates": [[[-68.46899066987604, -34.570803369301125], [-68.46945387806745, -34.57175423248679], [-68.46852150046438, -34.572075233252015], [-68.46803728427174, -34.571121841028706], [-68.46899066987604, -34.570803369301125]]]}, "properties": {"fid": 56022, "tipo_culti": "VID", "globalid": "{6CFE5D2E-2ECF-4E75-84E8-6C1B8466BCAA}", "created_date": 1740061366000, "created_user": "ugdt_admin", "last_edited_date": 1740061366000, "last_edited_user": "ugdt_admin", "shape_Length": 505.243129175234, "shape_Area": 15790.009928150022, "cultivo": "vid", "id": "V075"}}, {"type": "Feature", "id": 20352, "geometry": {"type": "Polygon", "coordinates": [[[-67.56457481706761, -35.043155228288065], [-67.5630669840834, -35.043167659911234], [-67.56305684569712, -35.04232610469467], [-67.56456460142618, -35.042317187783546], [-67.56457481706761, -35.043155228288065]]]}, "properties": {"fid": 20352, "tipo_culti": "VID", "globalid": "{42DE1E1B-62EB-4C90-A63B-A282949416D9}", "created_date": 1740061366000, "created_user": "ugdt_admin", "last_edited_date": 1740061366000, "last_edited_user": "ugdt_admin", "shape_Length": 564.0876297582911, "shape_Area": 19167.217333986555, "cultivo": "vid", "id": "V076"}}, {"type": "Feature", "id": 65475, "geometry": {"type": "Polygon", "coordinates": [[[-68.41514420455998, -34.69712091439059], [-68.41548219568564, -34.69772873479753], [-68.41367163763724, -34.6981636220447], [-68.41291579515718, -34.698323048395935], [-68.41270806244268, -34.69755566745865], [-68.41514420455998, -34.69712091439059]]]}, "properties": {"fid": 65475, "tipo_culti": "VID", "globalid": "{AE27D5FE-7194-40A9-AA9F-FE64F3CF64E5}", "created_date": 1740061366000, "created_user": "ugdt_admin", "last_edited_date": 1740061366000, "last_edited_user": "ugdt_admin", "shape_Length": 771.2798540232272, "shape_Area": 28340.63607860515, "cultivo": "vid", "id": "V077"}}, {"type": "Feature", "id": 25594, "geometry": {"type": "Polygon", "coordinates": [[[-68.33629159539471, -34.67237983343186], [-68.33658361343907, -34.67361933001123], [-68.33484641720666, -34.6741739657164], [-68.33451030266163, -34.67268047723266], [-68.33520059866866, -34.67247926281949], [-68.33530229963692, -34.67269624666772], [-68.33629159539471, -34.67237983343186]]]}, "properties": {"fid": 25594, "tipo_culti": "VID", "globalid": "{6E16AE14-0A6B-4C4B-A92E-687932570C04}", "created_date": 1740061366000, "created_user": "ugdt_admin", "last_edited_date": 1740061366000, "last_edited_user": "ugdt_admin", "shape_Length": 815.0960670065708, "shape_Area": 37524.10584027378, "cultivo": "vid", "id": "V078"}}, {"type": "Feature", "id": 8854, "geometry": {"type": "Polygon", "coordinates": [[[-67.54553249496485, -34.92539194151872], [-67.54654370422566, -34.92539476094448], [-67.54654678544709, -34.92627482066186], [-67.54553680238662, -34.92627634231049], [-67.54553249496485, -34.92539194151872]]]}, "properties": {"fid": 8854, "tipo_culti": "VID", "globalid": "{C3491718-1516-4EE6-85D3-B1E38A9C0BF9}", "created_date": 1740061366000, "created_user": "ugdt_admin", "last_edited_date": 1740061366000, "last_edited_user": "ugdt_admin", "shape_Length": 464.56659037406934, "shape_Area": 13475.448724650929, "cultivo": "vid", "id": "V079"}}, {"type": "Feature", "id": 20515, "geometry": {"type": "Polygon", "coordinates": [[[-67.54267554513753, -35.012888822988884], [-67.54133997309222, -35.01300382288558], [-67.54134020306093, -35.01201620169728], [-67.54270315575609, -35.01188828211663], [-67.54267554513753, -35.012888822988884]]]}, "properties": {"fid": 20515, "tipo_culti": "VID", "globalid": "{A957C376-82C5-4624-82C9-F177CE450CFF}", "created_date": 1740061366000, "created_user": "ugdt_admin", "last_edited_date": 1740061366000, "last_edited_user": "ugdt_admin", "shape_Length": 572.4698246050633, "shape_Area": 20268.16293388054, "cultivo": "vid", "id": "V080"}}, {"type": "Feature", "id": 10746, "geometry": {"type": "Polygon", "coordinates": [[[-67.60823159869108, -35.039407465485226], [-67.60823540305633, -35.04006833217096], [-67.60619533802922, -35.04006951484898], [-67.6061886186309, -35.03941348189334], [-67.60823159869108, -35.039407465485226]]]}, "properties": {"fid": 10746, "tipo_culti": "VID", "globalid": "{AC303573-EC3F-488C-8116-C89E57D9345E}", "created_date": 1740061366000, "created_user": "ugdt_admin", "last_edited_date": 1740061366000, "last_edited_user": "ugdt_admin", "shape_Length": 633.5765623818069, "shape_Area": 20345.668263310126, "cultivo": "vid", "id": "V081"}}, {"type": "Feature", "id": 34568, "geometry": {"type": "Polygon", "coordinates": [[[-67.81923273364615, -34.87530877288354], [-67.8192330247003, -34.87401887500019], [-67.82406156906544, -34.87401420912935], [-67.82406343217134, -34.87530403928408], [-67.81923273364615, -34.87530877288354]]]}, "properties": {"fid": 34568, "tipo_culti": "VID", "globalid": "{5BFD2BA5-4720-4319-969E-61849D983987}", "created_date": 1740061366000, "created_user": "ugdt_admin", "last_edited_date": 1740061366000, "last_edited_user": "ugdt_admin", "shape_Length": 1425.3022823155577, "shape_Area": 94096.07212849091, "cultivo": "vid", "id": "V082"}}, {"type": "Feature", "id": 24824, "geometry": {"type": "Polygon", "coordinates": [[[-67.5422708990178, -34.99755747995201], [-67.54126609384662, -34.99756352372408], [-67.54125894146033, -34.99676318842607], [-67.54226373675002, -34.99675714459489], [-67.5422708990178, -34.99755747995201]]]}, "properties": {"fid": 24824, "tipo_culti": "VID", "globalid": "{5F018114-EDC0-41C3-87FF-778BC498DCB5}", "created_date": 1740061366000, "created_user": "ugdt_admin", "last_edited_date": 1740061366000, "last_edited_user": "ugdt_admin", "shape_Length": 441.23676721326706, "shape_Area": 12165.722501476692, "cultivo": "vid", "id": "V083"}}, {"type": "Feature", "id": 39006, "geometry": {"type": "Polygon", "coordinates": [[[-68.19680452004654, -34.72217799567469], [-68.19770249666581, -34.72208349759873], [-68.19750071349343, -34.723036023013385], [-68.19660272519606, -34.72313060933951], [-68.19680452004654, -34.72217799567469]]]}, "properties": {"fid": 39006, "tipo_culti": "VID", "globalid": "{AAD30561-8FFA-4BA0-8AA8-777911534FEA}", "created_date": 1740061366000, "created_user": "ugdt_admin", "last_edited_date": 1740061366000, "last_edited_user": "ugdt_admin", "shape_Length": 463.4704232419133, "shape_Area": 12609.043517675826, "cultivo": "vid", "id": "V084"}}, {"type": "Feature", "id": 53171, "geometry": {"type": "Polygon", "coordinates": [[[-68.0635145149067, -34.59329924885937], [-68.06393821249698, -34.59416324739937], [-68.0624024553822, -34.594679226466006], [-68.06197888175943, -34.59381513346108], [-68.0635145149067, -34.59329924885937]]]}, "properties": {"fid": 53171, "tipo_culti": "VID", "globalid": "{7ABB93A2-DAE5-4EC2-A284-6E4C7D321C11}", "created_date": 1740061366000, "created_user": "ugdt_admin", "last_edited_date": 1740061366000, "last_edited_user": "ugdt_admin", "shape_Length": 621.2862140773415, "shape_Area": 23264.944822959296, "cultivo": "vid", "id": "V085"}}, {"type": "Feature", "id": 33358, "geometry": {"type": "Polygon", "coordinates": [[[-68.1516258126687, -34.53288258992729], [-68.15231165033698, -34.53265145139388], [-68.1529573234306, -34.53395514469313], [-68.15227211637965, -34.534187642726934], [-68.1516258126687, -34.53288258992729]]]}, "properties": {"fid": 33358, "tipo_culti": "VID", "globalid": "{EA80D203-B4CA-4C38-A1AC-E45129763505}", "created_date": 1740061366000, "created_user": "ugdt_admin", "last_edited_date": 1740061366000, "last_edited_user": "ugdt_admin", "shape_Length": 545.7123257804411, "shape_Area": 15703.40384325931, "cultivo": "vid", "id": "V086"}}, {"type": "Feature", "id": 15878, "geometry": {"type": "Polygon", "coordinates": [[[-67.4606827284712, -34.959907412744194], [-67.46175699497338, -34.9599086790377], [-67.46174975634882, -34.96119795373048], [-67.46067541618478, -34.96119389282043], [-67.4606827284712, -34.959907412744194]]]}, "properties": {"fid": 15878, "tipo_culti": "VID", "globalid": "{CC4D3552-29AD-426C-89B9-3862BF71506B}", "created_date": 1740061366000, "created_user": "ugdt_admin", "last_edited_date": 1740061366000, "last_edited_user": "ugdt_admin", "shape_Length": 589.053145510398, "shape_Area": 20920.699890482225, "cultivo": "vid", "id": "V087"}}, {"type": "Feature", "id": 33728, "geometry": {"type": "Polygon", "coordinates": [[[-68.24615285663032, -34.73622261927833], [-68.24616333278318, -34.737305349269285], [-68.24467604786278, -34.73731515493116], [-68.24466559147288, -34.73623242433045], [-68.24615285663032, -34.73622261927833]]]}, "properties": {"fid": 33728, "tipo_culti": "VID", "globalid": "{E10B9F07-9715-4692-8226-A14033E95494}", "created_date": 1740061366000, "created_user": "ugdt_admin", "last_edited_date": 1740061366000, "last_edited_user": "ugdt_admin", "shape_Length": 624.4822110502635, "shape_Area": 24284.37213124412, "cultivo": "vid", "id": "V088"}}, {"type": "Feature", "id": 32644, "geometry": {"type": "Polygon", "coordinates": [[[-68.15854495319397, -34.74482798442035], [-68.15854134196653, -34.74562559706986], [-68.15750109646078, -34.74562417394153], [-68.15750482716416, -34.74482656201642], [-68.15854495319397, -34.74482798442035]]]}, "properties": {"fid": 32644, "tipo_culti": "VID", "globalid": "{8BB0EAB1-FF4B-4AB5-8F85-7DB884E5C12E}", "created_date": 1740061366000, "created_user": "ugdt_admin", "last_edited_date": 1740061366000, "last_edited_user": "ugdt_admin", "shape_Length": 447.7016666880995, "shape_Area": 12512.31177566104, "cultivo": "vid", "id": "V089"}}, {"type": "Feature", "id": 19400, "geometry": {"type": "Polygon", "coordinates": [[[-67.539451879655, -35.03517826522162], [-67.53942345965437, -35.035993218490574], [-67.53942168997325, -35.03604339874128], [-67.53939720189861, -35.036748263137724], [-67.53759484726538, -35.0367472790037], [-67.5376239113581, -35.03517769444232], [-67.539451879655, -35.03517826522162]]]}, "properties": {"fid": 19400, "tipo_culti": "VID", "globalid": "{C3030F34-B1D4-4585-8326-1F6D90D94451}", "created_date": 1740061366000, "created_user": "ugdt_admin", "last_edited_date": 1740061366000, "last_edited_user": "ugdt_admin", "shape_Length": 831.0814515412756, "shape_Area": 43124.59810624303, "cultivo": "vid", "id": "V090"}}, {"type": "Feature", "id": 57043, "geometry": {"type": "Polygon", "coordinates": [[[-68.2695487370951, -34.6950787239763], [-68.26984648189939, -34.69589663798727], [-68.26532670736202, -34.69706320101365], [-68.26502911257639, -34.69624527637473], [-68.2695487370951, -34.6950787239763]]]}, "properties": {"fid": 57043, "tipo_culti": "VID", "globalid": "{4C904BC9-4B96-4624-80E4-E9F6660EACBB}", "created_date": 1740061366000, "created_user": "ugdt_admin", "last_edited_date": 1740061366000, "last_edited_user": "ugdt_admin", "shape_Length": 1285.8669147353887, "shape_Area": 60951.56811304254, "cultivo": "vid", "id": "V091"}}, {"type": "Feature", "id": 23838, "geometry": {"type": "Polygon", "coordinates": [[[-67.5225956401355, -35.03884270151747], [-67.51745860531867, -35.03883816270163], [-67.51745265487821, -35.03809390823403], [-67.5217897534093, -35.03809537117149], [-67.52259366833347, -35.038093988405045], [-67.5225956401355, -35.03884270151747]]]}, "properties": {"fid": 23838, "tipo_culti": "VID", "globalid": "{C030215F-DC15-4F3D-8B1A-E5FCE46AA45F}", "created_date": 1740061366000, "created_user": "ugdt_admin", "last_edited_date": 1740061366000, "last_edited_user": "ugdt_admin", "shape_Length": 1347.1338761310071, "shape_Area": 58006.40961300178, "cultivo": "vid", "id": "V092"}}, {"type": "Feature", "id": 60851, "geometry": {"type": "Polygon", "coordinates": [[[-68.43983581858384, -34.667508146683986], [-68.43995777925672, -34.668256162202546], [-68.438151434307, -34.66847194248341], [-68.43802959849995, -34.66772392595785], [-68.43983581858384, -34.667508146683986]]]}, "properties": {"fid": 60851, "tipo_culti": "VID", "globalid": "{9BA41741-E813-49D3-9D2D-0C898630B65F}", "created_date": 1740061366000, "created_user": "ugdt_admin", "last_edited_date": 1740061366000, "last_edited_user": "ugdt_admin", "shape_Length": 610.6660520921745, "shape_Area": 20753.750634198565, "cultivo": "vid", "id": "V093"}}, {"type": "Feature", "id": 58020, "geometry": {"type": "Polygon", "coordinates": [[[-68.1442035248545, -34.76634216265694], [-68.14419943392667, -34.76597653323358], [-68.14496355348376, -34.765779721824096], [-68.14495350043744, -34.76654267133149], [-68.14475399179935, -34.766505756105715], [-68.14456811240076, -34.76638645894742], [-68.1442035248545, -34.76634216265694]]]}, "properties": {"fid": 58020, "tipo_culti": "VID", "globalid": "{AD40F1EB-E431-40E0-9940-EE6692C54EF8}", "created_date": 1740061366000, "created_user": "ugdt_admin", "last_edited_date": 1740061366000, "last_edited_user": "ugdt_admin", "shape_Length": 332.13721840541393, "shape_Area": 6271.21207368242, "cultivo": "vid", "id": "V094"}}, {"type": "Feature", "id": 54262, "geometry": {"type": "Polygon", "coordinates": [[[-68.07804064854672, -34.72022150625956], [-68.07807415660513, -34.720379501981064], [-68.0782061909856, -34.72181099749087], [-68.07820906559448, -34.721896199325656], [-68.07820301633937, -34.72193960021093], [-68.0781723209061, -34.72197082644752], [-68.07548862465605, -34.722830599158705], [-68.07542260027931, -34.720514264123786], [-68.07734515398913, -34.720289072447166], [-68.07804064854672, -34.72022150625956]]]}, "properties": {"fid": 54262, "tipo_culti": "VID", "globalid": "{40A1C258-715C-4562-8A1B-31AE582CCF73}", "created_date": 1740061366000, "created_user": "ugdt_admin", "last_edited_date": 1740061366000, "last_edited_user": "ugdt_admin", "shape_Length": 1167.634765536965, "shape_Area": 83148.64787550415, "cultivo": "vid", "id": "V095"}}, {"type": "Feature", "id": 8010, "geometry": {"type": "Polygon", "coordinates": [[[-67.61334313393029, -34.93029255453224], [-67.61339924899114, -34.930307164883196], [-67.61342212279322, -34.93033311338443], [-67.61343004413739, -34.930376196141665], [-67.61342074567588, -34.930453962015235], [-67.61336878622154, -34.93060208381277], [-67.61330385329786, -34.93070823707532], [-67.6125234904038, -34.93070509525419], [-67.61252466360358, -34.930297449935445], [-67.61334313393029, -34.93029255453224]]]}, "properties": {"fid": 8010, "tipo_culti": "VID", "globalid": "{69EDA9C1-12C2-4750-912E-7D8F90C4B2A0}", "created_date": 1740061366000, "created_user": "ugdt_admin", "last_edited_date": 1740061366000, "last_edited_user": "ugdt_admin", "shape_Length": 297.8139997707552, "shape_Area": 5385.42252504605, "cultivo": "vid", "id": "V096"}}, {"type": "Feature", "id": 51027, "geometry": {"type": "Polygon", "coordinates": [[[-67.70619049000734, -34.83241188836032], [-67.70583311144124, -34.83316186709519], [-67.70342975423853, -34.832389521993775], [-67.70343982435287, -34.83174716307508], [-67.70350001866342, -34.831547259770744], [-67.70619049000734, -34.83241188836032]]]}, "properties": {"fid": 51027, "tipo_culti": "VID", "globalid": "{1E045728-298B-4404-AF23-0E730C8BA09B}", "created_date": 1740061366000, "created_user": "ugdt_admin", "last_edited_date": 1740061366000, "last_edited_user": "ugdt_admin", "shape_Length": 833.2166781211045, "shape_Area": 33530.26331744982, "cultivo": "vid", "id": "V097"}}, {"type": "Feature", "id": 53138, "geometry": {"type": "Polygon", "coordinates": [[[-67.74573850508204, -34.87154689549471], [-67.74651399192074, -34.871886130967766], [-67.7460395386186, -34.872622850252284], [-67.74526404728832, -34.87228361118594], [-67.74573850508204, -34.87154689549471]]]}, "properties": {"fid": 53138, "tipo_culti": "VID", "globalid": "{24D70819-F976-42AF-9880-7AF3329D4F71}", "created_date": 1740061366000, "created_user": "ugdt_admin", "last_edited_date": 1740061366000, "last_edited_user": "ugdt_admin", "shape_Length": 421.77609773739084, "shape_Area": 11060.416419537501, "cultivo": "vid", "id": "V098"}}, {"type": "Feature", "id": 16657, "geometry": {"type": "Polygon", "coordinates": [[[-67.68375182196996, -34.93254786169798], [-67.68494568028763, -34.932544748669336], [-67.68494392138629, -34.933285787554965], [-67.6837533338346, -34.933288935905374], [-67.68375182196996, -34.93254786169798]]]}, "properties": {"fid": 16657, "tipo_culti": "VID", "globalid": "{C7CEBA97-1619-48F2-94CB-E10B7E86F816}", "created_date": 1740061366000, "created_user": "ugdt_admin", "last_edited_date": 1740061366000, "last_edited_user": "ugdt_admin", "shape_Length": 466.685392924701, "shape_Area": 13354.601512186011, "cultivo": "vid", "id": "V099"}}, {"type": "Feature", "id": 43991, "geometry": {"type": "Polygon", "coordinates": [[[-67.85479054900976, -34.89152743917104], [-67.85478912338341, -34.89175627496987], [-67.85478902636537, -34.89278794464486], [-67.85250511904431, -34.89278785548968], [-67.85250574606836, -34.8927427046424], [-67.85336585061356, -34.892132504843204], [-67.85479054900976, -34.89152743917104]]]}, "properties": {"fid": 43991, "tipo_culti": "VID", "globalid": "{F78F487E-C156-41B3-8324-F07D96BA26D0}", "created_date": 1740061366000, "created_user": "ugdt_admin", "last_edited_date": 1740061366000, "last_edited_user": "ugdt_admin", "shape_Length": 736.6322574684235, "shape_Area": 25145.471753393445, "cultivo": "vid", "id": "V100"}}, {"type": "Feature", "id": 63283, "geometry": {"type": "Polygon", "coordinates": [[[-68.41376483784796, -34.60805434653092], [-68.41365486698919, -34.60783233806537], [-68.41414784984072, -34.60766469695172], [-68.41455036874986, -34.60845618707955], [-68.4146786652404, -34.60870839076001], [-68.4148034133856, -34.608953545391444], [-68.41493493572634, -34.609212344077356], [-68.41505818009176, -34.60945451689371], [-68.4151233519673, -34.60958256143602], [-68.41518733896498, -34.60970852672995], [-68.4146725818493, -34.60988589205798], [-68.41435319034163, -34.609241373326554], [-68.41433577560153, -34.609206224444456], [-68.41376483784796, -34.60805434653092]]]}, "properties": {"fid": 63283, "tipo_culti": "VID", "globalid": "{01680EE2-7185-4C06-B2C0-81866A2F0790}", "created_date": 1740061366000, "created_user": "ugdt_admin", "last_edited_date": 1740061366000, "last_edited_user": "ugdt_admin", "shape_Length": 721.1399336484113, "shape_Area": 18213.905285138768, "cultivo": "vid", "id": "V101"}}, {"type": "Feature", "id": 21302, "geometry": {"type": "Polygon", "coordinates": [[[-67.55099374344583, -35.008132863058144], [-67.5509894566853, -35.00915225258779], [-67.54884679776457, -35.009145576905595], [-67.54885009009008, -35.0081281584573], [-67.55099374344583, -35.008132863058144]]]}, "properties": {"fid": 21302, "tipo_culti": "VID", "globalid": "{0F45CA56-8EE7-4990-B681-9BD249B61112}", "created_date": 1740061366000, "created_user": "ugdt_admin", "last_edited_date": 1740061366000, "last_edited_user": "ugdt_admin", "shape_Length": 753.9772897579362, "shape_Area": 33021.8925566329, "cultivo": "vid", "id": "V102"}}, {"type": "Feature", "id": 15959, "geometry": {"type": "Polygon", "coordinates": [[[-67.47065186857499, -34.97347800325806], [-67.47193250235244, -34.973478716534345], [-67.47193266045593, -34.974260035195094], [-67.47065199164417, -34.97426058358082], [-67.47065186857499, -34.97347800325806]]]}, "properties": {"fid": 15959, "tipo_culti": "VID", "globalid": "{A1B80BFB-A291-4D2C-948D-D1CAB095EF54}", "created_date": 1740061366000, "created_user": "ugdt_admin", "last_edited_date": 1740061366000, "last_edited_user": "ugdt_admin", "shape_Length": 497.58275473734636, "shape_Area": 15144.288401889029, "cultivo": "vid", "id": "V103"}}, {"type": "Feature", "id": 39859, "geometry": {"type": "Polygon", "coordinates": [[[-68.10070243564277, -34.67673123724453], [-68.10183241835385, -34.67702170448928], [-68.10264418814687, -34.67733704062924], [-68.10222928326658, -34.67767633450934], [-68.10041286910084, -34.67696202014957], [-68.10070243564277, -34.67673123724453]]]}, "properties": {"fid": 39859, "tipo_culti": "VID", "globalid": "{47AA1478-E847-4113-8096-4D359CD4C9C5}", "created_date": 1740061366000, "created_user": "ugdt_admin", "last_edited_date": 1740061366000, "last_edited_user": "ugdt_admin", "shape_Length": 565.8872654559532, "shape_Area": 12482.490044783954, "cultivo": "vid", "id": "V104"}}, {"type": "Feature", "id": 34557, "geometry": {"type": "Polygon", "coordinates": [[[-67.81871731087882, -34.87867746272349], [-67.81796057547339, -34.878675875341386], [-67.81796224364487, -34.87816213085262], [-67.81894767934186, -34.87816332618682], [-67.81894611357833, -34.87867797269025], [-67.81871731087882, -34.87867746272349]]]}, "properties": {"fid": 34557, "tipo_culti": "VID", "globalid": "{03D84F0E-4862-49A7-9E1E-3B8682B9E899}", "created_date": 1740061366000, "created_user": "ugdt_admin", "last_edited_date": 1740061366000, "last_edited_user": "ugdt_admin", "shape_Length": 358.95595415753917, "shape_Area": 7654.304706298004, "cultivo": "vid", "id": "V105"}}, {"type": "Feature", "id": 24002, "geometry": {"type": "Polygon", "coordinates": [[[-67.5600368669171, -34.986691211374286], [-67.56003915672275, -34.987417134862696], [-67.55949159043793, -34.98741676687775], [-67.55948927727607, -34.98669246547816], [-67.5600368669171, -34.986691211374286]]]}, "properties": {"fid": 24002, "tipo_culti": "VID", "globalid": "{D92F0C30-4937-4DC5-8943-DC568BEA9EA4}", "created_date": 1740061366000, "created_user": "ugdt_admin", "last_edited_date": 1740061366000, "last_edited_user": "ugdt_admin", "shape_Length": 318.96172491572287, "shape_Area": 6005.672506550192, "cultivo": "vid", "id": "V106"}}, {"type": "Feature", "id": 53525, "geometry": {"type": "Polygon", "coordinates": [[[-68.03230148316143, -34.59321336157374], [-68.0318690719129, -34.59233052833651], [-68.03264062592727, -34.59207208672691], [-68.03307315216014, -34.592954919012975], [-68.03230148316143, -34.59321336157374]]]}, "properties": {"fid": 53525, "tipo_culti": "VID", "globalid": "{A117E1FB-55FB-4FB1-99DA-3A32F414850D}", "created_date": 1740061366000, "created_user": "ugdt_admin", "last_edited_date": 1740061366000, "last_edited_user": "ugdt_admin", "shape_Length": 442.9130546993578, "shape_Area": 11936.85835391183, "cultivo": "vid", "id": "V107"}}, {"type": "Feature", "id": 58234, "geometry": {"type": "Polygon", "coordinates": [[[-68.12259562597839, -34.74747620487229], [-68.12259460639054, -34.747758511144646], [-68.12257407629303, -34.74775845357145], [-68.12257240362997, -34.74818506624046], [-68.12179477520766, -34.748183066688995], [-68.12179985338393, -34.74683661650535], [-68.12275088001232, -34.746839053798254], [-68.12274856505384, -34.74745053598785], [-68.12259579216672, -34.74745015659375], [-68.12259562597839, -34.74747620487229]]]}, "properties": {"fid": 58234, "tipo_culti": "VID", "globalid": "{402873ED-6AC4-4DA0-A447-244DD049928F}", "created_date": 1740061366000, "created_user": "ugdt_admin", "last_edited_date": 1740061366000, "last_edited_user": "ugdt_admin", "shape_Length": 576.5599233710698, "shape_Area": 17486.027495850612, "cultivo": "vid", "id": "V108"}}, {"type": "Feature", "id": 44561, "geometry": {"type": "Polygon", "coordinates": [[[-67.77166004657883, -34.85416493042949], [-67.77252397255727, -34.8544429719784], [-67.77210314688094, -34.855331403143374], [-67.77123921281769, -34.85505335869977], [-67.77166004657883, -34.85416493042949]]]}, "properties": {"fid": 44561, "tipo_culti": "VID", "globalid": "{1B9FDE57-F1E0-47F2-9C28-A9C68E308CEE}", "created_date": 1740061366000, "created_user": "ugdt_admin", "last_edited_date": 1740061366000, "last_edited_user": "ugdt_admin", "shape_Length": 465.2184455587616, "shape_Area": 13357.690513718137, "cultivo": "vid", "id": "V109"}}, {"type": "Feature", "id": 20004, "geometry": {"type": "Polygon", "coordinates": [[[-67.5593775421261, -34.996749584838035], [-67.55937975467664, -34.99732318979923], [-67.55727209411938, -34.99731185428949], [-67.55727211837389, -34.997135743800996], [-67.55772044597263, -34.99674072109031], [-67.5593775421261, -34.996749584838035]]]}, "properties": {"fid": 20004, "tipo_culti": "VID", "globalid": "{E0056EFE-AC69-4186-BA4F-BEC19B47F93C}", "created_date": 1740061366000, "created_user": "ugdt_admin", "last_edited_date": 1740061366000, "last_edited_user": "ugdt_admin", "shape_Length": 594.2759282712252, "shape_Area": 16929.609836932446, "cultivo": "vid", "id": "V110"}}, {"type": "Feature", "id": 58064, "geometry": {"type": "Polygon", "coordinates": [[[-68.01469707457102, -34.7048763274025], [-68.01470256597236, -34.703722785918764], [-68.01546027155831, -34.70373053290222], [-68.01545295747526, -34.70488225756559], [-68.01469707457102, -34.7048763274025]]]}, "properties": {"fid": 58064, "tipo_culti": "VID", "globalid": "{140972AF-3ECF-433E-9EBE-A9AD2269194E}", "created_date": 1740061366000, "created_user": "ugdt_admin", "last_edited_date": 1740061366000, "last_edited_user": "ugdt_admin", "shape_Length": 480.6581758019461, "shape_Area": 13149.456172461552, "cultivo": "vid", "id": "V111"}}, {"type": "Feature", "id": 28693, "geometry": {"type": "Polygon", "coordinates": [[[-68.39581870563191, -34.70186459300566], [-68.3959850844023, -34.702520022117746], [-68.39617144799284, -34.702483266604936], [-68.3962416342643, -34.70248271271315], [-68.39630810420545, -34.70249782583411], [-68.39635333348167, -34.70253708049865], [-68.39637656032166, -34.70266032789769], [-68.39559057487226, -34.70296219034383], [-68.39598367045406, -34.70414138046598], [-68.39582808404347, -34.70449333101901], [-68.39568685630438, -34.7045816900753], [-68.39557753313096, -34.70463541250671], [-68.3954023355994, -34.70465194020629], [-68.39498290770167, -34.70449707006695], [-68.39436329024286, -34.702531082223445], [-68.39581870563191, -34.70186459300566]]]}, "properties": {"fid": 28693, "tipo_culti": "VID", "globalid": "{3A0FC3BC-D10E-4354-B51C-91699F93A2BC}", "created_date": 1740061366000, "created_user": "ugdt_admin", "last_edited_date": 1740061366000, "last_edited_user": "ugdt_admin", "shape_Length": 1029.735723999148, "shape_Area": 45154.593083033695, "cultivo": "vid", "id": "V112"}}, {"type": "Feature", "id": 65313, "geometry": {"type": "Polygon", "coordinates": [[[-67.74124135551342, -34.88642528561514], [-67.74215901152562, -34.88683884926234], [-67.73959424413435, -34.89070239582398], [-67.73867656117268, -34.890288721938326], [-67.74124135551342, -34.88642528561514]]]}, "properties": {"fid": 65313, "tipo_culti": "VID", "globalid": "{5EF360B9-A2E5-4CDA-9AEF-27E821304631}", "created_date": 1740061366000, "created_user": "ugdt_admin", "last_edited_date": 1740061366000, "last_edited_user": "ugdt_admin", "shape_Length": 1427.152665791715, "shape_Area": 69588.1287823941, "cultivo": "vid", "id": "V113"}}, {"type": "Feature", "id": 65566, "geometry": {"type": "Polygon", "coordinates": [[[-68.38231761979968, -34.65126378979256], [-68.38269964095065, -34.65192294708714], [-68.38156491603321, -34.65241622145438], [-68.38118950019452, -34.65176457606671], [-68.38231761979968, -34.65126378979256]]]}, "properties": {"fid": 65566, "tipo_culti": "VID", "globalid": "{0FA4F113-4126-4752-A873-C88879BB2644}", "created_date": 1740061366000, "created_user": "ugdt_admin", "last_edited_date": 1740061366000, "last_edited_user": "ugdt_admin", "shape_Length": 481.9711282048569, "shape_Area": 14006.112461708228, "cultivo": "vid", "id": "V114"}}, {"type": "Feature", "id": 6122, "geometry": {"type": "Polygon", "coordinates": [[[-67.64852727349191, -34.99263180005549], [-67.64853265170551, -34.9931307286098], [-67.64782597581758, -34.99300605066249], [-67.64779192966833, -34.99295844326786], [-67.64778658738732, -34.99257749480331], [-67.64823526802398, -34.99260619655243], [-67.64852727349191, -34.99263180005549]]]}, "properties": {"fid": 6122, "tipo_culti": "VID", "globalid": "{3090BD7E-696F-4C05-A189-CF78F2882321}", "created_date": 1740061366000, "created_user": "ugdt_admin", "last_edited_date": 1740061366000, "last_edited_user": "ugdt_admin", "shape_Length": 290.32583708595394, "shape_Area": 5165.85929996792, "cultivo": "vid", "id": "V115"}}, {"type": "Feature", "id": 20420, "geometry": {"type": "Polygon", "coordinates": [[[-67.53281794075771, -34.9498118290386], [-67.53460050909851, -34.94981478384198], [-67.53460111366469, -34.95029743146568], [-67.53415297830543, -34.95029670988825], [-67.53281678372764, -34.9502944545906], [-67.53281794075771, -34.9498118290386]], [[-67.53424410700111, -34.95009078394857], [-67.53424394710098, -34.9501120521258], [-67.53426157025022, -34.950112084523234], [-67.53426133848488, -34.9501374082626], [-67.53429132963896, -34.950137499564406], [-67.53429149133571, -34.9501100125605], [-67.53427868495302, -34.950109947765654], [-67.53427880263233, -34.95009102251151], [-67.53424410700111, -34.95009078394857]]]}, "properties": {"fid": 20420, "tipo_culti": "VID", "globalid": "{CCED60C5-D341-4D31-A683-449DD0FBFFE2}", "created_date": 1740061366000, "created_user": "ugdt_admin", "last_edited_date": 1740061366000, "last_edited_user": "ugdt_admin", "shape_Length": 551.3829979179584, "shape_Area": 12990.85527241035, "cultivo": "vid", "id": "V116"}}, {"type": "Feature", "id": 71333, "geometry": {"type": "Polygon", "coordinates": [[[-68.45084471820482, -34.622812938241985], [-68.45126777170303, -34.62344782296318], [-68.44995551632925, -34.62404532630068], [-68.44953247091587, -34.62341034709443], [-68.45084471820482, -34.622812938241985]]]}, "properties": {"fid": 71333, "tipo_culti": "VID", "globalid": "{594C1C81-9FF8-435E-8DCD-FAC1C51F6566}", "created_date": 1740061366000, "created_user": "ugdt_admin", "last_edited_date": 1740061366000, "last_edited_user": "ugdt_admin", "shape_Length": 529.8032285445594, "shape_Area": 16353.11694866648, "cultivo": "vid", "id": "V117"}}, {"type": "Feature", "id": 4131, "geometry": {"type": "Polygon", "coordinates": [[[-67.56084880200011, -34.97492064445777], [-67.56084816958617, -34.97568276650438], [-67.55892853360437, -34.97568342970833], [-67.55892774668018, -34.97492210190065], [-67.56084880200011, -34.97492064445777]]]}, "properties": {"fid": 4131, "tipo_culti": "VID", "globalid": "{0BC2059E-8817-4BDC-9D71-A18DBB092789}", "created_date": 1740061366000, "created_user": "ugdt_admin", "last_edited_date": 1740061366000, "last_edited_user": "ugdt_admin", "shape_Length": 634.5122716867866, "shape_Area": 22122.004604202466, "cultivo": "vid", "id": "V118"}}, {"type": "Feature", "id": 67862, "geometry": {"type": "Polygon", "coordinates": [[[-68.26523187221748, -34.65615911770538], [-68.26335622134529, -34.656729839334346], [-68.26284775513152, -34.655696637286546], [-68.26473924509882, -34.65512115121579], [-68.26523187221748, -34.65615911770538]]]}, "properties": {"fid": 67862, "tipo_culti": "VID", "globalid": "{64E5EC92-E018-4D16-85E7-704C7267C898}", "created_date": 1740061366000, "created_user": "ugdt_admin", "last_edited_date": 1740061366000, "last_edited_user": "ugdt_admin", "shape_Length": 748.7621123301662, "shape_Area": 33706.90447557074, "cultivo": "vid", "id": "V119"}}, {"type": "Feature", "id": 27460, "geometry": {"type": "Polygon", "coordinates": [[[-68.35574307944813, -34.69712999806563], [-68.35540882351745, -34.696153628387144], [-68.35893504248594, -34.694929817018924], [-68.35903604815817, -34.695191846849156], [-68.35921580643641, -34.69565800944966], [-68.35929434434509, -34.695861599688655], [-68.35574307944813, -34.69712999806563]]]}, "properties": {"fid": 27460, "tipo_culti": "VID", "globalid": "{FDDFD4DE-14C4-4A39-AD2B-1AE705909460}", "created_date": 1740061366000, "created_user": "ugdt_admin", "last_edited_date": 1740061366000, "last_edited_user": "ugdt_admin", "shape_Length": 1126.7717954057632, "shape_Area": 57399.50596504618, "cultivo": "vid", "id": "V120"}}, {"type": "Feature", "id": 35430, "geometry": {"type": "Polygon", "coordinates": [[[-67.84417965965353, -34.88008692580887], [-67.84406119073218, -34.880416049990245], [-67.84390240811582, -34.88085114740266], [-67.84349410405625, -34.880851049391396], [-67.84349418041305, -34.880416245276834], [-67.84349546320728, -34.88009042403236], [-67.84417965965353, -34.88008692580887]]]}, "properties": {"fid": 35430, "tipo_culti": "VID", "globalid": "{0E67471F-D547-478F-AB2E-72AEE9EE06D6}", "created_date": 1740061366000, "created_user": "ugdt_admin", "last_edited_date": 1740061366000, "last_edited_user": "ugdt_admin", "shape_Length": 333.0325630577315, "shape_Area": 6297.026051926213, "cultivo": "vid", "id": "V121"}}, {"type": "Feature", "id": 23883, "geometry": {"type": "Polygon", "coordinates": [[[-67.55976354461042, -34.98048747119566], [-67.55976271546541, -34.97949685561542], [-67.56106812477842, -34.97949611147784], [-67.56106897368636, -34.98048654747519], [-67.55976354461042, -34.98048747119566]]]}, "properties": {"fid": 23883, "tipo_culti": "VID", "globalid": "{51592E6A-9064-450D-8679-05428737BC4F}", "created_date": 1740061366000, "created_user": "ugdt_admin", "last_edited_date": 1740061366000, "last_edited_user": "ugdt_admin", "shape_Length": 559.7885541883588, "shape_Area": 19556.348368107785, "cultivo": "vid", "id": "V122"}}, {"type": "Feature", "id": 7426, "geometry": {"type": "Polygon", "coordinates": [[[-67.5651884688146, -34.91386104840154], [-67.56518154460038, -34.91467384700624], [-67.5630751291081, -34.914674641086165], [-67.56309151348057, -34.9138601519221], [-67.5651884688146, -34.91386104840154]]]}, "properties": {"fid": 7426, "tipo_culti": "VID", "globalid": "{C36C5409-26C7-486B-8346-5219708DCE9B}", "created_date": 1740061366000, "created_user": "ugdt_admin", "last_edited_date": 1740061366000, "last_edited_user": "ugdt_admin", "shape_Length": 688.8455907163511, "shape_Area": 25841.982542919613, "cultivo": "vid", "id": "V123"}}, {"type": "Feature", "id": 19511, "geometry": {"type": "Polygon", "coordinates": [[[-67.54500498806034, -35.01939374083473], [-67.54499039672517, -35.02050169008143], [-67.54394657861954, -35.02049241398781], [-67.54396107473328, -35.01938446314402], [-67.54500498806034, -35.01939374083473]]]}, "properties": {"fid": 19511, "tipo_culti": "VID", "globalid": "{AF301ACA-9937-4EB3-B469-31C9EE43539D}", "created_date": 1740061366000, "created_user": "ugdt_admin", "last_edited_date": 1740061366000, "last_edited_user": "ugdt_admin", "shape_Length": 533.6416877945894, "shape_Area": 17502.466865941824, "cultivo": "vid", "id": "V124"}}, {"type": "Feature", "id": 45248, "geometry": {"type": "Polygon", "coordinates": [[[-68.45379433464359, -34.63537679667404], [-68.4543151122683, -34.63619022847559], [-68.45065866992294, -34.63780475771043], [-68.45047065433062, -34.636844345895874], [-68.45379433464359, -34.63537679667404]]]}, "properties": {"fid": 45248, "tipo_culti": "VID", "globalid": "{9F50F554-95BA-4E82-A317-3E18E8F62EC1}", "created_date": 1740061366000, "created_user": "ugdt_admin", "last_edited_date": 1740061366000, "last_edited_user": "ugdt_admin", "shape_Length": 1137.8540870566364, "shape_Area": 54846.45354544984, "cultivo": "vid", "id": "V125"}}, {"type": "Feature", "id": 62502, "geometry": {"type": "Polygon", "coordinates": [[[-68.10915692185444, -34.75433415400592], [-68.10918976156627, -34.75435755933809], [-68.10920731554525, -34.75488914244947], [-68.10915851366913, -34.754907894931144], [-68.1079567169393, -34.75490856065598], [-68.1079442743743, -34.75433915730956], [-68.10915692185444, -34.75433415400592]]]}, "properties": {"fid": 62502, "tipo_culti": "VID", "globalid": "{24897EF9-F338-4303-A4CA-61E0A5C65354}", "created_date": 1740061366000, "created_user": "ugdt_admin", "last_edited_date": 1740061366000, "last_edited_user": "ugdt_admin", "shape_Length": 428.82595757757105, "shape_Area": 10747.572628279591, "cultivo": "vid", "id": "V126"}}, {"type": "Feature", "id": 27411, "geometry": {"type": "Polygon", "coordinates": [[[-68.3816202262036, -34.61151658263423], [-68.38297436283254, -34.61104415240102], [-68.38335710353407, -34.61178885946881], [-68.38200435390391, -34.6122640956453], [-68.3816202262036, -34.61151658263423]]]}, "properties": {"fid": 27411, "tipo_culti": "VID", "globalid": "{B5AECE2B-5DAB-45A9-BC9F-836C18345346}", "created_date": 1740061366000, "created_user": "ugdt_admin", "last_edited_date": 1740061366000, "last_edited_user": "ugdt_admin", "shape_Length": 546.6033496540159, "shape_Area": 17940.152360364624, "cultivo": "vid", "id": "V127"}}, {"type": "Feature", "id": 19653, "geometry": {"type": "Polygon", "coordinates": [[[-67.5578336974788, -35.025730315840946], [-67.55814996105269, -35.02572704451497], [-67.55814681694919, -35.02688551384803], [-67.55783060457928, -35.02688563154641], [-67.5578336974788, -35.025730315840946]]]}, "properties": {"fid": 19653, "tipo_culti": "VID", "globalid": "{942C016A-801E-40FF-A77D-32648A6720E0}", "created_date": 1740061366000, "created_user": "ugdt_admin", "last_edited_date": 1740061366000, "last_edited_user": "ugdt_admin", "shape_Length": 384.94577841303345, "shape_Area": 5536.283887483299, "cultivo": "vid", "id": "V128"}}, {"type": "Feature", "id": 55610, "geometry": {"type": "Polygon", "coordinates": [[[-68.1227644975737, -34.68213172227029], [-68.12371898630917, -34.68240846544397], [-68.12322698082468, -34.68356673248638], [-68.12227237171497, -34.6832899843197], [-68.1227644975737, -34.68213172227029]]]}, "properties": {"fid": 55610, "tipo_culti": "VID", "globalid": "{B98752B6-2ADE-4ADC-B0D1-989D1BE30D65}", "created_date": 1740061366000, "created_user": "ugdt_admin", "last_edited_date": 1740061366000, "last_edited_user": "ugdt_admin", "shape_Length": 557.5231949706869, "shape_Area": 18713.507847953035, "cultivo": "vid", "id": "V129"}}, {"type": "Feature", "id": 42983, "geometry": {"type": "Polygon", "coordinates": [[[-67.78083169650937, -34.83916780288343], [-67.78222703167388, -34.83961577496847], [-67.78185632031231, -34.840446879835746], [-67.78044204057677, -34.83999285467584], [-67.78083169650937, -34.83916780288343]]]}, "properties": {"fid": 42983, "tipo_culti": "VID", "globalid": "{EECC80B0-EAEC-4248-A814-2D51E886FEF9}", "created_date": 1740061366000, "created_user": "ugdt_admin", "last_edited_date": 1740061366000, "last_edited_user": "ugdt_admin", "shape_Length": 575.8956627639997, "shape_Area": 20152.599916222076, "cultivo": "vid", "id": "V130"}}, {"type": "Feature", "id": 35254, "geometry": {"type": "Polygon", "coordinates": [[[-67.75540539982198, -34.89816587863079], [-67.75578303809269, -34.89833315577995], [-67.75531162738439, -34.89908066440123], [-67.75491855336216, -34.898906648113794], [-67.75540539982198, -34.89816587863079]]]}, "properties": {"fid": 35254, "tipo_culti": "VID", "globalid": "{C8546DA3-2BA9-4D51-A674-0E476B8E7B02}", "created_date": 1740061366000, "created_user": "ugdt_admin", "last_edited_date": 1740061366000, "last_edited_user": "ugdt_admin", "shape_Length": 325.9475149133211, "shape_Area": 5568.038781168556, "cultivo": "vid", "id": "V131"}}, {"type": "Feature", "id": 53765, "geometry": {"type": "Polygon", "coordinates": [[[-68.0040026679445, -34.59657672350284], [-68.00461513930523, -34.597821679899816], [-68.00237517127964, -34.598577592849956], [-68.00224724489497, -34.59831829738365], [-68.00053950082747, -34.59889464342169], [-68.00005335954515, -34.59790949313685], [-68.0040026679445, -34.59657672350284]]]}, "properties": {"fid": 53765, "tipo_culti": "VID", "globalid": "{67F843A3-C6DD-4FB4-A571-6F40A0E9A649}", "created_date": 1740061366000, "created_user": "ugdt_admin", "last_edited_date": 1740061366000, "last_edited_user": "ugdt_admin", "shape_Length": 1313.390231934855, "shape_Area": 78512.41649753421, "cultivo": "vid", "id": "V132"}}, {"type": "Feature", "id": 39400, "geometry": {"type": "Polygon", "coordinates": [[[-67.99391656629241, -34.766259782828364], [-67.99389604966963, -34.76437710390248], [-67.99900174226623, -34.76434383401704], [-67.99902270355507, -34.76622651739149], [-67.99391656629241, -34.766259782828364]]]}, "properties": {"fid": 39400, "tipo_culti": "VID", "globalid": "{4CACA865-EA3C-4697-BE0E-603EE8ACDEEB}", "created_date": 1740061366000, "created_user": "ugdt_admin", "last_edited_date": 1740061366000, "last_edited_user": "ugdt_admin", "shape_Length": 1647.070847730569, "shape_Area": 145017.08950978707, "cultivo": "vid", "id": "V133"}}, {"type": "Feature", "id": 14303, "geometry": {"type": "Polygon", "coordinates": [[[-67.55105536787434, -34.972580593729894], [-67.55204206390768, -34.97257830518472], [-67.55204490527892, -34.97341842957715], [-67.55105644675099, -34.9734206967521], [-67.55105536787434, -34.972580593729894]]]}, "properties": {"fid": 14303, "tipo_culti": "VID", "globalid": "{76C57DD3-AB0C-4D89-BE54-726AD4C7FA2E}", "created_date": 1740061366000, "created_user": "ugdt_admin", "last_edited_date": 1740061366000, "last_edited_user": "ugdt_admin", "shape_Length": 448.13547254472473, "shape_Area": 12547.181151325694, "cultivo": "vid", "id": "V134"}}, {"type": "Feature", "id": 23620, "geometry": {"type": "Polygon", "coordinates": [[[-67.51234751833879, -35.012357054977755], [-67.51234444250726, -35.01285353096293], [-67.51165062061273, -35.0128506108061], [-67.51165370093582, -35.01235413553892], [-67.51234751833879, -35.012357054977755]]]}, "properties": {"fid": 23620, "tipo_culti": "VID", "globalid": "{0F11D061-DD8D-4CFC-9AD2-47F5367DF2DB}", "created_date": 1740061366000, "created_user": "ugdt_admin", "last_edited_date": 1740061366000, "last_edited_user": "ugdt_admin", "shape_Length": 289.43397898340754, "shape_Area": 5211.955163090078, "cultivo": "vid", "id": "V135"}}, {"type": "Feature", "id": 14062, "geometry": {"type": "Polygon", "coordinates": [[[-67.69482456934975, -35.1275973875035], [-67.69755428269856, -35.128565264858054], [-67.69719504821306, -35.12929901477656], [-67.69447530346899, -35.128330786139124], [-67.69482456934975, -35.1275973875035]]]}, "properties": {"fid": 14062, "tipo_culti": "VID", "globalid": "{F37433A8-77DD-4D5C-B626-AC0C305BE76F}", "created_date": 1740061366000, "created_user": "ugdt_admin", "last_edited_date": 1740061366000, "last_edited_user": "ugdt_admin", "shape_Length": 876.1037382714543, "shape_Area": 35481.09312475342, "cultivo": "vid", "id": "V136"}}, {"type": "Feature", "id": 21431, "geometry": {"type": "Polygon", "coordinates": [[[-67.57163630822605, -35.0428397661154], [-67.57061450603139, -35.04283962711129], [-67.57061479169565, -35.041797840017836], [-67.5716365813139, -35.041797978288194], [-67.57163630822605, -35.0428397661154]]]}, "properties": {"fid": 21431, "tipo_culti": "VID", "globalid": "{7EF6F40D-A731-4D2F-8165-5CF554627F5B}", "created_date": 1740061366000, "created_user": "ugdt_admin", "last_edited_date": 1740061366000, "last_edited_user": "ugdt_admin", "shape_Length": 510.7877099585861, "shape_Area": 16111.871352113552, "cultivo": "vid", "id": "V137"}}, {"type": "Feature", "id": 64157, "geometry": {"type": "Polygon", "coordinates": [[[-68.42427687120045, -34.59065233293513], [-68.42485029369408, -34.591827524153906], [-68.42087426041505, -34.59315419074848], [-68.4203019599172, -34.59198124051538], [-68.42427687120045, -34.59065233293513]]]}, "properties": {"fid": 64157, "tipo_culti": "VID", "globalid": "{AB4617AB-9B8F-4426-A9AF-7B2C1F8F75A2}", "created_date": 1740061366000, "created_user": "ugdt_admin", "last_edited_date": 1740061366000, "last_edited_user": "ugdt_admin", "shape_Length": 1297.3531039116333, "shape_Area": 81710.53198724255, "cultivo": "vid", "id": "V138"}}, {"type": "Feature", "id": 44695, "geometry": {"type": "Polygon", "coordinates": [[[-67.86680730088734, -34.85679793280306], [-67.86679291975796, -34.85681005731866], [-67.86621124444181, -34.85703799316173], [-67.86621091745506, -34.85717337178662], [-67.8660001493332, -34.85727325847417], [-67.8660000316539, -34.857329591280866], [-67.86599266187531, -34.85733276686928], [-67.86599210312319, -34.857620470396924], [-67.86555860760811, -34.857798948997306], [-67.86556155587887, -34.85638963678024], [-67.86680806445533, -34.856391434679196], [-67.86680730088734, -34.85679793280306]]]}, "properties": {"fid": 44695, "tipo_culti": "VID", "globalid": "{FBDA4EEC-93D5-4CC5-BC98-976EFA0C8280}", "created_date": 1740061366000, "created_user": "ugdt_admin", "last_edited_date": 1740061366000, "last_edited_user": "ugdt_admin", "shape_Length": 606.1930224793887, "shape_Area": 16152.640819903445, "cultivo": "vid", "id": "V139"}}, {"type": "Feature", "id": 44102, "geometry": {"type": "Polygon", "coordinates": [[[-67.8654635389016, -34.904081485483374], [-67.86548427740826, -34.9051509342401], [-67.86378326890875, -34.90516803103841], [-67.86376103740209, -34.90408153337008], [-67.8654635389016, -34.904081485483374]]]}, "properties": {"fid": 44102, "tipo_culti": "VID", "globalid": "{FE99AC43-0869-4878-8388-12555F833FE7}", "created_date": 1740061366000, "created_user": "ugdt_admin", "last_edited_date": 1740061366000, "last_edited_user": "ugdt_admin", "shape_Length": 671.5741395764767, "shape_Area": 27721.78423530813, "cultivo": "vid", "id": "V140"}}, {"type": "Feature", "id": 23468, "geometry": {"type": "Polygon", "coordinates": [[[-67.49889207500782, -34.995570561087376], [-67.49888506635197, -34.9963860401419], [-67.49779270867829, -34.99637739270626], [-67.4978039250429, -34.99586560580009], [-67.49793049227655, -34.99586194472744], [-67.49792702298294, -34.99556637309953], [-67.49889207500782, -34.995570561087376]]]}, "properties": {"fid": 23468, "tipo_culti": "VID", "globalid": "{47147CB4-3E6E-4086-A37E-C318FF61D1BD}", "created_date": 1740061366000, "created_user": "ugdt_admin", "last_edited_date": 1740061366000, "last_edited_user": "ugdt_admin", "shape_Length": 463.6772763833944, "shape_Area": 12830.19264047076, "cultivo": "vid", "id": "V141"}}, {"type": "Feature", "id": 64256, "geometry": {"type": "Polygon", "coordinates": [[[-68.4449040631112, -34.58452073828307], [-68.44507657378172, -34.58486902354733], [-68.44561676310143, -34.58468605504237], [-68.44647697903771, -34.586422507532355], [-68.44447586316473, -34.58710327864788], [-68.44344199479916, -34.58501608556494], [-68.4449040631112, -34.58452073828307]], [[-68.444738753336, -34.584810787514], [-68.44461607670583, -34.58485232625873], [-68.44464468355605, -34.58491023759159], [-68.44476736018622, -34.58486878910345], [-68.444738753336, -34.584810787514]]]}, "properties": {"fid": 64256, "tipo_culti": "VID", "globalid": "{81DE2CDE-B4F1-4E09-99FD-806325848306}", "created_date": 1740061366000, "created_user": "ugdt_admin", "last_edited_date": 1740061366000, "last_edited_user": "ugdt_admin", "shape_Length": 1137.715454295708, "shape_Area": 69986.62039789822, "cultivo": "vid", "id": "V142"}}, {"type": "Feature", "id": 46438, "geometry": {"type": "Polygon", "coordinates": [[[-68.19496198466898, -34.53660648821903], [-68.19572974150465, -34.538212018740744], [-68.19466649643269, -34.538491752825074], [-68.19390943673541, -34.53690837137852], [-68.19496198466898, -34.53660648821903]]]}, "properties": {"fid": 46438, "tipo_culti": "VID", "globalid": "{608C7514-0D40-43D7-AF0C-5FEE282F190C}", "created_date": 1740061366000, "created_user": "ugdt_admin", "last_edited_date": 1740061366000, "last_edited_user": "ugdt_admin", "shape_Length": 711.4818631541673, "shape_Area": 28709.99094489374, "cultivo": "vid", "id": "V143"}}, {"type": "Feature", "id": 37705, "geometry": {"type": "Polygon", "coordinates": [[[-68.0560290620533, -34.57304945713121], [-68.05661322031287, -34.57423129612925], [-68.05617454780682, -34.574379700968066], [-68.05559985779031, -34.57318982085861], [-68.0560290620533, -34.57304945713121]]]}, "properties": {"fid": 37705, "tipo_culti": "VID", "globalid": "{5BF68784-5087-4E7D-B72C-748AA02D72CD}", "created_date": 1740061366000, "created_user": "ugdt_admin", "last_edited_date": 1740061366000, "last_edited_user": "ugdt_admin", "shape_Length": 449.82895202448776, "shape_Area": 9003.590986404306, "cultivo": "vid", "id": "V144"}}, {"type": "Feature", "id": 46322, "geometry": {"type": "Polygon", "coordinates": [[[-68.19349791491051, -34.5165710282602], [-68.192237821112, -34.51690758649991], [-68.19173407285012, -34.51588880121852], [-68.19300108457463, -34.51556761846766], [-68.19349791491051, -34.5165710282602]]]}, "properties": {"fid": 46322, "tipo_culti": "VID", "globalid": "{B77CC763-0818-48ED-B579-1628A9FC717F}", "created_date": 1740061366000, "created_user": "ugdt_admin", "last_edited_date": 1740061366000, "last_edited_user": "ugdt_admin", "shape_Length": 590.0614974536198, "shape_Area": 21688.541150900888, "cultivo": "vid", "id": "V145"}}, {"type": "Feature", "id": 35361, "geometry": {"type": "Polygon", "coordinates": [[[-67.75572090162447, -34.872336373987075], [-67.75850873507385, -34.87349892614534], [-67.75802528065255, -34.87423704304296], [-67.75522668358946, -34.873083562692656], [-67.75572090162447, -34.872336373987075]]]}, "properties": {"fid": 35361, "tipo_culti": "VID", "globalid": "{5021697F-50E2-471D-8469-B0C74B0E7F90}", "created_date": 1740061366000, "created_user": "ugdt_admin", "last_edited_date": 1740061366000, "last_edited_user": "ugdt_admin", "shape_Length": 925.8169012950465, "shape_Area": 39883.02544416502, "cultivo": "vid", "id": "V146"}}, {"type": "Feature", "id": 33164, "geometry": {"type": "Polygon", "coordinates": [[[-68.2520765650061, -34.74843508655423], [-68.25207961927808, -34.74968317504154], [-68.25062322652201, -34.749790861668714], [-68.2506199934853, -34.74849238469172], [-68.2520765650061, -34.74843508655423]]]}, "properties": {"fid": 33164, "tipo_culti": "VID", "globalid": "{72C784AC-E0E6-4C31-9BBD-67C8E9E30A12}", "created_date": 1740061366000, "created_user": "ugdt_admin", "last_edited_date": 1740061366000, "last_edited_user": "ugdt_admin", "shape_Length": 670.1247719025249, "shape_Area": 27973.267164031568, "cultivo": "vid", "id": "V147"}}, {"type": "Feature", "id": 19992, "geometry": {"type": "Polygon", "coordinates": [[[-67.57236727545757, -35.00277468083579], [-67.57237641491726, -35.003559989192006], [-67.57066478653448, -35.00357346067107], [-67.57065543417404, -35.00276985377872], [-67.57109560686663, -35.00276638506711], [-67.57236727545757, -35.00277468083579]]]}, "properties": {"fid": 19992, "tipo_culti": "VID", "globalid": "{45E545B4-DD36-4803-BFCB-C101D1159447}", "created_date": 1740061366000, "created_user": "ugdt_admin", "last_edited_date": 1740061366000, "last_edited_user": "ugdt_admin", "shape_Length": 597.0598637983735, "shape_Area": 20634.79672172875, "cultivo": "vid", "id": "V148"}}, {"type": "Feature", "id": 13986, "geometry": {"type": "Polygon", "coordinates": [[[-67.48634968651817, -34.941885203010784], [-67.48737021759669, -34.94188547915293], [-67.48737001188249, -34.94264751156878], [-67.48736994810211, -34.94267481992707], [-67.48634951493995, -34.94267463509771], [-67.48634947002418, -34.94264732526661], [-67.48634968651817, -34.941885203010784]]]}, "properties": {"fid": 13986, "tipo_culti": "VID", "globalid": "{0BE7046D-0237-49AE-A7B8-1735F40393C4}", "created_date": 1740061366000, "created_user": "ugdt_admin", "last_edited_date": 1740061366000, "last_edited_user": "ugdt_admin", "shape_Length": 441.59692446829433, "shape_Area": 12178.375906284338, "cultivo": "vid", "id": "V149"}}, {"type": "Feature", "id": 43324, "geometry": {"type": "Polygon", "coordinates": [[[-67.99234077485869, -34.8179076927145], [-67.99276434219324, -34.81791282269903], [-67.99276260574977, -34.818055493812885], [-67.9937037670797, -34.81806328169941], [-67.99369666230412, -34.81864748540013], [-67.99233190309693, -34.81863619009456], [-67.99234077485869, -34.8179076927145]]]}, "properties": {"fid": 43324, "tipo_culti": "VID", "globalid": "{C42D97A7-E248-48BD-9562-9BE7144F0E0C}", "created_date": 1740061366000, "created_user": "ugdt_admin", "last_edited_date": 1740061366000, "last_edited_user": "ugdt_admin", "shape_Length": 501.2152231144548, "shape_Area": 12953.399915925569, "cultivo": "vid", "id": "V150"}}, {"type": "Feature", "id": 42460, "geometry": {"type": "Polygon", "coordinates": [[[-68.23695138353067, -34.659855506883076], [-68.23474478432466, -34.65934851759922], [-68.23488103360042, -34.65894545308286], [-68.2371114687042, -34.659433389176336], [-68.23695138353067, -34.659855506883076]]]}, "properties": {"fid": 42460, "tipo_culti": "VID", "globalid": "{45156353-A0FE-46B8-AA8F-576409093766}", "created_date": 1740061366000, "created_user": "ugdt_admin", "last_edited_date": 1740061366000, "last_edited_user": "ugdt_admin", "shape_Length": 628.4229435066942, "shape_Area": 14900.437145605916, "cultivo": "vid", "id": "V151"}}, {"type": "Feature", "id": 9857, "geometry": {"type": "Polygon", "coordinates": [[[-67.53903386211229, -34.92915896734016], [-67.53902429685114, -34.92982806214793], [-67.53806250571071, -34.929818744110136], [-67.53807208085334, -34.92914956011067], [-67.53903386211229, -34.92915896734016]]]}, "properties": {"fid": 9857, "tipo_culti": "VID", "globalid": "{DA86D1A1-D743-4F26-827D-1EA2A95ADE8A}", "created_date": 1740061366000, "created_user": "ugdt_admin", "last_edited_date": 1740061366000, "last_edited_user": "ugdt_admin", "shape_Length": 395.86898574994933, "shape_Area": 9728.81093151187, "cultivo": "vid", "id": "V152"}}, {"type": "Feature", "id": 64844, "geometry": {"type": "Polygon", "coordinates": [[[-67.75151193788722, -34.89911731099522], [-67.75105493974935, -34.8989244188782], [-67.7507966938681, -34.89936927246343], [-67.7496733793514, -34.89887064535851], [-67.75018029507297, -34.89805745748769], [-67.75175622035569, -34.89872738347095], [-67.75151193788722, -34.89911731099522]]]}, "properties": {"fid": 64844, "tipo_culti": "VID", "globalid": "{D1AC0A41-6207-460A-936D-0C52AD11A67A}", "created_date": 1740061366000, "created_user": "ugdt_admin", "last_edited_date": 1740061366000, "last_edited_user": "ugdt_admin", "shape_Length": 647.332987299889, "shape_Area": 21038.34825929762, "cultivo": "vid", "id": "V153"}}, {"type": "Feature", "id": 5311, "geometry": {"type": "Polygon", "coordinates": [[[-67.67005119516033, -35.02824377583241], [-67.66817372879291, -35.028248778666374], [-67.6681674612472, -35.02725052516779], [-67.67004913891664, -35.02724791153951], [-67.67005119516033, -35.02824377583241]]]}, "properties": {"fid": 5311, "tipo_culti": "VID", "globalid": "{F47D0C12-A5F0-4984-BA52-0578B634AD38}", "created_date": 1740061366000, "created_user": "ugdt_admin", "last_edited_date": 1740061366000, "last_edited_user": "ugdt_admin", "shape_Length": 689.5539949284096, "shape_Area": 28360.161906476344, "cultivo": "vid", "id": "V154"}}, {"type": "Feature", "id": 11507, "geometry": {"type": "Polygon", "coordinates": [[[-67.59301659017882, -34.99249731442198], [-67.59303222715297, -34.991442895212536], [-67.59462455028289, -34.991442594215634], [-67.59460319014205, -34.99251263047638], [-67.59301659017882, -34.99249731442198]]]}, "properties": {"fid": 11507, "tipo_culti": "VID", "globalid": "{D29D65F8-456D-4ECB-BD4F-6A4EBEC80FA8}", "created_date": 1740061366000, "created_user": "ugdt_admin", "last_edited_date": 1740061366000, "last_edited_user": "ugdt_admin", "shape_Length": 642.5950813310059, "shape_Area": 25541.04693308114, "cultivo": "vid", "id": "V155"}}, {"type": "Feature", "id": 15033, "geometry": {"type": "Polygon", "coordinates": [[[-67.4265326153786, -34.94883729623991], [-67.42652554294239, -34.94803317860192], [-67.42814298566259, -34.948041235456856], [-67.42814159776547, -34.94885353570104], [-67.4265326153786, -34.94883729623991]]]}, "properties": {"fid": 15033, "tipo_culti": "VID", "globalid": "{CBAC5CA7-45CE-4D97-A788-B499486C6376}", "created_date": 1740061366000, "created_user": "ugdt_admin", "last_edited_date": 1740061366000, "last_edited_user": "ugdt_admin", "shape_Length": 578.7103491033976, "shape_Area": 19710.98194924581, "cultivo": "vid", "id": "V156"}}, {"type": "Feature", "id": 52596, "geometry": {"type": "Polygon", "coordinates": [[[-67.71701717355944, -34.825036338727465], [-67.71798230283945, -34.82534683685422], [-67.71756219581538, -34.82622490137816], [-67.71610177231864, -34.82575477511931], [-67.71652167003525, -34.82487689362735], [-67.71701717355944, -34.825036338727465]]]}, "properties": {"fid": 52596, "tipo_culti": "VID", "globalid": "{634E7D3F-2DC9-43D6-990F-FE1CAE828A5B}", "created_date": 1740061366000, "created_user": "ugdt_admin", "last_edited_date": 1740061366000, "last_edited_user": "ugdt_admin", "shape_Length": 605.0883985899853, "shape_Area": 22337.259682837743, "cultivo": "vid", "id": "V157"}}, {"type": "Feature", "id": 15633, "geometry": {"type": "Polygon", "coordinates": [[[-67.4665377247109, -34.92618583804749], [-67.46505802067323, -34.92617850672717], [-67.46505885341149, -34.925534551457744], [-67.465251886993, -34.925534646469565], [-67.46545415974721, -34.92535595405937], [-67.46652437754241, -34.92535063117539], [-67.4665377247109, -34.92618583804749]]]}, "properties": {"fid": 15633, "tipo_culti": "VID", "globalid": "{13C316DF-5553-4E31-9269-06932BB45C8E}", "created_date": 1740061366000, "created_user": "ugdt_admin", "last_edited_date": 1740061366000, "last_edited_user": "ugdt_admin", "shape_Length": 539.2900057345457, "shape_Area": 17637.195876054215, "cultivo": "vid", "id": "V158"}}, {"type": "Feature", "id": 66374, "geometry": {"type": "Polygon", "coordinates": [[[-68.10443719940281, -34.64260119055008], [-68.10473118385933, -34.64217022784815], [-68.10655628563218, -34.64267911145735], [-68.1062592055812, -34.64311465363659], [-68.10443719940281, -34.64260119055008]]]}, "properties": {"fid": 66374, "tipo_culti": "VID", "globalid": "{24A842F3-6198-4D16-B1B7-C95DB9A0C9A1}", "created_date": 1740061366000, "created_user": "ugdt_admin", "last_edited_date": 1740061366000, "last_edited_user": "ugdt_admin", "shape_Length": 563.3596414259038, "shape_Area": 14175.624976647672, "cultivo": "vid", "id": "V159"}}, {"type": "Feature", "id": 57837, "geometry": {"type": "Polygon", "coordinates": [[[-68.02792503752258, -34.68781737166052], [-68.02960747604854, -34.68784015394042], [-68.02958763675548, -34.68883881942927], [-68.02790506977044, -34.68881594509368], [-68.02792503752258, -34.68781737166052]]]}, "properties": {"fid": 57837, "tipo_culti": "VID", "globalid": "{75A8D02F-DE46-4092-AF34-77CBDF9D0E17}", "created_date": 1740061366000, "created_user": "ugdt_admin", "last_edited_date": 1740061366000, "last_edited_user": "ugdt_admin", "shape_Length": 645.0689028468082, "shape_Area": 25328.326703735067, "cultivo": "vid", "id": "V160"}}, {"type": "Feature", "id": 37024, "geometry": {"type": "Polygon", "coordinates": [[[-68.04323865859516, -34.57375599027131], [-68.04486436581598, -34.57322175260454], [-68.0453315005435, -34.57417854983861], [-68.04371180215362, -34.5747196912701], [-68.04323865859516, -34.57375599027131]]]}, "properties": {"fid": 37024, "tipo_culti": "VID", "globalid": "{0BC0CA04-83F3-4140-AFB2-8B8F3483BA36}", "created_date": 1740061366000, "created_user": "ugdt_admin", "last_edited_date": 1740061366000, "last_edited_user": "ugdt_admin", "shape_Length": 669.3828732061052, "shape_Area": 27255.24700382683, "cultivo": "vid", "id": "V161"}}, {"type": "Feature", "id": 47583, "geometry": {"type": "Polygon", "coordinates": [[[-68.28316502287937, -34.527086430369025], [-68.28230135651408, -34.52602713768519], [-68.28352684720782, -34.52548374043747], [-68.28438895948767, -34.52654761230468], [-68.28316502287937, -34.527086430369025]]]}, "properties": {"fid": 47583, "tipo_culti": "VID", "globalid": "{94431AA2-FD8F-4389-BDC0-FC40EC107B9F}", "created_date": 1740061366000, "created_user": "ugdt_admin", "last_edited_date": 1740061366000, "last_edited_user": "ugdt_admin", "shape_Length": 654.6677706171689, "shape_Area": 26578.754452975423, "cultivo": "vid", "id": "V162"}}, {"type": "Feature", "id": 7083, "geometry": {"type": "Polygon", "coordinates": [[[-67.57964103043282, -34.92696647997346], [-67.57963325192078, -34.92772248791824], [-67.57866278574967, -34.92771573415614], [-67.5786705750415, -34.92695963629453], [-67.57964103043282, -34.92696647997346]]]}, "properties": {"fid": 7083, "tipo_culti": "VID", "globalid": "{F7B6807D-568A-4EFE-AF5D-820BC1D8D632}", "created_date": 1740061366000, "created_user": "ugdt_admin", "last_edited_date": 1740061366000, "last_edited_user": "ugdt_admin", "shape_Length": 421.38460187591744, "shape_Area": 11090.580655264514, "cultivo": "vid", "id": "V163"}}, {"type": "Feature", "id": 34799, "geometry": {"type": "Polygon", "coordinates": [[[-67.84667232107357, -34.8607851722738], [-67.84915336997196, -34.86082490378235], [-67.84912937776735, -34.861856351411156], [-67.84747321855671, -34.86148959251861], [-67.84654037203308, -34.86129939684605], [-67.84667232107357, -34.8607851722738]]]}, "properties": {"fid": 34799, "tipo_culti": "VID", "globalid": "{A7BFCF94-5125-4829-AAF4-FB464520EA3F}", "created_date": 1740061366000, "created_user": "ugdt_admin", "last_edited_date": 1740061366000, "last_edited_user": "ugdt_admin", "shape_Length": 785.4534062296752, "shape_Area": 29734.246289339186, "cultivo": "vid", "id": "V164"}}, {"type": "Feature", "id": 34668, "geometry": {"type": "Polygon", "coordinates": [[[-67.81923356997767, -34.871135507950754], [-67.82405735147518, -34.87113088466306], [-67.82405937717614, -34.872516979330186], [-67.81923332563592, -34.87252166960706], [-67.81923356997767, -34.871135507950754]]]}, "properties": {"fid": 34668, "tipo_culti": "VID", "globalid": "{AA794BAB-9E0A-457E-8E40-592E5DD1E98D}", "created_date": 1740061366000, "created_user": "ugdt_admin", "last_edited_date": 1740061366000, "last_edited_user": "ugdt_admin", "shape_Length": 1450.365680499121, "shape_Area": 101016.58925861945, "cultivo": "vid", "id": "V165"}}, {"type": "Feature", "id": 47516, "geometry": {"type": "Polygon", "coordinates": [[[-68.24242719729568, -34.563467499271965], [-68.2428679350286, -34.56429963015312], [-68.24135222202274, -34.56481619854119], [-68.24093510638855, -34.56397600578378], [-68.24242719729568, -34.563467499271965]]]}, "properties": {"fid": 47516, "tipo_culti": "VID", "globalid": "{AB1F569C-AD78-4C8E-9141-DADE5AC888F7}", "created_date": 1740061366000, "created_user": "ugdt_admin", "last_edited_date": 1740061366000, "last_edited_user": "ugdt_admin", "shape_Length": 607.7917970801171, "shape_Area": 22231.3372031625, "cultivo": "vid", "id": "V166"}}, {"type": "Feature", "id": 40229, "geometry": {"type": "Polygon", "coordinates": [[[-68.05709788476486, -34.67291407511899], [-68.05883040167296, -34.67299831369848], [-68.05887260183005, -34.67300035200759], [-68.0585499575227, -34.67539321030425], [-68.05676509668133, -34.6752925181714], [-68.05709788476486, -34.67291407511899]]]}, "properties": {"fid": 40229, "tipo_culti": "VID", "globalid": "{8C908F65-7B5F-4ABB-905E-18D2783FB8C1}", "created_date": 1740061366000, "created_user": "ugdt_admin", "last_edited_date": 1740061366000, "last_edited_user": "ugdt_admin", "shape_Length": 1047.0113091844396, "shape_Area": 64439.986395780754, "cultivo": "vid", "id": "V167"}}, {"type": "Feature", "id": 43876, "geometry": {"type": "Polygon", "coordinates": [[[-67.87268197921492, -34.85360174924276], [-67.87268505145319, -34.85428229305273], [-67.87218610827976, -34.85446757996328], [-67.87218315012753, -34.853787037685976], [-67.87268197921492, -34.85360174924276]]]}, "properties": {"fid": 43876, "tipo_culti": "VID", "globalid": "{BC3A807E-403E-4AD5-93AF-3E2FCBF65C31}", "created_date": 1740061366000, "created_user": "ugdt_admin", "last_edited_date": 1740061366000, "last_edited_user": "ugdt_admin", "shape_Length": 306.55650768919827, "shape_Area": 5135.424839938432, "cultivo": "vid", "id": "V168"}}, {"type": "Feature", "id": 22231, "geometry": {"type": "Polygon", "coordinates": [[[-68.36458199968563, -34.664392803759476], [-68.36439824390436, -34.6639974775375], [-68.36578975494072, -34.66355600038028], [-68.36594941790605, -34.6639497571403], [-68.36458199968563, -34.664392803759476]]]}, "properties": {"fid": 22231, "tipo_culti": "VID", "globalid": "{6FB3A986-6F67-42B6-945A-AE6553DB5274}", "created_date": 1740061366000, "created_user": "ugdt_admin", "last_edited_date": 1740061366000, "last_edited_user": "ugdt_admin", "shape_Length": 443.0908395129798, "shape_Area": 9344.044432773493, "cultivo": "vid", "id": "V169"}}, {"type": "Feature", "id": 44435, "geometry": {"type": "Polygon", "coordinates": [[[-67.86167294305002, -34.848275550016965], [-67.86167123894593, -34.84873269508645], [-67.86090182471857, -34.84912325421467], [-67.86092367174628, -34.8491564478732], [-67.8597161356801, -34.849697925185744], [-67.8597057682234, -34.84915765321278], [-67.86167294305002, -34.848275550016965]]]}, "properties": {"fid": 44435, "tipo_culti": "VID", "globalid": "{7015E068-1958-4F18-AEDA-F28E51983260}", "created_date": 1740061366000, "created_user": "ugdt_admin", "last_edited_date": 1740061366000, "last_edited_user": "ugdt_admin", "shape_Length": 643.8562105153567, "shape_Area": 15378.710887120902, "cultivo": "vid", "id": "V170"}}, {"type": "Feature", "id": 1166, "geometry": {"type": "Polygon", "coordinates": [[[-67.63294554842616, -35.02387768202006], [-67.63295550625108, -35.02470103342234], [-67.63205214063844, -35.024700946617465], [-67.63204933519981, -35.02387632328925], [-67.63294554842616, -35.02387768202006]]]}, "properties": {"fid": 1166, "tipo_culti": "VID", "globalid": "{740176BA-1F70-42DF-8229-DCB7D8F1E24D}", "created_date": 1740061366000, "created_user": "ugdt_admin", "last_edited_date": 1740061366000, "last_edited_user": "ugdt_admin", "shape_Length": 424.35399590864427, "shape_Area": 11219.296019752637, "cultivo": "vid", "id": "V171"}}, {"type": "Feature", "id": 57832, "geometry": {"type": "Polygon", "coordinates": [[[-68.02687722910045, -34.685681292521885], [-68.02803297459553, -34.685697005558325], [-68.02801369764786, -34.68666475798346], [-68.02685793867805, -34.68664904513069], [-68.02687722910045, -34.685681292521885]]]}, "properties": {"fid": 57832, "tipo_culti": "VID", "globalid": "{66AF2351-CC82-4559-812D-2C503156F887}", "created_date": 1740061366000, "created_user": "ugdt_admin", "last_edited_date": 1740061366000, "last_edited_user": "ugdt_admin", "shape_Length": 519.4122387527854, "shape_Area": 16860.429886079997, "cultivo": "vid", "id": "V172"}}, {"type": "Feature", "id": 62670, "geometry": {"type": "Polygon", "coordinates": [[[-68.41147629611837, -34.60348374071636], [-68.41699671483047, -34.601615987211076], [-68.41723123081518, -34.60208071090343], [-68.41774450660895, -34.60190494970937], [-68.4179066435346, -34.60222870369651], [-68.41187438273988, -34.60429441888284], [-68.41147629611837, -34.60348374071636]]]}, "properties": {"fid": 62670, "tipo_culti": "VID", "globalid": "{03DF468D-F0DC-4435-975C-9EB388398E34}", "created_date": 1740061366000, "created_user": "ugdt_admin", "last_edited_date": 1740061366000, "last_edited_user": "ugdt_admin", "shape_Length": 1687.282449630039, "shape_Area": 80620.7998702095, "cultivo": "vid", "id": "V173"}}, {"type": "Feature", "id": 12186, "geometry": {"type": "Polygon", "coordinates": [[[-67.62291641703108, -35.03604975006436], [-67.62290540188908, -35.03690215345752], [-67.62058561316061, -35.03689247321513], [-67.62058472023521, -35.03604588263459], [-67.62291641703108, -35.03604975006436]]]}, "properties": {"fid": 12186, "tipo_culti": "VID", "globalid": "{8B17E0E3-C040-4CC1-AE1C-EBBBF4183D38}", "created_date": 1740061366000, "created_user": "ugdt_admin", "last_edited_date": 1740061366000, "last_edited_user": "ugdt_admin", "shape_Length": 748.8009160554502, "shape_Area": 29902.1673857954, "cultivo": "vid", "id": "V174"}}, {"type": "Feature", "id": 57923, "geometry": {"type": "Polygon", "coordinates": [[[-68.0987050989822, -34.765440840225196], [-68.09947816216624, -34.76543547304205], [-68.09950108717229, -34.767065787027114], [-68.09872735384504, -34.76707123823005], [-68.0987050989822, -34.765440840225196]]]}, "properties": {"fid": 57923, "tipo_culti": "VID", "globalid": "{7B26C168-BDBD-43C5-AD65-09BB9CDCA710}", "created_date": 1740061366000, "created_user": "ugdt_admin", "last_edited_date": 1740061366000, "last_edited_user": "ugdt_admin", "shape_Length": 614.0826695329531, "shape_Area": 19022.622536253628, "cultivo": "vid", "id": "V175"}}, {"type": "Feature", "id": 44069, "geometry": {"type": "Polygon", "coordinates": [[[-67.8693367438267, -34.92603651879484], [-67.86933590839347, -34.92711044972251], [-67.86557462726458, -34.927116848535825], [-67.86557599360212, -34.92603967847127], [-67.8693367438267, -34.92603651879484]]]}, "properties": {"fid": 44069, "tipo_culti": "VID", "globalid": "{A737DD96-1313-457B-8F96-35CF17124DC9}", "created_date": 1740061366000, "created_user": "ugdt_admin", "last_edited_date": 1740061366000, "last_edited_user": "ugdt_admin", "shape_Length": 1129.4141299215019, "shape_Area": 61139.81502372333, "cultivo": "vid", "id": "V176"}}, {"type": "Feature", "id": 64628, "geometry": {"type": "Polygon", "coordinates": [[[-68.40014220187295, -34.65374748486792], [-68.40050314854739, -34.65480950727026], [-68.39844141525731, -34.655719248840285], [-68.39821474695493, -34.65500808444108], [-68.39830492074148, -34.65496832618611], [-68.3982507846692, -34.65485168565389], [-68.39884631560028, -34.654589967103185], [-68.39869991985337, -34.65436389106647], [-68.40013589839461, -34.65372906488117], [-68.40014220187295, -34.65374748486792]]]}, "properties": {"fid": 64628, "tipo_culti": "VID", "globalid": "{514C0B9A-C995-46F5-87F7-ACDAA8FE5F7B}", "created_date": 1740061366000, "created_user": "ugdt_admin", "last_edited_date": 1740061366000, "last_edited_user": "ugdt_admin", "shape_Length": 831.3465271605451, "shape_Area": 35416.792409625516, "cultivo": "vid", "id": "V177"}}, {"type": "Feature", "id": 23807, "geometry": {"type": "Polygon", "coordinates": [[[-67.58285120860965, -35.00924072059273], [-67.58306842394029, -35.00838387968206], [-67.58424999689811, -35.00798091402679], [-67.58476949622019, -35.00808611503018], [-67.58486596719686, -35.008158171068864], [-67.58492997216085, -35.00820082736625], [-67.58545565458704, -35.008188839988], [-67.58553799775923, -35.00821620743777], [-67.58559842293681, -35.00881671886757], [-67.58557883517203, -35.00887282114734], [-67.58552326898183, -35.00889984255323], [-67.58541359187215, -35.008926684420715], [-67.58411183241415, -35.00909500563378], [-67.58285120860965, -35.00924072059273]]]}, "properties": {"fid": 23807, "tipo_culti": "VID", "globalid": "{69B1089D-C454-4B19-9D90-79BA20B459A9}", "created_date": 1740061366000, "created_user": "ugdt_admin", "last_edited_date": 1740061366000, "last_edited_user": "ugdt_admin", "shape_Length": 811.3284272408451, "shape_Area": 35873.89941417881, "cultivo": "vid", "id": "V178"}}, {"type": "Feature", "id": 65317, "geometry": {"type": "Polygon", "coordinates": [[[-67.7296350160414, -34.88532624359235], [-67.7311425328186, -34.886007886634516], [-67.73067786396652, -34.88670570725518], [-67.72916675572482, -34.88602942785812], [-67.7296350160414, -34.88532624359235]]]}, "properties": {"fid": 65317, "tipo_culti": "VID", "globalid": "{DB7434B4-A333-4C78-89CF-5A22D73E2D47}", "created_date": 1740061366000, "created_user": "ugdt_admin", "last_edited_date": 1740061366000, "last_edited_user": "ugdt_admin", "shape_Length": 599.8871133750206, "shape_Area": 20756.651833275024, "cultivo": "vid", "id": "V179"}}, {"type": "Feature", "id": 53663, "geometry": {"type": "Polygon", "coordinates": [[[-67.75406225048725, -34.87149016485886], [-67.75354074612547, -34.87129121376051], [-67.75361974936143, -34.8711506955927], [-67.75338379068239, -34.8710606671135], [-67.75366638629774, -34.87061127794578], [-67.7544452337339, -34.87091056882068], [-67.75406225048725, -34.87149016485886]]]}, "properties": {"fid": 53663, "tipo_culti": "VID", "globalid": "{8728B36F-8D65-455C-AA3C-73259B4D0CBE}", "created_date": 1740061366000, "created_user": "ugdt_admin", "last_edited_date": 1740061366000, "last_edited_user": "ugdt_admin", "shape_Length": 367.7924002078227, "shape_Area": 7862.010156968619, "cultivo": "vid", "id": "V180"}}, {"type": "Feature", "id": 30511, "geometry": {"type": "Polygon", "coordinates": [[[-68.39516921469834, -34.501403471086995], [-68.3955866932519, -34.502246219542506], [-68.39376336744836, -34.502867562046674], [-68.39334437613186, -34.50202534104909], [-68.39516921469834, -34.501403471086995]]]}, "properties": {"fid": 30511, "tipo_culti": "VID", "globalid": "{2220CD7F-9895-4BA8-B7A8-0AF8F3A10646}", "created_date": 1740061366000, "created_user": "ugdt_admin", "last_edited_date": 1740061366000, "last_edited_user": "ugdt_admin", "shape_Length": 685.3785057000445, "shape_Area": 27017.47663699838, "cultivo": "vid", "id": "V181"}}, {"type": "Feature", "id": 11829, "geometry": {"type": "Polygon", "coordinates": [[[-67.60517044473168, -34.98840556375516], [-67.60561610792729, -34.98840320352805], [-67.60623022320497, -34.98839989096718], [-67.60624622669177, -34.989381041937094], [-67.60568998986783, -34.98938078288189], [-67.60568915084136, -34.98933985509314], [-67.60569073277458, -34.98931761092115], [-67.60568547852847, -34.9886135505004], [-67.60550990729777, -34.9886145079833], [-67.60550955246323, -34.98856439209199], [-67.60517155504938, -34.988566097310425], [-67.60517044473168, -34.98840556375516]]]}, "properties": {"fid": 11829, "tipo_culti": "VID", "globalid": "{9E33FBE4-86F4-48AE-99D5-59AC74EE3C47}", "created_date": 1740061366000, "created_user": "ugdt_admin", "last_edited_date": 1740061366000, "last_edited_user": "ugdt_admin", "shape_Length": 503.27653990912245, "shape_Area": 9540.862476241338, "cultivo": "vid", "id": "V182"}}, {"type": "Feature", "id": 25886, "geometry": {"type": "Polygon", "coordinates": [[[-67.77123355253308, -34.98166348106654], [-67.77232058229883, -34.98155126859921], [-67.77175976945684, -34.98276931081636], [-67.77124257161854, -34.982789584992716], [-67.77123355253308, -34.98166348106654]]]}, "properties": {"fid": 25886, "tipo_culti": "VID", "globalid": "{945A1606-20B4-405E-89D3-7CB78C0764EB}", "created_date": 1740061366000, "created_user": "ugdt_admin", "last_edited_date": 1740061366000, "last_edited_user": "ugdt_admin", "shape_Length": 509.4822011206275, "shape_Area": 13942.744644273382, "cultivo": "vid", "id": "V183"}}, {"type": "Feature", "id": 38087, "geometry": {"type": "Polygon", "coordinates": [[[-68.01036418464705, -34.76414530957255], [-68.00792647047798, -34.76417531622901], [-68.00789295433472, -34.76240303846676], [-68.01034976039854, -34.76237967674247], [-68.01036418464705, -34.76414530957255]]]}, "properties": {"fid": 38087, "tipo_culti": "VID", "globalid": "{E627BFB6-6EAD-45A1-B3BC-1F744CBB9DEB}", "created_date": 1740061366000, "created_user": "ugdt_admin", "last_edited_date": 1740061366000, "last_edited_user": "ugdt_admin", "shape_Length": 1024.343749929745, "shape_Area": 65311.27471916954, "cultivo": "vid", "id": "V184"}}, {"type": "Feature", "id": 15509, "geometry": {"type": "Polygon", "coordinates": [[[-67.4259520342105, -34.929738164986446], [-67.42655500678539, -34.92973903698835], [-67.4265563012577, -34.930599592299714], [-67.42594928626403, -34.93059803685314], [-67.4243566262659, -34.93059388163073], [-67.42435836899755, -34.929735979826205], [-67.4259520342105, -34.929738164986446]]]}, "properties": {"fid": 15509, "tipo_culti": "VID", "globalid": "{F94B31E2-0E7E-4ACB-AD77-08C6BAB0763A}", "created_date": 1740061366000, "created_user": "ugdt_admin", "last_edited_date": 1740061366000, "last_edited_user": "ugdt_admin", "shape_Length": 722.7296307059227, "shape_Area": 28548.856831393794, "cultivo": "vid", "id": "V185"}}, {"type": "Feature", "id": 39075, "geometry": {"type": "Polygon", "coordinates": [[[-68.01395731373118, -34.75259327231028], [-68.01104809542905, -34.752618984619005], [-68.01104491808789, -34.75151144164272], [-68.01394851742792, -34.75149577875017], [-68.01395731373118, -34.75259327231028]]]}, "properties": {"fid": 39075, "tipo_culti": "VID", "globalid": "{1F18EEB5-4557-4416-94F4-E42BADC44078}", "created_date": 1740061366000, "created_user": "ugdt_admin", "last_edited_date": 1740061366000, "last_edited_user": "ugdt_admin", "shape_Length": 945.8624436770453, "shape_Area": 48331.165687756366, "cultivo": "vid", "id": "V186"}}, {"type": "Feature", "id": 487, "geometry": {"type": "Polygon", "coordinates": [[[-67.6290150759017, -35.002373287257136], [-67.6231746853702, -35.002370715512164], [-67.62317060252725, -34.99992086324063], [-67.6290186251454, -34.99990855823039], [-67.6290150759017, -35.002373287257136]]]}, "properties": {"fid": 487, "tipo_culti": "VID", "globalid": "{AA93A336-8EEA-4C27-9D45-75401B7C8B6C}", "created_date": 1740061366000, "created_user": "ugdt_admin", "last_edited_date": 1740061366000, "last_edited_user": "ugdt_admin", "shape_Length": 1969.032284853687, "shape_Area": 217253.15746875823, "cultivo": "vid", "id": "V187"}}, {"type": "Feature", "id": 62721, "geometry": {"type": "Polygon", "coordinates": [[[-68.1231817605316, -34.757970180500266], [-68.12395297767776, -34.75796752877007], [-68.12395718628485, -34.75879953539155], [-68.12319765083065, -34.75903951458231], [-68.1231817605316, -34.757970180500266]]]}, "properties": {"fid": 62721, "tipo_culti": "VID", "globalid": "{DAD3243C-716E-45D7-95A1-FEEF7AD94AF5}", "created_date": 1740061366000, "created_user": "ugdt_admin", "last_edited_date": 1740061366000, "last_edited_user": "ugdt_admin", "shape_Length": 434.07863542500377, "shape_Area": 10993.441287749376, "cultivo": "vid", "id": "V188"}}, {"type": "Feature", "id": 62615, "geometry": {"type": "Polygon", "coordinates": [[[-68.12233001660674, -34.75555059292675], [-68.12184992907115, -34.755548573626314], [-68.1218583373022, -34.75430049037783], [-68.12196807190405, -34.75425125514741], [-68.12231827113442, -34.75424539642686], [-68.12233001660674, -34.75555059292675]]]}, "properties": {"fid": 62615, "tipo_culti": "VID", "globalid": "{DDD58318-AA1E-415D-8F9A-737287F812B5}", "created_date": 1740061366000, "created_user": "ugdt_admin", "last_edited_date": 1740061366000, "last_edited_user": "ugdt_admin", "shape_Length": 452.309202655478, "shape_Area": 9176.068799099787, "cultivo": "vid", "id": "V189"}}, {"type": "Feature", "id": 23531, "geometry": {"type": "Polygon", "coordinates": [[[-67.56768400214861, -34.980522593174165], [-67.56921053087048, -34.98051499732442], [-67.56921768235846, -34.98148234519933], [-67.56767887187003, -34.981489885757576], [-67.56768400214861, -34.980522593174165]]]}, "properties": {"fid": 23531, "tipo_culti": "VID", "globalid": "{1287F488-179A-401D-906C-9119D0994BD5}", "created_date": 1740061366000, "created_user": "ugdt_admin", "last_edited_date": 1740061366000, "last_edited_user": "ugdt_admin", "shape_Length": 604.0907492150433, "shape_Area": 22423.2296393809, "cultivo": "vid", "id": "V190"}}, {"type": "Feature", "id": 43056, "geometry": {"type": "Polygon", "coordinates": [[[-67.81305594739695, -34.96434842749401], [-67.81372993718493, -34.96434951556403], [-67.8137283893877, -34.96528480208357], [-67.81305431336145, -34.96528912118614], [-67.81305594739695, -34.96434842749401]]]}, "properties": {"fid": 43056, "tipo_culti": "VID", "globalid": "{148664A7-B417-4FC9-9A38-6C67B1AD4919}", "created_date": 1740061366000, "created_user": "ugdt_admin", "last_edited_date": 1740061366000, "last_edited_user": "ugdt_admin", "shape_Length": 404.89738547071056, "shape_Area": 9560.242058899414, "cultivo": "vid", "id": "V191"}}, {"type": "Feature", "id": 65073, "geometry": {"type": "Polygon", "coordinates": [[[-67.72397497038803, -34.805624337127334], [-67.72487632107948, -34.80591950885137], [-67.7243984092635, -34.806915340416744], [-67.72349585303293, -34.80661979166188], [-67.72397497038803, -34.805624337127334]]]}, "properties": {"fid": 65073, "tipo_culti": "VID", "globalid": "{B0F3DF77-D626-4FF7-882B-6496CB7D582A}", "created_date": 1740061366000, "created_user": "ugdt_admin", "last_edited_date": 1740061366000, "last_edited_user": "ugdt_admin", "shape_Length": 506.42191170316335, "shape_Area": 15686.226776916003, "cultivo": "vid", "id": "V192"}}, {"type": "Feature", "id": 17212, "geometry": {"type": "Polygon", "coordinates": [[[-67.69929915773001, -34.93435706664874], [-67.70036245310764, -34.93434843770304], [-67.70036443029959, -34.93501398840955], [-67.69929728204771, -34.93502347671148], [-67.69929915773001, -34.93435706664874]]]}, "properties": {"fid": 17212, "tipo_culti": "VID", "globalid": "{2521D29C-9E65-41B0-B6C3-B6E91E4D109F}", "created_date": 1740061366000, "created_user": "ugdt_admin", "last_edited_date": 1740061366000, "last_edited_user": "ugdt_admin", "shape_Length": 418.037094651796, "shape_Area": 10723.423059187613, "cultivo": "vid", "id": "V193"}}, {"type": "Feature", "id": 43292, "geometry": {"type": "Polygon", "coordinates": [[[-67.94973595726383, -34.828646676085384], [-67.94976045521993, -34.829601333132075], [-67.94671088323949, -34.83046153945111], [-67.94670567929904, -34.82950542718935], [-67.94973595726383, -34.828646676085384]]]}, "properties": {"fid": 43292, "tipo_culti": "VID", "globalid": "{ACA5DD0E-3626-4646-8F6E-04CAFC1C50D0}", "created_date": 1740061366000, "created_user": "ugdt_admin", "last_edited_date": 1740061366000, "last_edited_user": "ugdt_admin", "shape_Length": 974.9847431604308, "shape_Area": 44037.40767054223, "cultivo": "vid", "id": "V194"}}, {"type": "Feature", "id": 11220, "geometry": {"type": "Polygon", "coordinates": [[[-67.70627098265007, -35.125711522097994], [-67.70541100746227, -35.125373368841295], [-67.70551636008217, -35.124622190189335], [-67.70654102700425, -35.12503429429788], [-67.70627098265007, -35.125711522097994]]]}, "properties": {"fid": 11220, "tipo_culti": "VID", "globalid": "{3DEAFE38-FE0B-4B1F-B93E-074D0A181F59}", "created_date": 1740061366000, "created_user": "ugdt_admin", "last_edited_date": 1740061366000, "last_edited_user": "ugdt_admin", "shape_Length": 433.1917885363789, "shape_Area": 11263.618719895101, "cultivo": "vid", "id": "V195"}}, {"type": "Feature", "id": 52529, "geometry": {"type": "Polygon", "coordinates": [[[-67.77429003704964, -34.86109225029614], [-67.774810682622, -34.861259826992125], [-67.77437674872907, -34.86217589411909], [-67.77385609956343, -34.86200831486694], [-67.77429003704964, -34.86109225029614]]]}, "properties": {"fid": 52529, "tipo_culti": "VID", "globalid": "{12CC46F4-032C-4A49-852D-6B30ECB57F67}", "created_date": 1740061366000, "created_user": "ugdt_admin", "last_edited_date": 1740061366000, "last_edited_user": "ugdt_admin", "shape_Length": 391.1906408351489, "shape_Area": 8301.255181446093, "cultivo": "vid", "id": "V196"}}, {"type": "Feature", "id": 26214, "geometry": {"type": "Polygon", "coordinates": [[[-67.75099482089728, -34.97657112006541], [-67.75101595915423, -34.97792664179788], [-67.75026792123735, -34.977934536726096], [-67.75024668416572, -34.976579104188446], [-67.75099482089728, -34.97657112006541]]]}, "properties": {"fid": 26214, "tipo_culti": "VID", "globalid": "{1E5E92A8-2195-4CC0-A1DD-F77806FD948D}", "created_date": 1740061366000, "created_user": "ugdt_admin", "last_edited_date": 1740061366000, "last_edited_user": "ugdt_admin", "shape_Length": 534.9030786822684, "shape_Area": 15338.177419911395, "cultivo": "vid", "id": "V197"}}, {"type": "Feature", "id": 53424, "geometry": {"type": "Polygon", "coordinates": [[[-67.77172101433887, -34.86470752426096], [-67.7721092688996, -34.86388789971255], [-67.77310927257555, -34.864214271643206], [-67.77280445623337, -34.8648577208512], [-67.77172101433887, -34.86470752426096]]]}, "properties": {"fid": 53424, "tipo_culti": "VID", "globalid": "{624B88C5-3668-4960-A096-B4144EE59E4C}", "created_date": 1740061366000, "created_user": "ugdt_admin", "last_edited_date": 1740061366000, "last_edited_user": "ugdt_admin", "shape_Length": 455.0847397576168, "shape_Area": 12756.390286220801, "cultivo": "vid", "id": "V198"}}, {"type": "Feature", "id": 51024, "geometry": {"type": "Polygon", "coordinates": [[[-67.70789565231674, -34.8329983011629], [-67.70752869321811, -34.83377459200476], [-67.70602932685549, -34.833287616830205], [-67.70639349848179, -34.832515537620516], [-67.70789565231674, -34.8329983011629]]]}, "properties": {"fid": 51024, "tipo_culti": "VID", "globalid": "{EA5B8E42-F729-45C2-8FCF-BC1C59A53A3E}", "created_date": 1740061366000, "created_user": "ugdt_admin", "last_edited_date": 1740061366000, "last_edited_user": "ugdt_admin", "shape_Length": 584.2906456941303, "shape_Area": 20216.861149938813, "cultivo": "vid", "id": "V199"}}, {"type": "Feature", "id": 18455, "geometry": {"type": "Polygon", "coordinates": [[[-67.52073105201603, -35.01384687780909], [-67.52073447908884, -35.013206471137615], [-67.52156195322966, -35.01320943542603], [-67.52156048538248, -35.01341274606691], [-67.52128872883937, -35.01384898788918], [-67.52073105201603, -35.01384687780909]]]}, "properties": {"fid": 18455, "tipo_culti": "VID", "globalid": "{08EAB6A6-E8F8-45D0-A19C-E5F9D398BAB6}", "created_date": 1740061366000, "created_user": "ugdt_admin", "last_edited_date": 1740061366000, "last_edited_user": "ugdt_admin", "shape_Length": 335.4387084570876, "shape_Area": 7124.748368001778, "cultivo": "vid", "id": "V200"}}, {"type": "Feature", "id": 45534, "geometry": {"type": "Polygon", "coordinates": [[[-68.18341341585287, -34.52962790994999], [-68.18462359566092, -34.52932888146429], [-68.18516640985787, -34.530395099030414], [-68.18487216399161, -34.530456234221845], [-68.18472222978079, -34.530439999642894], [-68.18436763599207, -34.53049054536535], [-68.18387984899617, -34.53057274167325], [-68.18341341585287, -34.52962790994999]]]}, "properties": {"fid": 45534, "tipo_culti": "OLIVOS", "globalid": "{2F160914-2A7B-469F-9C97-C7438532C003}", "created_date": 1740061366000, "created_user": "ugdt_admin", "last_edited_date": 1740061366000, "last_edited_user": "ugdt_admin", "shape_Length": 580.8000588202048, "shape_Area": 20602.905413128945, "cultivo": "olivo", "id": "O001"}}, {"type": "Feature", "id": 18401, "geometry": {"type": "Polygon", "coordinates": [[[-67.4723605064662, -34.988958914073876], [-67.47109300156662, -34.98895773654415], [-67.47109402654435, -34.988201850954034], [-67.47111145386087, -34.98752971978679], [-67.47235723031037, -34.987532155107935], [-67.4723605064662, -34.988958914073876]]]}, "properties": {"fid": 18401, "tipo_culti": "OLIVOS", "globalid": "{5E041A1C-9BB4-4251-8B97-E86C2FA036BC}", "created_date": 1740061366000, "created_user": "ugdt_admin", "last_edited_date": 1740061366000, "last_edited_user": "ugdt_admin", "shape_Length": 667.6955947977613, "shape_Area": 27225.800577885828, "cultivo": "olivo", "id": "O002"}}, {"type": "Feature", "id": 5942, "geometry": {"type": "Polygon", "coordinates": [[[-67.6616031184282, -35.01406434967487], [-67.66161223183678, -35.0145740436456], [-67.66075788459422, -35.01458435631233], [-67.66071747388119, -35.014543171853035], [-67.66072506644196, -35.014279085524336], [-67.66110214416395, -35.014070721099024], [-67.6616031184282, -35.01406434967487]]]}, "properties": {"fid": 5942, "tipo_culti": "OLIVOS", "globalid": "{DB4792F1-DC64-4236-8190-B05242FE0506}", "created_date": 1740061366000, "created_user": "ugdt_admin", "last_edited_date": 1740061366000, "last_edited_user": "ugdt_admin", "shape_Length": 313.8981398616908, "shape_Area": 6230.809442643301, "cultivo": "olivo", "id": "O003"}}, {"type": "Feature", "id": 60989, "geometry": {"type": "Polygon", "coordinates": [[[-68.32273170584398, -34.677059464188495], [-68.3227177307531, -34.67693985985917], [-68.324122586263, -34.6764941580325], [-68.3242458476964, -34.67672695469802], [-68.32274934875616, -34.677210998513075], [-68.32273170584398, -34.677059464188495]]]}, "properties": {"fid": 60989, "tipo_culti": "OLIVOS", "globalid": "{B34A9239-E5C2-44F1-AFA2-335C30912306}", "created_date": 1740061366000, "created_user": "ugdt_admin", "last_edited_date": 1740061366000, "last_edited_user": "ugdt_admin", "shape_Length": 417.8741553193163, "shape_Area": 6050.3410000569775, "cultivo": "olivo", "id": "O004"}}, {"type": "Feature", "id": 28627, "geometry": {"type": "Polygon", "coordinates": [[[-68.3874939433338, -34.58498952244811], [-68.38693897942262, -34.58517819900982], [-68.38670762730436, -34.58471253098671], [-68.38667454684402, -34.58464601976574], [-68.38722950626362, -34.5844574351821], [-68.3874939433338, -34.58498952244811]]]}, "properties": {"fid": 28627, "tipo_culti": "OLIVOS", "globalid": "{A0E21022-0CFE-4446-A50A-4ECD9DCCA783}", "created_date": 1740061366000, "created_user": "ugdt_admin", "last_edited_date": 1740061366000, "last_edited_user": "ugdt_admin", "shape_Length": 289.15264070351805, "shape_Area": 5195.697308330891, "cultivo": "olivo", "id": "O005"}}, {"type": "Feature", "id": 26922, "geometry": {"type": "Polygon", "coordinates": [[[-67.73422850992424, -34.97556025549261], [-67.73539744448432, -34.9755384573197], [-67.73399692783725, -34.97635622268838], [-67.73422850992424, -34.97556025549261]]]}, "properties": {"fid": 26922, "tipo_culti": "OLIVOS", "globalid": "{53488591-75E5-4BC6-9EED-42F5F92D8BC2}", "created_date": 1740061366000, "created_user": "ugdt_admin", "last_edited_date": 1740061366000, "last_edited_user": "ugdt_admin", "shape_Length": 432.76603455452005, "shape_Area": 6997.5025223183275, "cultivo": "olivo", "id": "O006"}}, {"type": "Feature", "id": 26392, "geometry": {"type": "Polygon", "coordinates": [[[-67.78727283628542, -34.96312412683926], [-67.78630128315282, -34.96333046689966], [-67.786318062784, -34.96203679090215], [-67.78728502642385, -34.96186591695093], [-67.78727283628542, -34.96312412683926]]]}, "properties": {"fid": 26392, "tipo_culti": "OLIVOS", "globalid": "{AAA2A042-DE99-4E89-A79D-DF810D10CEF2}", "created_date": 1740061366000, "created_user": "ugdt_admin", "last_edited_date": 1740061366000, "last_edited_user": "ugdt_admin", "shape_Length": 568.4894404546136, "shape_Area": 18659.065116847843, "cultivo": "olivo", "id": "O007"}}, {"type": "Feature", "id": 21656, "geometry": {"type": "Polygon", "coordinates": [[[-68.36537568190039, -34.67989961012859], [-68.36735609969092, -34.679133699844535], [-68.36741490879932, -34.679249024499185], [-68.36713803275738, -34.6793555765895], [-68.36637864911847, -34.679647204771776], [-68.36655779654234, -34.68018050942201], [-68.36558957795606, -34.680554427194956], [-68.36537568190039, -34.67989961012859]]]}, "properties": {"fid": 21656, "tipo_culti": "OLIVOS", "globalid": "{E956BBCB-224F-4C0F-99EB-D8A1C52CB312}", "created_date": 1740061366000, "created_user": "ugdt_admin", "last_edited_date": 1740061366000, "last_edited_user": "ugdt_admin", "shape_Length": 673.6340649626941, "shape_Area": 12850.197064989743, "cultivo": "olivo", "id": "O008"}}, {"type": "Feature", "id": 58249, "geometry": {"type": "Polygon", "coordinates": [[[-68.11610797862343, -34.752574472066144], [-68.11502691277286, -34.752583566625724], [-68.11502118870786, -34.75191217552804], [-68.11610137061619, -34.751892979517415], [-68.11610797862343, -34.752574472066144]]]}, "properties": {"fid": 58249, "tipo_culti": "OLIVOS", "globalid": "{05C9D6B3-47AE-41E3-8EF5-5ACACF9E8ECE}", "created_date": 1740061366000, "created_user": "ugdt_admin", "last_edited_date": 1740061366000, "last_edited_user": "ugdt_admin", "shape_Length": 423.9267931771491, "shape_Area": 11026.198145542312, "cultivo": "olivo", "id": "O009"}}, {"type": "Feature", "id": 18089, "geometry": {"type": "Polygon", "coordinates": [[[-67.51782161901654, -35.01596714166532], [-67.51781882884927, -35.01659520729757], [-67.51678624237962, -35.016592053319314], [-67.5167890379368, -35.01596407815556], [-67.51782161901654, -35.01596714166532]]]}, "properties": {"fid": 18089, "tipo_culti": "OLIVOS", "globalid": "{46A7923C-3DB9-4ED0-B980-ACB10D905F6D}", "created_date": 1740061366000, "created_user": "ugdt_admin", "last_edited_date": 1740061366000, "last_edited_user": "ugdt_admin", "shape_Length": 400.6209859710079, "shape_Area": 9812.263302215824, "cultivo": "olivo", "id": "O010"}}, {"type": "Feature", "id": 53173, "geometry": {"type": "Polygon", "coordinates": [[[-68.05831086641827, -34.57997020491783], [-68.0581914910968, -34.57972238939436], [-68.06068549549819, -34.57887752564975], [-68.06089576595339, -34.578679934128154], [-68.0608400838805, -34.57856295409892], [-68.06082322519755, -34.57849215477425], [-68.06082457267048, -34.57843050902546], [-68.06100986726582, -34.578370098410545], [-68.06079391766141, -34.57798759421471], [-68.05782207959746, -34.57895560032078], [-68.05729337164543, -34.57785820660722], [-68.06130848253763, -34.57649873958374], [-68.06237982951514, -34.5786074234077], [-68.05831086641827, -34.57997020491783]], [[-68.0597378752814, -34.57712745703304], [-68.05843298519463, -34.577568549526966], [-68.0574161273273, -34.577912337374244], [-68.05786953040739, -34.57883589960156], [-68.05888927366341, -34.57849798895509], [-68.06021909469426, -34.5780409490241], [-68.06070246557222, -34.57787286317451], [-68.06022184533566, -34.57696379460856], [-68.0597378752814, -34.57712745703304]], [[-68.06145478665636, -34.57774470244138], [-68.060821411499, -34.57797518614899], [-68.06123557526917, -34.578708778787416], [-68.06215261413875, -34.57840250152875], [-68.06184191203481, -34.57779103606472], [-68.06151815022325, -34.577837583416255], [-68.06145478665636, -34.57774470244138]], [[-68.0611460231168, -34.576651269806206], [-68.06028989002348, -34.57694079176992], [-68.06053254654128, -34.577409495909855], [-68.06141132795955, -34.57713168481264], [-68.0611460231168, -34.576651269806206]], [[-68.06142720119063, -34.5771739019463], [-68.06052384545944, -34.57744665748565], [-68.06075278470287, -34.577894884262605], [-68.06077915384972, -34.57788562184147], [-68.06130157089983, -34.577695209073646], [-68.06121082398815, -34.57751765518363], [-68.06144264862026, -34.5774381316928], [-68.06142720119063, -34.5771739019463]], [[-68.06162992849237, -34.57741415266455], [-68.06151636077921, -34.577453842316395], [-68.06155784497902, -34.57753474669249], [-68.06159187136537, -34.57752283929277], [-68.06160317576489, -34.577544920384085], [-68.06165459892502, -34.57752692726104], [-68.06164318672764, -34.57750475518969], [-68.06167119709653, -34.577494875128764], [-68.06162992849237, -34.57741415266455]], [[-68.06130956770248, -34.57672211581704], [-68.06121241580283, -34.57675571188196], [-68.06125836373128, -34.57684665609975], [-68.06135551563095, -34.576813060071565], [-68.06130956770248, -34.57672211581704]], [[-68.06130331542812, -34.57754973541328], [-68.061293251602, -34.577553083744476], [-68.06129953980897, -34.577565661249764], [-68.06125840415548, -34.57757976757982], [-68.06129208469042, -34.577647180893294], [-68.06134328506835, -34.57762963675087], [-68.06130331542812, -34.57754973541328]], [[-68.06139977382837, -34.57686045412111], [-68.06137132148838, -34.57687087123741], [-68.06139789634943, -34.57692083328895], [-68.06142645738556, -34.57691041617889], [-68.06139977382837, -34.57686045412111]]]}, "properties": {"fid": 53173, "tipo_culti": "OLIVOS", "globalid": "{E789D752-0D78-462A-A9C1-CD63DD3E1FB7}", "created_date": 1740061366000, "created_user": "ugdt_admin", "last_edited_date": 1740061366000, "last_edited_user": "ugdt_admin", "shape_Length": 4510.203674745323, "shape_Area": 41548.31061936794, "cultivo": "olivo", "id": "O011"}}, {"type": "Feature", "id": 70776, "geometry": {"type": "Polygon", "coordinates": [[[-68.22936959893946, -34.65456578718975], [-68.22942992620068, -34.65441202857967], [-68.23172169378047, -34.65550700591326], [-68.23166700614262, -34.65565277898301], [-68.22936959893946, -34.65456578718975]]]}, "properties": {"fid": 70776, "tipo_culti": "OLIVOS", "globalid": "{8D65F065-88C7-4DC0-BBFE-D482BD324F02}", "created_date": 1740061366000, "created_user": "ugdt_admin", "last_edited_date": 1740061366000, "last_edited_user": "ugdt_admin", "shape_Length": 632.5736729302794, "shape_Area": 6122.125609041668, "cultivo": "olivo", "id": "O012"}}, {"type": "Feature", "id": 41971, "geometry": {"type": "Polygon", "coordinates": [[[-68.51018486657351, -34.58660143941937], [-68.50967511756552, -34.586819342431355], [-68.5096374000017, -34.586857321443276], [-68.50960842484221, -34.58685432033727], [-68.50956310753106, -34.58683142229422], [-68.50950669243291, -34.5867680048435], [-68.5096851777984, -34.58609021362593], [-68.50964352291868, -34.58603767306263], [-68.50959698839031, -34.586018014808886], [-68.5095756282495, -34.58598042959927], [-68.50953584186557, -34.585888142717224], [-68.50965746207694, -34.585798578801466], [-68.50967846378995, -34.585711674997924], [-68.50977164693269, -34.585675811353546], [-68.50977411190985, -34.58584997837188], [-68.5099706920401, -34.585858069179054], [-68.50998481355636, -34.58579205068396], [-68.51009121181525, -34.585788872044496], [-68.51009316295605, -34.58592057988249], [-68.51021202084793, -34.58583740359933], [-68.51018486657351, -34.58660143941937]]]}, "properties": {"fid": 41971, "tipo_culti": "OLIVOS", "globalid": "{1ABC4A14-46BB-4D38-A3A7-38BD6C44EE8D}", "created_date": 1740061366000, "created_user": "ugdt_admin", "last_edited_date": 1740061366000, "last_edited_user": "ugdt_admin", "shape_Length": 463.8101468279026, "shape_Area": 8338.756239626591, "cultivo": "olivo", "id": "O013"}}, {"type": "Feature", "id": 14934, "geometry": {"type": "Polygon", "coordinates": [[[-67.47351372769533, -34.95613873200745], [-67.47351528178078, -34.95700533169332], [-67.4722308616044, -34.957010088560736], [-67.4722261481441, -34.95614344916761], [-67.47351372769533, -34.95613873200745]]]}, "properties": {"fid": 14934, "tipo_culti": "OLIVOS", "globalid": "{2275F609-B5E4-4F98-B3CA-5381EB357149}", "created_date": 1740061366000, "created_user": "ugdt_admin", "last_edited_date": 1740061366000, "last_edited_user": "ugdt_admin", "shape_Length": 521.7332883132117, "shape_Area": 16850.888002602307, "cultivo": "olivo", "id": "O014"}}, {"type": "Feature", "id": 42554, "geometry": {"type": "Polygon", "coordinates": [[[-68.23301951771921, -34.65711237688797], [-68.22910459233738, -34.65524196935727], [-68.22916905364552, -34.655077780311615], [-68.23147475140044, -34.65616599941273], [-68.23144913863506, -34.656234525314446], [-68.2316647316083, -34.65627743895174], [-68.2317854418263, -34.656400790688544], [-68.23212588355602, -34.65647333471304], [-68.23308917757792, -34.65692793677309], [-68.23301951771921, -34.65711237688797]]]}, "properties": {"fid": 42554, "tipo_culti": "OLIVOS", "globalid": "{30959839-13A0-4E59-9B05-9E1E0CF0AF1D}", "created_date": 1740061366000, "created_user": "ugdt_admin", "last_edited_date": 1740061366000, "last_edited_user": "ugdt_admin", "shape_Length": 1067.9872901144436, "shape_Area": 11689.58179308432, "cultivo": "olivo", "id": "O015"}}, {"type": "Feature", "id": 37456, "geometry": {"type": "Polygon", "coordinates": [[[-68.06974461886296, -34.56915847589891], [-68.07014800644298, -34.56999210395108], [-68.0691637178946, -34.570310639441445], [-68.0687700060685, -34.569499256848296], [-68.06974461886296, -34.56915847589891]]]}, "properties": {"fid": 37456, "tipo_culti": "OLIVOS", "globalid": "{F76A536E-4132-4FC6-9E4C-51C5AB2FBF37}", "created_date": 1740061366000, "created_user": "ugdt_admin", "last_edited_date": 1740061366000, "last_edited_user": "ugdt_admin", "shape_Length": 475.03445297188745, "shape_Area": 14100.897896206796, "cultivo": "olivo", "id": "O016"}}, {"type": "Feature", "id": 8334, "geometry": {"type": "Polygon", "coordinates": [[[-67.60757387829118, -34.93336516424447], [-67.60827046699681, -34.93337269597492], [-67.60828321948057, -34.93411434305234], [-67.60827205162495, -34.93414702222556], [-67.60808526043637, -34.934248892140445], [-67.60739499497205, -34.934235843024275], [-67.60757337703127, -34.9335631740703], [-67.60757387829118, -34.93336516424447]]]}, "properties": {"fid": 8334, "tipo_culti": "OLIVOS", "globalid": "{CC549710-1D12-46BD-933B-CA20232DAF4F}", "created_date": 1740061366000, "created_user": "ugdt_admin", "last_edited_date": 1740061366000, "last_edited_user": "ugdt_admin", "shape_Length": 405.0687957993381, "shape_Area": 10079.05150442689, "cultivo": "olivo", "id": "O017"}}, {"type": "Feature", "id": 8034, "geometry": {"type": "Polygon", "coordinates": [[[-67.61352704152684, -34.946174947903785], [-67.61356251869235, -34.94617427120685], [-67.61355667604973, -34.94673580477613], [-67.61297470249292, -34.94673393669301], [-67.61297560440147, -34.94645292186862], [-67.6129174142323, -34.94641791708795], [-67.61292297300729, -34.94617237660266], [-67.61352704152684, -34.946174947903785]]]}, "properties": {"fid": 8034, "tipo_culti": "OLIVOS", "globalid": "{60A3A2C4-2A04-465C-83AE-21335161F0B6}", "created_date": 1740061366000, "created_user": "ugdt_admin", "last_edited_date": 1740061366000, "last_edited_user": "ugdt_admin", "shape_Length": 291.7952529748203, "shape_Area": 5176.3482537135715, "cultivo": "olivo", "id": "O018"}}, {"type": "Feature", "id": 15863, "geometry": {"type": "Polygon", "coordinates": [[[-67.46174352204076, -34.9631538254048], [-67.4618237335108, -34.963167549420376], [-67.46179464157032, -34.96328308519215], [-67.46211832612676, -34.963338467773234], [-67.4620159433372, -34.96374364680203], [-67.46200337949963, -34.96454472230188], [-67.46172633457444, -34.964541753306], [-67.46172735775554, -34.96445190892256], [-67.46174352204076, -34.9631538254048]]]}, "properties": {"fid": 15863, "tipo_culti": "OLIVOS", "globalid": "{8A10323F-AF58-4025-843C-4DFC86D49E90}", "created_date": 1740061366000, "created_user": "ugdt_admin", "last_edited_date": 1740061366000, "last_edited_user": "ugdt_admin", "shape_Length": 446.36854478319606, "shape_Area": 5683.751405086045, "cultivo": "olivo", "id": "O019"}}, {"type": "Feature", "id": 26389, "geometry": {"type": "Polygon", "coordinates": [[[-67.78640411420172, -34.94368622645376], [-67.78522095931068, -34.9442133898814], [-67.78519085856215, -34.94338964104532], [-67.78536542008646, -34.943339470973626], [-67.78560749629258, -34.94322390856057], [-67.7857840377038, -34.94313590160907], [-67.78590884603612, -34.943119392977486], [-67.78602266617588, -34.943120530665965], [-67.78611780495099, -34.94313409971703], [-67.78616998718752, -34.94314354437019], [-67.78622540246077, -34.94314157458647], [-67.78630310852948, -34.94308286396406], [-67.78640719721979, -34.942949606968995], [-67.78640411420172, -34.94368622645376]]]}, "properties": {"fid": 26389, "tipo_culti": "OLIVOS", "globalid": "{E2D8522E-C15F-412B-AB5C-BBF7F12F44D6}", "created_date": 1740061366000, "created_user": "ugdt_admin", "last_edited_date": 1740061366000, "last_edited_user": "ugdt_admin", "shape_Length": 519.5080059825941, "shape_Area": 13878.372387096406, "cultivo": "olivo", "id": "O020"}}, {"type": "Feature", "id": 26397, "geometry": {"type": "Polygon", "coordinates": [[[-67.72576631257418, -34.94125007804706], [-67.72564681508184, -34.94181421898608], [-67.72471462522667, -34.9421361193667], [-67.72486951993447, -34.94144950183896], [-67.72489411490865, -34.94126778441631], [-67.72495995962234, -34.94126378879345], [-67.72540321533297, -34.94125221724471], [-67.72576631257418, -34.94125007804706]]]}, "properties": {"fid": 26397, "tipo_culti": "OLIVOS", "globalid": "{CEE4C1B7-4571-44AC-AB81-23AD2F931DA0}", "created_date": 1740061366000, "created_user": "ugdt_admin", "last_edited_date": 1740061366000, "last_edited_user": "ugdt_admin", "shape_Length": 407.14892722284526, "shape_Area": 9341.72080279392, "cultivo": "olivo", "id": "O021"}}, {"type": "Feature", "id": 40377, "geometry": {"type": "Polygon", "coordinates": [[[-68.21068258388776, -34.682053855444515], [-68.21054122858791, -34.68266796497729], [-68.2089548235591, -34.68241763642305], [-68.209089340883, -34.68181231786178], [-68.21068258388776, -34.682053855444515]]]}, "properties": {"fid": 40377, "tipo_culti": "OLIVOS", "globalid": "{9C530ADC-0BE0-4D45-BEF8-5B52E9B066A0}", "created_date": 1740061366000, "created_user": "ugdt_admin", "last_edited_date": 1740061366000, "last_edited_user": "ugdt_admin", "shape_Length": 528.0776142827689, "shape_Area": 15118.729924832833, "cultivo": "olivo", "id": "O022"}}, {"type": "Feature", "id": 43622, "geometry": {"type": "Polygon", "coordinates": [[[-67.85775930225904, -34.90626490915136], [-67.85776216518985, -34.906998262236336], [-67.85757484489355, -34.90699875508341], [-67.85757423853073, -34.90685300335337], [-67.85747860837715, -34.90685327592997], [-67.85747837122192, -34.90678351029076], [-67.85737497333609, -34.90678379981153], [-67.85737581685416, -34.906999317179526], [-67.85719276445374, -34.90699975919482], [-67.8571922847534, -34.90689222564187], [-67.85708002408897, -34.90689252179253], [-67.85707921470689, -34.906682502836], [-67.8571507736041, -34.90668227446054], [-67.85715001093443, -34.90648460495219], [-67.85708906742893, -34.906484752291576], [-67.8570882598435, -34.90626671185321], [-67.85775930225904, -34.90626490915136]]]}, "properties": {"fid": 43622, "tipo_culti": "OLIVOS", "globalid": "{A122898B-272A-47AD-A0A4-99FA7550A9B4}", "created_date": 1740061366000, "created_user": "ugdt_admin", "last_edited_date": 1740061366000, "last_edited_user": "ugdt_admin", "shape_Length": 422.9243060074267, "shape_Area": 6575.748732899587, "cultivo": "olivo", "id": "O023"}}, {"type": "Feature", "id": 6189, "geometry": {"type": "Polygon", "coordinates": [[[-67.68837298845514, -35.006695856862116], [-67.68766648863702, -35.00669975584811], [-67.68766665931692, -35.00612671034012], [-67.6876666170961, -35.006060734654035], [-67.68871451355312, -35.006175981078734], [-67.68871349396527, -35.006246722452644], [-67.68868949367584, -35.00636408256756], [-67.6885798480072, -35.00635685922291], [-67.68855923885795, -35.006419547120004], [-67.6884987103741, -35.00642339976384], [-67.68850328729047, -35.006376852368035], [-67.68838466835048, -35.00636908085386], [-67.68837298845514, -35.006695856862116]]]}, "properties": {"fid": 6189, "tipo_culti": "OLIVOS", "globalid": "{1D94BE60-F63E-4E30-AFF6-0DB3B8C15DAD}", "created_date": 1740061366000, "created_user": "ugdt_admin", "last_edited_date": 1740061366000, "last_edited_user": "ugdt_admin", "shape_Length": 400.8314886899254, "shape_Area": 7536.030172822935, "cultivo": "olivo", "id": "O024"}}, {"type": "Feature", "id": 42324, "geometry": {"type": "Polygon", "coordinates": [[[-68.5396119846519, -34.57632064763384], [-68.53966467892815, -34.576666456910814], [-68.5379519312445, -34.57691536216138], [-68.53787635508134, -34.5764912203508], [-68.5384215686784, -34.576437574605606], [-68.53843044672838, -34.57648763824895], [-68.53872900450799, -34.576458388232815], [-68.53872012735636, -34.57640823507467], [-68.5396119846519, -34.57632064763384]]]}, "properties": {"fid": 42324, "tipo_culti": "OLIVOS", "globalid": "{3F52AFBB-D4A1-4450-94E7-90DDBD65E2A4}", "created_date": 1740061366000, "created_user": "ugdt_admin", "last_edited_date": 1740061366000, "last_edited_user": "ugdt_admin", "shape_Length": 506.959158508851, "shape_Area": 9964.357807267073, "cultivo": "olivo", "id": "O025"}}, {"type": "Feature", "id": 26203, "geometry": {"type": "Polygon", "coordinates": [[[-67.78816912766521, -34.965827657824335], [-67.78817300120072, -34.965869427021595], [-67.78812301444673, -34.965888397219274], [-67.78813000333965, -34.96595651660177], [-67.7880549742505, -34.965980823958304], [-67.78734136965677, -34.96620786281537], [-67.7872924411182, -34.96567208046248], [-67.7881269436778, -34.9653762165363], [-67.78816912766521, -34.965827657824335]]]}, "properties": {"fid": 26203, "tipo_culti": "OLIVOS", "globalid": "{3DC013B8-8927-4C9A-B101-0776D8B879D3}", "created_date": 1740061366000, "created_user": "ugdt_admin", "last_edited_date": 1740061366000, "last_edited_user": "ugdt_admin", "shape_Length": 351.0086334924805, "shape_Area": 7122.299861985266, "cultivo": "olivo", "id": "O026"}}, {"type": "Feature", "id": 56858, "geometry": {"type": "Polygon", "coordinates": [[[-68.29536410401353, -34.69799866724682], [-68.29327068624508, -34.698202610667956], [-68.29324589453987, -34.697986400462675], [-68.29405920853686, -34.69792242762875], [-68.29663708144982, -34.69773253545207], [-68.29792718706365, -34.69762152982742], [-68.29794675506547, -34.69774693820289], [-68.29742354120971, -34.69779791687475], [-68.29536410401353, -34.69799866724682]]]}, "properties": {"fid": 56858, "tipo_culti": "OLIVOS", "globalid": "{44D11574-47F0-4057-A016-CB1A233AE013}", "created_date": 1740061366000, "created_user": "ugdt_admin", "last_edited_date": 1740061366000, "last_edited_user": "ugdt_admin", "shape_Length": 1094.1709832696188, "shape_Area": 11894.257148122511, "cultivo": "olivo", "id": "O027"}}, {"type": "Feature", "id": 47572, "geometry": {"type": "Polygon", "coordinates": [[[-68.36400349542244, -34.5826668258286], [-68.36344694418815, -34.58215831454957], [-68.36406472189726, -34.58195474823056], [-68.36522548807646, -34.583097758811974], [-68.36468625905582, -34.583290652343344], [-68.36400349542244, -34.5826668258286]], [[-68.36418323303941, -34.58219289133837], [-68.364085455014, -34.582251965686964], [-68.3641053374262, -34.58227451516402], [-68.36409077483712, -34.5822832734328], [-68.364145992481, -34.58234584969067], [-68.36417654059056, -34.58232743899708], [-68.36415276757488, -34.58230054294337], [-68.36423466877596, -34.58225112107066], [-68.36418323303941, -34.58219289133837]]]}, "properties": {"fid": 47572, "tipo_culti": "OLIVOS", "globalid": "{8CD2E874-5AB4-4834-9128-6E999B4015C7}", "created_date": 1740061366000, "created_user": "ugdt_admin", "last_edited_date": 1740061366000, "last_edited_user": "ugdt_admin", "shape_Length": 606.5462001835236, "shape_Area": 13324.303348515714, "cultivo": "olivo", "id": "O028"}}, {"type": "Feature", "id": 55241, "geometry": {"type": "Polygon", "coordinates": [[[-68.106100215454, -34.657804534442356], [-68.10649565294376, -34.657896040148316], [-68.10712977190619, -34.65805879010865], [-68.1070593610559, -34.658175275388274], [-68.10698460056302, -34.6583006526264], [-68.1069703407062, -34.65838933586533], [-68.10686125109473, -34.658491295832434], [-68.10666415892476, -34.65883427501152], [-68.10651877647749, -34.659075233796294], [-68.10597475404649, -34.658943248173], [-68.1055484234941, -34.65838630409391], [-68.1057578477363, -34.65804323660737], [-68.10596305169328, -34.65780848619163], [-68.106100215454, -34.657804534442356]]]}, "properties": {"fid": 55241, "tipo_culti": "OLIVOS", "globalid": "{F7ABE4C8-1AE7-4C48-8FE4-43CE0DA15B94}", "created_date": 1740061366000, "created_user": "ugdt_admin", "last_edited_date": 1740061366000, "last_edited_user": "ugdt_admin", "shape_Length": 532.9828195569048, "shape_Area": 18849.35823622875, "cultivo": "olivo", "id": "O029"}}, {"type": "Feature", "id": 70180, "geometry": {"type": "Polygon", "coordinates": [[[-68.23678542696847, -34.767759245481365], [-68.23680964824347, -34.76713347209466], [-68.23700206647901, -34.767138554320724], [-68.23746314656151, -34.767231942659095], [-68.23744208466137, -34.76777615978535], [-68.23678542696847, -34.767759245481365]]]}, "properties": {"fid": 70180, "tipo_culti": "OLIVOS", "globalid": "{576C9B87-7642-468F-AE11-91DAD7A29A5D}", "created_date": 1740061366000, "created_user": "ugdt_admin", "last_edited_date": 1740061366000, "last_edited_user": "ugdt_admin", "shape_Length": 306.05792377984767, "shape_Area": 5918.453561987712, "cultivo": "olivo", "id": "O030"}}, {"type": "Feature", "id": 36861, "geometry": {"type": "Polygon", "coordinates": [[[-68.2488460875988, -34.67326773650386], [-68.24842214656509, -34.67328603615864], [-68.2484197381818, -34.671861621643004], [-68.24984907547814, -34.672352587554265], [-68.24987046436506, -34.67322347599796], [-68.2488460875988, -34.67326773650386]]]}, "properties": {"fid": 36861, "tipo_culti": "OLIVOS", "globalid": "{82C18718-4DA6-4230-AE4C-B52F62B6C308}", "created_date": 1740061366000, "created_user": "ugdt_admin", "last_edited_date": 1740061366000, "last_edited_user": "ugdt_admin", "shape_Length": 644.5905037296153, "shape_Area": 24842.84722618872, "cultivo": "olivo", "id": "O031"}}, {"type": "Feature", "id": 26390, "geometry": {"type": "Polygon", "coordinates": [[[-67.78430515831955, -34.94465461743311], [-67.78517588903624, -34.94430802804676], [-67.78517619087017, -34.94526703722817], [-67.78433199369204, -34.94558775326459], [-67.78430515831955, -34.94465461743311]]]}, "properties": {"fid": 26390, "tipo_culti": "OLIVOS", "globalid": "{CCDE2EEF-8D96-4322-8035-561C52AF27CF}", "created_date": 1740061366000, "created_user": "ugdt_admin", "last_edited_date": 1740061366000, "last_edited_user": "ugdt_admin", "shape_Length": 468.32862746307944, "shape_Area": 12332.276679921868, "cultivo": "olivo", "id": "O032"}}, {"type": "Feature", "id": 38181, "geometry": {"type": "Polygon", "coordinates": [[[-68.17892458648042, -34.752887947420895], [-68.17893013896719, -34.75365100942695], [-68.17764524807357, -34.753662078930674], [-68.17763565137142, -34.752900522693956], [-68.17892458648042, -34.752887947420895]]]}, "properties": {"fid": 38181, "tipo_culti": "OLIVOS", "globalid": "{EF798048-462F-4628-A77C-31A97D62767B}", "created_date": 1740061366000, "created_user": "ugdt_admin", "last_edited_date": 1740061366000, "last_edited_user": "ugdt_admin", "shape_Length": 493.11095637803464, "shape_Area": 14797.704529549663, "cultivo": "olivo", "id": "O033"}}, {"type": "Feature", "id": 42476, "geometry": {"type": "Polygon", "coordinates": [[[-68.22910459233738, -34.65524196935727], [-68.23301951771921, -34.65711237688797], [-68.2329509744664, -34.65729393995543], [-68.2315602305913, -34.65661985535979], [-68.23159931808596, -34.656509769266634], [-68.23095062036478, -34.6562106495832], [-68.23091514769082, -34.65630723648363], [-68.22904280800876, -34.655399684942374], [-68.22910459233738, -34.65524196935727]]]}, "properties": {"fid": 42476, "tipo_culti": "OLIVOS", "globalid": "{2572A56E-0872-4C4C-B2B0-1C1B41F8C579}", "created_date": 1740061366000, "created_user": "ugdt_admin", "last_edited_date": 1740061366000, "last_edited_user": "ugdt_admin", "shape_Length": 1085.712772382527, "shape_Area": 10665.969593980084, "cultivo": "olivo", "id": "O034"}}, {"type": "Feature", "id": 28879, "geometry": {"type": "Polygon", "coordinates": [[[-68.36835341291263, -34.74657346668907], [-68.36932066401333, -34.7465852405779], [-68.36930736715048, -34.7474580891775], [-68.36845115590373, -34.74744806328318], [-68.36835706366594, -34.747385018146545], [-68.36835341291263, -34.74657346668907]]]}, "properties": {"fid": 28879, "tipo_culti": "OLIVOS", "globalid": "{68737CE3-CC31-4A01-B328-A04007CB4364}", "created_date": 1740061366000, "created_user": "ugdt_admin", "last_edited_date": 1740061366000, "last_edited_user": "ugdt_admin", "shape_Length": 444.7336602010423, "shape_Area": 12580.976718321403, "cultivo": "olivo", "id": "O035"}}, {"type": "Feature", "id": 635, "geometry": {"type": "Polygon", "coordinates": [[[-67.72160606716972, -34.974686860716076], [-67.72197256273765, -34.97417949606481], [-67.72111092925985, -34.97374870109583], [-67.72105421322607, -34.97372025257641], [-67.72107883604801, -34.97365075064079], [-67.72113811767022, -34.97357052816804], [-67.72076521801264, -34.973384084077594], [-67.72103348100762, -34.972447835920704], [-67.72107642766473, -34.97238294313159], [-67.72110519800832, -34.9720536370324], [-67.72103695658946, -34.97191438662163], [-67.72090604689974, -34.97159439487475], [-67.72087864828356, -34.97146215442708], [-67.72029851986635, -34.97104107884377], [-67.7206369107423, -34.97085473867746], [-67.7206146711508, -34.9708132237747], [-67.7204614760555, -34.97082107374923], [-67.72035670644225, -34.97081996957057], [-67.72034028434054, -34.97067198152172], [-67.72167331774683, -34.97068322870527], [-67.72181069889986, -34.97158048750657], [-67.72191465643611, -34.97185945592021], [-67.72216490371808, -34.97223703446255], [-67.7224977088696, -34.972847658931265], [-67.72213372588952, -34.97291899811851], [-67.72167588782688, -34.97196239565498], [-67.7216178386932, -34.9719775572876], [-67.72145885754917, -34.97201932629377], [-67.7213958649865, -34.971852281057906], [-67.72157786276476, -34.97180904195443], [-67.72156228777435, -34.97176849920129], [-67.72152774216178, -34.97165222676993], [-67.72148073152634, -34.971661646790025], [-67.72146824494388, -34.97161960376783], [-67.72142049050339, -34.971458487846434], [-67.72122925894233, -34.971497032942246], [-67.72127701428116, -34.97165805898224], [-67.72125142217702, -34.97166319777707], [-67.72126775983709, -34.971718079290675], [-67.72125326102841, -34.97172099060979], [-67.72129040906036, -34.97184594315191], [-67.721334722055, -34.97230598772677], [-67.72111439226526, -34.97307518813823], [-67.72127366985335, -34.973106068215294], [-67.72129395920236, -34.973484381522994], [-67.72155141366784, -34.97360264027993], [-67.72191591048427, -34.97358304398015], [-67.72224486006658, -34.97353269805983], [-67.72254990008928, -34.97353419527652], [-67.72252788777158, -34.97364013764143], [-67.72258273351294, -34.973930125686884], [-67.72255366403031, -34.97418732363408], [-67.72245196126543, -34.97415065241512], [-67.72194491259322, -34.97485266355189], [-67.72160606716972, -34.974686860716076]], [[-67.7211276073814, -34.973316878478386], [-67.72121059284903, -34.97331775296123], [-67.7212120777642, -34.973222229640534], [-67.72112909229658, -34.97322135515666], [-67.7211276073814, -34.973316878478386]], [[-67.72241175716489, -34.974081278924345], [-67.72248982345803, -34.97408877010998], [-67.72250309876131, -34.97399544418278], [-67.7224249228737, -34.97398795151641], [-67.72241175716489, -34.974081278924345]], [[-67.72101095575188, -34.97134006846531], [-67.72103002878198, -34.97138803882122], [-67.72115174960466, -34.971355251560425], [-67.72113267657456, -34.97130728118532], [-67.72101095575188, -34.97134006846531]], [[-67.72142374509966, -34.97186906877722], [-67.72144670514001, -34.97192762554601], [-67.7215263093489, -34.971906471238114], [-67.7215032397141, -34.97184791371811], [-67.72142374509966, -34.97186906877722]], [[-67.72230608743972, -34.972784263689306], [-67.72232512274057, -34.972820606482784], [-67.72239966224791, -34.97279426141879], [-67.72238062784535, -34.972757828073085], [-67.72230608743972, -34.972784263689306]], [[-67.72159645519618, -34.97189504240349], [-67.72161417716012, -34.97194543202475], [-67.72166967956993, -34.971932136422836], [-67.72165195580938, -34.97188183659878], [-67.72159645519618, -34.97189504240349]], [[-67.72215760760133, -34.97241776089408], [-67.72216869101533, -34.972465556898264], [-67.7222262065497, -34.97245660807743], [-67.72221512313573, -34.972408812068046], [-67.72215760760133, -34.97241776089408]], [[-67.72186052575374, -34.97190431222936], [-67.7218760055227, -34.97193692186811], [-67.72194049198369, -34.971916240144786], [-67.72192490262024, -34.971883628289476], [-67.72186052575374, -34.97190431222936]], [[-67.72198090000181, -34.972071059235425], [-67.7219988025271, -34.972109824139174], [-67.72203324303679, -34.97209900998277], [-67.72201534051149, -34.97206024581003], [-67.72198090000181, -34.972071059235425]], [[-67.72224991668331, -34.97262197744674], [-67.72226462479945, -34.97264790961254], [-67.7223096780059, -34.972630628127845], [-67.72229496988976, -34.97260469595657], [-67.72224991668331, -34.97262197744674]], [[-67.72222611851481, -34.97253276761259], [-67.72223647339509, -34.972549911466565], [-67.72228088161117, -34.97253181214995], [-67.72227052673087, -34.972514668292185], [-67.72222611851481, -34.97253276761259]]]}, "properties": {"fid": 635, "tipo_culti": "OLIVOS", "globalid": "{73F22AE5-9F54-4D07-AAE6-671BFB1E69B7}", "created_date": 1740061366000, "created_user": "ugdt_admin", "last_edited_date": 1740061366000, "last_edited_user": "ugdt_admin", "shape_Length": 2537.163531820405, "shape_Area": 46450.064774456776, "cultivo": "olivo", "id": "O036"}}, {"type": "Feature", "id": 63435, "geometry": {"type": "Polygon", "coordinates": [[[-68.02733468897237, -34.76412784547358], [-68.02815294011017, -34.7641240139243], [-68.02815300389055, -34.76412788975188], [-68.02816336416072, -34.765778656214266], [-68.02785832862959, -34.765784874239415], [-68.02785407780165, -34.765467377262], [-68.02735573200789, -34.7654718699608], [-68.02733468897237, -34.76412784547358]]]}, "properties": {"fid": 63435, "tipo_culti": "OLIVOS", "globalid": "{ACD60745-73C9-4CEA-A7B8-AB0991642DE5}", "created_date": 1740061366000, "created_user": "ugdt_admin", "last_edited_date": 1740061366000, "last_edited_user": "ugdt_admin", "shape_Length": 629.9216599810145, "shape_Area": 17900.95836290263, "cultivo": "olivo", "id": "O037"}}, {"type": "Feature", "id": 22999, "geometry": {"type": "Polygon", "coordinates": [[[-68.36716907044877, -34.70124494508588], [-68.3672894069676, -34.701624432241495], [-68.36615797257903, -34.70214299171276], [-68.36603764234843, -34.7017633237804], [-68.36716907044877, -34.70124494508588]]]}, "properties": {"fid": 22999, "tipo_culti": "OLIVOS", "globalid": "{86622485-03CA-4002-B5F6-4335ACBBBB52}", "created_date": 1740061366000, "created_user": "ugdt_admin", "last_edited_date": 1740061366000, "last_edited_user": "ugdt_admin", "shape_Length": 394.6148977999302, "shape_Area": 7413.79400561659, "cultivo": "olivo", "id": "O038"}}, {"type": "Feature", "id": 54495, "geometry": {"type": "Polygon", "coordinates": [[[-68.219230808401, -34.66759724268175], [-68.21910082936591, -34.66835737489623], [-68.21853965180792, -34.668283469272545], [-68.2186989473623, -34.66752731204726], [-68.219230808401, -34.66759724268175]]]}, "properties": {"fid": 54495, "tipo_culti": "OLIVOS", "globalid": "{35626367-56A8-4782-AECA-E49616B91825}", "created_date": 1740061366000, "created_user": "ugdt_admin", "last_edited_date": 1740061366000, "last_edited_user": "ugdt_admin", "shape_Length": 330.98972544741025, "shape_Area": 6399.592763728597, "cultivo": "olivo", "id": "O039"}}, {"type": "Feature", "id": 69718, "geometry": {"type": "Polygon", "coordinates": [[[-68.25665663895691, -34.67084324177286], [-68.25669860016214, -34.670848184376155], [-68.25675181905453, -34.670875370905435], [-68.25678564062497, -34.67092434328031], [-68.2567689391472, -34.6713039132971], [-68.25678126493123, -34.67141423018917], [-68.2567900792008, -34.67192988780749], [-68.25677643019837, -34.67196766386526], [-68.25532934668358, -34.67204158097797], [-68.25533961263065, -34.67152847438773], [-68.25532696974136, -34.67101486666574], [-68.25535225462166, -34.67096922930378], [-68.25539838580643, -34.670934897094455], [-68.25545018446235, -34.67092565909019], [-68.25567160660347, -34.67090808146438], [-68.25585867177824, -34.670901381249536], [-68.2560782388983, -34.67088379179769], [-68.25665663895691, -34.67084324177286]]]}, "properties": {"fid": 69718, "tipo_culti": "OLIVOS", "globalid": "{DB09E85F-F82E-4CBD-A3AC-82DC31ED27A5}", "created_date": 1740061366000, "created_user": "ugdt_admin", "last_edited_date": 1740061366000, "last_edited_user": "ugdt_admin", "shape_Length": 615.6519587153206, "shape_Area": 24344.007326396393, "cultivo": "olivo", "id": "O040"}}, {"type": "Feature", "id": 33447, "geometry": {"type": "Polygon", "coordinates": [[[-68.14867474545075, -34.75301869385406], [-68.14867677474497, -34.753810664621824], [-68.14860490413236, -34.753928514160236], [-68.14860653906618, -34.754577882958046], [-68.14781712744227, -34.75457921146079], [-68.14781304909087, -34.75302023789861], [-68.14867474545075, -34.75301869385406]]]}, "properties": {"fid": 33447, "tipo_culti": "OLIVOS", "globalid": "{5221F0C7-97CD-42E6-8EFA-58C979CB82E2}", "created_date": 1740061366000, "created_user": "ugdt_admin", "last_edited_date": 1740061366000, "last_edited_user": "ugdt_admin", "shape_Length": 608.1726866218934, "shape_Area": 19490.05966685992, "cultivo": "olivo", "id": "O041"}}, {"type": "Feature", "id": 66839, "geometry": {"type": "Polygon", "coordinates": [[[-68.28614075244514, -34.66299287632223], [-68.28418065454632, -34.66283977247433], [-68.28403531881145, -34.66255055887951], [-68.2847381696729, -34.66264446439225], [-68.28474643507182, -34.66257131841161], [-68.28598863892144, -34.662679106671455], [-68.28614075244514, -34.66299287632223]]]}, "properties": {"fid": 66839, "tipo_culti": "OLIVOS", "globalid": "{16BB5138-F5D5-47E7-B5AC-C0BE6FE243AA}", "created_date": 1740061366000, "created_user": "ugdt_admin", "last_edited_date": 1740061366000, "last_edited_user": "ugdt_admin", "shape_Length": 535.5078853424482, "shape_Area": 8562.407750383769, "cultivo": "olivo", "id": "O042"}}, {"type": "Feature", "id": 22598, "geometry": {"type": "Polygon", "coordinates": [[[-67.91871629506996, -34.622075786046054], [-67.91869828295019, -34.623128079986756], [-67.91592432667534, -34.62309552429065], [-67.91594196599425, -34.62201591576586], [-67.91871629506996, -34.622075786046054]]]}, "properties": {"fid": 22598, "tipo_culti": "OLIVOS", "globalid": "{3F3498BF-10A0-4099-BF36-58D9D29EB050}", "created_date": 1740061366000, "created_user": "ugdt_admin", "last_edited_date": 1740061366000, "last_edited_user": "ugdt_admin", "shape_Length": 906.1902980326881, "shape_Area": 44542.62847914356, "cultivo": "olivo", "id": "O043"}}, {"type": "Feature", "id": 26388, "geometry": {"type": "Polygon", "coordinates": [[[-67.78504644899033, -34.93985979248461], [-67.78438406094422, -34.940094990057965], [-67.78432791893391, -34.9400944281885], [-67.78427984828642, -34.940080967620986], [-67.78429650934001, -34.939226500942176], [-67.78504135374604, -34.939121828565135], [-67.78504644899033, -34.93985979248461]]]}, "properties": {"fid": 26388, "tipo_culti": "OLIVOS", "globalid": "{E1188115-9F82-4E87-98EC-1DF6F415A950}", "created_date": 1740061366000, "created_user": "ugdt_admin", "last_edited_date": 1740061366000, "last_edited_user": "ugdt_admin", "shape_Length": 392.64869461675784, "shape_Area": 9342.731007063874, "cultivo": "olivo", "id": "O044"}}, {"type": "Feature", "id": 63526, "geometry": {"type": "Polygon", "coordinates": [[[-68.03540674799454, -34.756645131369424], [-68.03540456868166, -34.75756496664699], [-68.03276463565729, -34.75756060931543], [-68.03276695420904, -34.7566407754654], [-68.03540674799454, -34.756645131369424]]]}, "properties": {"fid": 63526, "tipo_culti": "OLIVOS", "globalid": "{7B0D5BB3-1F2B-44BF-A0B0-5189BD61DBDB}", "created_date": 1740061366000, "created_user": "ugdt_admin", "last_edited_date": 1740061366000, "last_edited_user": "ugdt_admin", "shape_Length": 837.0041891065439, "shape_Area": 36625.82938373071, "cultivo": "olivo", "id": "O045"}}, {"type": "Feature", "id": 33323, "geometry": {"type": "Polygon", "coordinates": [[[-68.19019503957949, -34.745728060768776], [-68.19018695294531, -34.745359428834064], [-68.19122506315563, -34.74534469409262], [-68.19122622288067, -34.74538256064558], [-68.19123328992701, -34.74562102504859], [-68.19157011773436, -34.74561614005689], [-68.19157001622474, -34.74570501689223], [-68.19019503957949, -34.745728060768776]]]}, "properties": {"fid": 33323, "tipo_culti": "OLIVOS", "globalid": "{0D9855B8-2242-48D0-9362-092AF134D618}", "created_date": 1740061366000, "created_user": "ugdt_admin", "last_edited_date": 1740061366000, "last_edited_user": "ugdt_admin", "shape_Length": 405.61103332418577, "shape_Area": 6211.704101453012, "cultivo": "olivo", "id": "O046"}}, {"type": "Feature", "id": 70557, "geometry": {"type": "Polygon", "coordinates": [[[-68.26005283846615, -34.679788262936306], [-68.26007434054078, -34.680216920992386], [-68.25915702229516, -34.680262548826505], [-68.2591541809239, -34.67983418428024], [-68.26005283846615, -34.679788262936306]]]}, "properties": {"fid": 70557, "tipo_culti": "OLIVOS", "globalid": "{62BE9F32-282F-4B59-AF12-BB020D3B9AEC}", "created_date": 1740061366000, "created_user": "ugdt_admin", "last_edited_date": 1740061366000, "last_edited_user": "ugdt_admin", "shape_Length": 318.5973915403138, "shape_Area": 5871.559970844564, "cultivo": "olivo", "id": "O047"}}, {"type": "Feature", "id": 69531, "geometry": {"type": "Polygon", "coordinates": [[[-68.2486120764673, -34.723166037744704], [-68.24862145577715, -34.72398762930737], [-68.24775904795159, -34.72403999611219], [-68.24774910899129, -34.72317270050412], [-68.2486120764673, -34.723166037744704]]]}, "properties": {"fid": 69531, "tipo_culti": "OLIVOS", "globalid": "{593AF1DA-DE64-42D9-ACB7-42F0AE075053}", "created_date": 1740061366000, "created_user": "ugdt_admin", "last_edited_date": 1740061366000, "last_edited_user": "ugdt_admin", "shape_Length": 421.08688786371476, "shape_Area": 10987.845224237448, "cultivo": "olivo", "id": "O048"}}, {"type": "Feature", "id": 34452, "geometry": {"type": "Polygon", "coordinates": [[[-67.74583653463574, -34.885403453057215], [-67.74550065634764, -34.88591221002006], [-67.74461565589266, -34.885515864184256], [-67.74496472414408, -34.885017520699094], [-67.74583653463574, -34.885403453057215]]]}, "properties": {"fid": 34452, "tipo_culti": "OLIVOS", "globalid": "{E4111074-6EF5-496A-A304-B4F5AF55A907}", "created_date": 1740061366000, "created_user": "ugdt_admin", "last_edited_date": 1740061366000, "last_edited_user": "ugdt_admin", "shape_Length": 379.03667382355, "shape_Area": 8705.662005769178, "cultivo": "olivo", "id": "O049"}}, {"type": "Feature", "id": 17904, "geometry": {"type": "Polygon", "coordinates": [[[-67.68969457193484, -34.999554427454385], [-67.68980235809082, -34.99955405878811], [-67.68980150828457, -34.99937378887961], [-67.68967904455515, -34.99937417962257], [-67.68967615916645, -34.99877883826058], [-67.69040556782096, -34.9987765254281], [-67.69039548423189, -34.999794257385865], [-67.68969564272665, -34.99979643847087], [-67.68969457193484, -34.999554427454385]]]}, "properties": {"fid": 17904, "tipo_culti": "OLIVOS", "globalid": "{46759B7F-9450-4FB0-AE02-1B03670FC9B7}", "created_date": 1740061366000, "created_user": "ugdt_admin", "last_edited_date": 1740061366000, "last_edited_user": "ugdt_admin", "shape_Length": 461.33577152607336, "shape_Area": 10726.3861653334, "cultivo": "olivo", "id": "O050"}}, {"type": "Feature", "id": 34133, "geometry": {"type": "Polygon", "coordinates": [[[-68.38378291845346, -34.52980456328864], [-68.38349241317205, -34.52924456882186], [-68.38552604446505, -34.528521951077224], [-68.38581656142459, -34.529081940782454], [-68.38378291845346, -34.52980456328864]]]}, "properties": {"fid": 34133, "tipo_culti": "OLIVOS", "globalid": "{CAD6F87F-56BC-4E8B-ADF2-3A9E1E0FC9B9}", "created_date": 1740061366000, "created_user": "ugdt_admin", "last_edited_date": 1740061366000, "last_edited_user": "ugdt_admin", "shape_Length": 657.6643010207754, "shape_Area": 20287.668299132958, "cultivo": "olivo", "id": "O051"}}, {"type": "Feature", "id": 33841, "geometry": {"type": "Polygon", "coordinates": [[[-68.1294134473194, -34.75154720109067], [-68.13005281603634, -34.751541945193075], [-68.13006775322287, -34.752887727475404], [-68.12942840426888, -34.75289009890133], [-68.1294134473194, -34.75154720109067]]]}, "properties": {"fid": 33841, "tipo_culti": "OLIVOS", "globalid": "{CB06FF6D-E507-4EDC-BBD4-1ED9A5842065}", "created_date": 1740061366000, "created_user": "ugdt_admin", "last_edited_date": 1740061366000, "last_edited_user": "ugdt_admin", "shape_Length": 506.64688731232127, "shape_Area": 12964.37087497028, "cultivo": "olivo", "id": "O052"}}, {"type": "Feature", "id": 43713, "geometry": {"type": "Polygon", "coordinates": [[[-67.86367457186104, -34.89950148552438], [-67.86366925383456, -34.89847382198242], [-67.86851235180562, -34.89845537255645], [-67.86851816570214, -34.89948313137123], [-67.86367457186104, -34.89950148552438]]]}, "properties": {"fid": 43713, "tipo_culti": "OLIVOS", "globalid": "{A493588E-567A-4413-B4BA-010375697938}", "created_date": 1740061366000, "created_user": "ugdt_admin", "last_edited_date": 1740061366000, "last_edited_user": "ugdt_admin", "shape_Length": 1357.311628008081, "shape_Area": 75208.72768292457, "cultivo": "olivo", "id": "O053"}}, {"type": "Feature", "id": 28408, "geometry": {"type": "Polygon", "coordinates": [[[-68.37446047103116, -34.57315204418936], [-68.37513350411338, -34.57292103007482], [-68.37547275108378, -34.572804589303175], [-68.37580642400788, -34.572690101860815], [-68.37614293740488, -34.57257454690247], [-68.3764774834914, -34.57245970113768], [-68.37697134220032, -34.57344180467967], [-68.37653822936755, -34.573592205080864], [-68.37684603709967, -34.57419854448191], [-68.37526936980852, -34.57474594405307], [-68.37446047103116, -34.57315204418936]], [[-68.37560449800337, -34.57373833065885], [-68.37552200481251, -34.57376702466097], [-68.37552855532755, -34.57377994890434], [-68.37550233260609, -34.57378900911358], [-68.375507381138, -34.573798860767866], [-68.3754039095903, -34.573834839008256], [-68.3754331201084, -34.57389249987357], [-68.37557385107911, -34.57384355082753], [-68.37565579629766, -34.57400487464959], [-68.37572911050295, -34.57397946929163], [-68.37568658156243, -34.57389568932336], [-68.37580622458188, -34.57385411403661], [-68.37577830045127, -34.57379916477189], [-68.3757557922635, -34.57380698233498], [-68.37575031523522, -34.573796137305926], [-68.37568388392164, -34.57381923421303], [-68.37565520969778, -34.573762658392056], [-68.37562253976752, -34.573774029330416], [-68.37560449800337, -34.57373833065885]], [[-68.37550131750982, -34.5733272929659], [-68.37527661741623, -34.57341295079604], [-68.37532812501799, -34.57350561027129], [-68.37555282511158, -34.573419952536625], [-68.37550131750982, -34.5733272929659]]]}, "properties": {"fid": 28408, "tipo_culti": "OLIVOS", "globalid": "{9C1CA101-63A3-4337-AC48-2CCBD65DE29A}", "created_date": 1740061366000, "created_user": "ugdt_admin", "last_edited_date": 1740061366000, "last_edited_user": "ugdt_admin", "shape_Length": 1186.3576035601864, "shape_Area": 50957.15893700854, "cultivo": "olivo", "id": "O054"}}, {"type": "Feature", "id": 9645, "geometry": {"type": "Polygon", "coordinates": [[[-67.51673149006307, -34.92971788652052], [-67.51590749509735, -34.930315741963696], [-67.51559764818956, -34.93005617035833], [-67.51638864713658, -34.9293762568807], [-67.51673149006307, -34.92971788652052]]]}, "properties": {"fid": 9645, "tipo_culti": "OLIVOS", "globalid": "{9CCFD42A-F40A-4A71-82AA-6A0B0E8EFEF3}", "created_date": 1740061366000, "created_user": "ugdt_admin", "last_edited_date": 1740061366000, "last_edited_user": "ugdt_admin", "shape_Length": 359.4493651752683, "shape_Area": 6820.319630460299, "cultivo": "olivo", "id": "O055"}}, {"type": "Feature", "id": 57683, "geometry": {"type": "Polygon", "coordinates": [[[-68.11610797862343, -34.752574472066144], [-68.11611331551454, -34.753119036025], [-68.11596992553056, -34.75311862639607], [-68.11552299211715, -34.753122321175056], [-68.11449773230697, -34.75313082448022], [-68.11449107579072, -34.752588054121105], [-68.11502691277286, -34.752583566625724], [-68.11610797862343, -34.752574472066144]]]}, "properties": {"fid": 57683, "tipo_culti": "OLIVOS", "globalid": "{E9923B1B-1332-4178-8CA1-32A793B0B8CD}", "created_date": 1740061366000, "created_user": "ugdt_admin", "last_edited_date": 1740061366000, "last_edited_user": "ugdt_admin", "shape_Length": 507.1834613685277, "shape_Area": 13236.082444105277, "cultivo": "olivo", "id": "O056"}}, {"type": "Feature", "id": 39011, "geometry": {"type": "Polygon", "coordinates": [[[-68.19218185157821, -34.724805456117366], [-68.19199525173079, -34.72576113747493], [-68.19136432987244, -34.72582752964612], [-68.19155093690641, -34.72487184979438], [-68.19218185157821, -34.724805456117366]]]}, "properties": {"fid": 39011, "tipo_culti": "OLIVOS", "globalid": "{D288EDAE-1367-4673-B853-A12C7945E9FB}", "created_date": 1740061366000, "created_user": "ugdt_admin", "last_edited_date": 1740061366000, "last_edited_user": "ugdt_admin", "shape_Length": 403.80638398781934, "shape_Area": 8904.23820791303, "cultivo": "olivo", "id": "O057"}}, {"type": "Feature", "id": 41965, "geometry": {"type": "Polygon", "coordinates": [[[-68.51510908600797, -34.58480399381282], [-68.51480131420848, -34.586468169238216], [-68.51441553540468, -34.58653144788125], [-68.51427736014092, -34.586544599402266], [-68.51425552658795, -34.586550461860526], [-68.5144063159949, -34.585736617501524], [-68.51462059473289, -34.585737649931374], [-68.51462029289894, -34.585714571866795], [-68.51464224682618, -34.58570672658062], [-68.51467629387376, -34.585718581038485], [-68.51471775202245, -34.585711714194765], [-68.51476048398219, -34.58567321326697], [-68.51478644349726, -34.585444982915256], [-68.514509253045, -34.58544766679855], [-68.51463280822749, -34.584668147776505], [-68.51465483222331, -34.58462938381687], [-68.51510908600797, -34.58480399381282]]]}, "properties": {"fid": 41965, "tipo_culti": "OLIVOS", "globalid": "{0BFF5064-09F3-4CDF-9324-804F642F6B7D}", "created_date": 1740061366000, "created_user": "ugdt_admin", "last_edited_date": 1740061366000, "last_edited_user": "ugdt_admin", "shape_Length": 676.0176861730474, "shape_Area": 12491.332330609908, "cultivo": "olivo", "id": "O058"}}, {"type": "Feature", "id": 18660, "geometry": {"type": "Polygon", "coordinates": [[[-67.47827233282572, -34.99560364552149], [-67.47827138869634, -34.99638819261807], [-67.47702862609465, -34.996387205790526], [-67.47702958280043, -34.99560265868449], [-67.47827233282572, -34.99560364552149]]]}, "properties": {"fid": 18660, "tipo_culti": "OLIVOS", "globalid": "{F1DAE940-988E-4DF2-A8D5-D450D0388432}", "created_date": 1740061366000, "created_user": "ugdt_admin", "last_edited_date": 1740061366000, "last_edited_user": "ugdt_admin", "shape_Length": 489.90943498589945, "shape_Area": 14748.982766574285, "cultivo": "olivo", "id": "O059"}}, {"type": "Feature", "id": 34450, "geometry": {"type": "Polygon", "coordinates": [[[-67.81387666530851, -34.905174562696644], [-67.81384706042999, -34.90597780977486], [-67.8132417486421, -34.90611088518662], [-67.81324044249168, -34.90517520142294], [-67.81387666530851, -34.905174562696644]]]}, "properties": {"fid": 34450, "tipo_culti": "OLIVOS", "globalid": "{8E9A01F5-5750-4841-B32D-3AFDA2B2CF21}", "created_date": 1740061366000, "created_user": "ugdt_admin", "last_edited_date": 1740061366000, "last_edited_user": "ugdt_admin", "shape_Length": 376.67794114057745, "shape_Area": 8141.362915515827, "cultivo": "olivo", "id": "O060"}}, {"type": "Feature", "id": 14371, "geometry": {"type": "Polygon", "coordinates": [[[-67.42893653941826, -34.932413484361746], [-67.42893477153378, -34.93158798277077], [-67.42970664085684, -34.93158777950466], [-67.42970791915948, -34.932175247458375], [-67.42923578800236, -34.93217590291332], [-67.4292361850577, -34.932413393776656], [-67.42893653941826, -34.932413484361746]]]}, "properties": {"fid": 14371, "tipo_culti": "OLIVOS", "globalid": "{2ED0EF76-F78D-4357-B1CB-6E48D1166741}", "created_date": 1740061366000, "created_user": "ugdt_admin", "last_edited_date": 1740061366000, "last_edited_user": "ugdt_admin", "shape_Length": 395.9432120404821, "shape_Area": 7934.290423430155, "cultivo": "olivo", "id": "O061"}}, {"type": "Feature", "id": 42317, "geometry": {"type": "Polygon", "coordinates": [[[-68.54237012518786, -34.57140935697705], [-68.54269429573286, -34.57396335045449], [-68.53952832993937, -34.574237293335486], [-68.53930396491738, -34.57292864282996], [-68.53737946366003, -34.573114001219864], [-68.53713766682995, -34.571968530734765], [-68.54237012518786, -34.57140935697705]]]}, "properties": {"fid": 42317, "tipo_culti": "OLIVOS", "globalid": "{A3D0BF9A-80B8-4E25-AC33-959D4C3DD068}", "created_date": 1740061366000, "created_user": "ugdt_admin", "last_edited_date": 1740061366000, "last_edited_user": "ugdt_admin", "shape_Length": 1840.4533721185373, "shape_Area": 158115.46678335857, "cultivo": "olivo", "id": "O062"}}, {"type": "Feature", "id": 29943, "geometry": {"type": "Polygon", "coordinates": [[[-68.3231672135853, -34.58838747499021], [-68.32196417538377, -34.58875380500048], [-68.32174712713974, -34.58827502573711], [-68.3219321396641, -34.588202497504014], [-68.32183104056709, -34.58799505969288], [-68.32193912496376, -34.587798789227485], [-68.32229679907559, -34.587644289344226], [-68.32234324377241, -34.58775019373818], [-68.3223611633657, -34.58774479505935], [-68.32236608613344, -34.58775599990597], [-68.32233330571042, -34.58776600373019], [-68.3223448652315, -34.58779211927454], [-68.32236846666896, -34.5877849486493], [-68.3223879466359, -34.58782895598541], [-68.32247852735927, -34.58780160541325], [-68.32244245640734, -34.587720186693446], [-68.32278489239701, -34.58761653122131], [-68.32299358630887, -34.58803739111449], [-68.3231672135853, -34.58838747499021]], [[-68.32215062611087, -34.58811510146108], [-68.32209565280874, -34.58813327569823], [-68.32215042668489, -34.58824697866451], [-68.322205399987, -34.58822889467621], [-68.32215062611087, -34.58811510146108]], [[-68.32202311834114, -34.58827376482081], [-68.32196038628989, -34.58829441944105], [-68.32197367776284, -34.58832198653623], [-68.3220364107124, -34.588301331922835], [-68.32202311834114, -34.58827376482081]]]}, "properties": {"fid": 29943, "tipo_culti": "OLIVOS", "globalid": "{DB4BCD77-7501-4E6D-80FC-77C992AC8F0F}", "created_date": 1740061366000, "created_user": "ugdt_admin", "last_edited_date": 1740061366000, "last_edited_user": "ugdt_admin", "shape_Length": 619.785111144482, "shape_Area": 15197.66551193463, "cultivo": "olivo", "id": "O063"}}, {"type": "Feature", "id": 45071, "geometry": {"type": "Polygon", "coordinates": [[[-68.43490640958198, -34.6408066340501], [-68.43433120393252, -34.63995338672715], [-68.43464093944921, -34.63981041525451], [-68.43503649641491, -34.6396370118019], [-68.43547702394204, -34.64031115171899], [-68.43553773837714, -34.64028411923756], [-68.4356596110151, -34.64047064657975], [-68.43490640958198, -34.6408066340501]]]}, "properties": {"fid": 45071, "tipo_culti": "OLIVOS", "globalid": "{59FD86D8-F74F-4316-9DB5-744A6FCBE531}", "created_date": 1740061366000, "created_user": "ugdt_admin", "last_edited_date": 1740061366000, "last_edited_user": "ugdt_admin", "shape_Length": 456.7210259748765, "shape_Area": 11941.563371490616, "cultivo": "olivo", "id": "O064"}}, {"type": "Feature", "id": 43726, "geometry": {"type": "Polygon", "coordinates": [[[-67.71832154082672, -34.926063728097844], [-67.71789764920035, -34.92669991118692], [-67.71724073009767, -34.92640293291962], [-67.71766910701228, -34.9257600400058], [-67.71832154082672, -34.926063728097844]]]}, "properties": {"fid": 43726, "tipo_culti": "OLIVOS", "globalid": "{E8A6EC9C-BDC0-495A-B88A-4E0540A84792}", "created_date": 1740061366000, "created_user": "ugdt_admin", "last_edited_date": 1740061366000, "last_edited_user": "ugdt_admin", "shape_Length": 364.9149183515447, "shape_Area": 8262.554190069317, "cultivo": "olivo", "id": "O065"}}, {"type": "Feature", "id": 34442, "geometry": {"type": "Polygon", "coordinates": [[[-67.79805614827731, -34.90029399246149], [-67.79729746262937, -34.90033020162016], [-67.79729791358363, -34.9002617050211], [-67.79719683424956, -34.90026115540365], [-67.7971970714048, -34.90022240073306], [-67.7971346061532, -34.90022214286951], [-67.79713955407378, -34.89950770819435], [-67.79807427088984, -34.89950821287454], [-67.79805614827731, -34.90029399246149]]]}, "properties": {"fid": 34442, "tipo_culti": "OLIVOS", "globalid": "{77FAC075-04C7-45C0-82AA-F55DDAE9C4DD}", "created_date": 1740061366000, "created_user": "ugdt_admin", "last_edited_date": 1740061366000, "last_edited_user": "ugdt_admin", "shape_Length": 425.06007967828725, "shape_Area": 11115.933171804241, "cultivo": "olivo", "id": "O066"}}, {"type": "Feature", "id": 42359, "geometry": {"type": "Polygon", "coordinates": [[[-68.22662595451723, -34.65917884438051], [-68.22707900635602, -34.658026927189056], [-68.22766410605006, -34.65829069055288], [-68.22719907607522, -34.659441001390235], [-68.22662595451723, -34.65917884438051]]]}, "properties": {"fid": 42359, "tipo_culti": "OLIVOS", "globalid": "{1801DC74-B833-4356-82FC-ED8FA3C6F991}", "created_date": 1740061366000, "created_user": "ugdt_admin", "last_edited_date": 1740061366000, "last_edited_user": "ugdt_admin", "shape_Length": 475.1802492958128, "shape_Area": 11861.398688062593, "cultivo": "olivo", "id": "O067"}}, {"type": "Feature", "id": 26113, "geometry": {"type": "Polygon", "coordinates": [[[-67.77270136377471, -34.97487925674976], [-67.77269400118266, -34.973926852289395], [-67.773603819394, -34.97392793360734], [-67.77395138206899, -34.97392720708535], [-67.77395272505035, -34.97441753657252], [-67.77410701519197, -34.97441729219171], [-67.7741083042744, -34.97488184334411], [-67.77270136377471, -34.97487925674976]]]}, "properties": {"fid": 26113, "tipo_culti": "OLIVOS", "globalid": "{15074CC5-354D-4604-A003-5719C975937D}", "created_date": 1740061366000, "created_user": "ugdt_admin", "last_edited_date": 1740061366000, "last_edited_user": "ugdt_admin", "shape_Length": 572.8813854600334, "shape_Area": 19170.25839855902, "cultivo": "olivo", "id": "O068"}}, {"type": "Feature", "id": 55242, "geometry": {"type": "Polygon", "coordinates": [[[-68.10911578709926, -34.65798894748319], [-68.1104087969664, -34.658559957988516], [-68.11003924263491, -34.659077185995535], [-68.10864300466355, -34.658722563295996], [-68.10911578709926, -34.65798894748319]]]}, "properties": {"fid": 55242, "tipo_culti": "OLIVOS", "globalid": "{A167B01B-2E97-40B2-A455-7329F8E9A73A}", "created_date": 1740061366000, "created_user": "ugdt_admin", "last_edited_date": 1740061366000, "last_edited_user": "ugdt_admin", "shape_Length": 519.6009033201199, "shape_Area": 15605.832307118679, "cultivo": "olivo", "id": "O069"}}, {"type": "Feature", "id": 14364, "geometry": {"type": "Polygon", "coordinates": [[[-67.42984099019579, -34.929689175256236], [-67.42666083551238, -34.92969867890382], [-67.42666049954246, -34.92890248682941], [-67.42983801138229, -34.9288979956791], [-67.42984099019579, -34.929689175256236]]]}, "properties": {"fid": 14364, "tipo_culti": "OLIVOS", "globalid": "{7A510EA0-2F70-4A48-AF60-7C7ABE6FD696}", "created_date": 1740061366000, "created_user": "ugdt_admin", "last_edited_date": 1740061366000, "last_edited_user": "ugdt_admin", "shape_Length": 923.2669956792013, "shape_Area": 38134.803265933464, "cultivo": "olivo", "id": "O070"}}, {"type": "Feature", "id": 9656, "geometry": {"type": "Polygon", "coordinates": [[[-67.54041864925874, -34.91517726561901], [-67.5404187938875, -34.91600339343392], [-67.53941421509177, -34.9160034884568], [-67.53940861319766, -34.91517711461215], [-67.54041864925874, -34.91517726561901]]]}, "properties": {"fid": 9656, "tipo_culti": "OLIVOS", "globalid": "{11D7A6EF-6906-4AD9-81DD-5AB1FBBF6560}", "created_date": 1740061366000, "created_user": "ugdt_admin", "last_edited_date": 1740061366000, "last_edited_user": "ugdt_admin", "shape_Length": 448.60483694353303, "shape_Area": 12577.794799833024, "cultivo": "olivo", "id": "O071"}}, {"type": "Feature", "id": 48230, "geometry": {"type": "Polygon", "coordinates": [[[-68.3804099556657, -34.61852368326181], [-68.38163999722468, -34.61809850448817], [-68.3824599380935, -34.61971989796024], [-68.38141718718643, -34.62007419143323], [-68.3804099556657, -34.61852368326181]], [[-68.38154999860961, -34.619074467919695], [-68.38144440344459, -34.619124772746126], [-68.38143393807154, -34.6191098462316], [-68.38137922528084, -34.61913598001298], [-68.38138742510276, -34.619147650058466], [-68.3812372941609, -34.619219182832914], [-68.38124797602795, -34.61923438063792], [-68.38123221867956, -34.61924196327554], [-68.38126685053038, -34.619291627058445], [-68.3812860008156, -34.619282439482625], [-68.38129970281864, -34.619302069903675], [-68.3813602151328, -34.61927326077697], [-68.38134165863396, -34.61924657480819], [-68.3813994355781, -34.61921901354127], [-68.38142004293071, -34.61924850428874], [-68.38150462829788, -34.61920818922487], [-68.38149222076717, -34.61919036850258], [-68.38159628430462, -34.61914077636785], [-68.38154999860961, -34.619074467919695]], [[-68.38127322587395, -34.61874116098814], [-68.381247691262, -34.61874382605316], [-68.3812347618101, -34.618752323950645], [-68.38122310976257, -34.61876506525069], [-68.38122095650081, -34.61877596133396], [-68.38122247824693, -34.61879129302775], [-68.38122959739556, -34.618801695276154], [-68.3812410733733, -34.61881275103657], [-68.38125411601291, -34.61881840644004], [-68.38128006384989, -34.61881889805353], [-68.38129480700033, -34.61881581826133], [-68.38131181031203, -34.61880193258136], [-68.38131767451421, -34.61879042364781], [-68.38131777512552, -34.61877690316237], [-68.38131351711107, -34.61876290954262], [-68.38130270588664, -34.618750505348885], [-68.38128977823136, -34.61874403970193], [-68.38127322587395, -34.61874116098814]], [[-68.38120335580948, -34.61910534114566], [-68.38116750943637, -34.619160416432855], [-68.38120956855796, -34.61917910949452], [-68.38124541403275, -34.61912412441014], [-68.38120335580948, -34.61910534114566]]]}, "properties": {"fid": 48230, "tipo_culti": "OLIVOS", "globalid": "{7D4F477C-921B-4580-9B7B-0F288E05E2D5}", "created_date": 1740061366000, "created_user": "ugdt_admin", "last_edited_date": 1740061366000, "last_edited_user": "ugdt_admin", "shape_Length": 934.1754687014189, "shape_Area": 31875.27053958485, "cultivo": "olivo", "id": "O072"}}, {"type": "Feature", "id": 26394, "geometry": {"type": "Polygon", "coordinates": [[[-67.74702432932523, -34.93356837637952], [-67.74703860086014, -34.934659389218616], [-67.74604217697059, -34.93466046442675], [-67.7460387103719, -34.93454307665612], [-67.74604265397599, -34.93428398828008], [-67.74604630652594, -34.93410872026544], [-67.74604526987011, -34.93404020913536], [-67.74604522675097, -34.93397116770396], [-67.74603735750908, -34.933869778346676], [-67.7460402509826, -34.93381627000815], [-67.74604720124798, -34.93377668352162], [-67.74606822182562, -34.93370434403421], [-67.74607914893274, -34.93365515488436], [-67.74607978493995, -34.93361334054884], [-67.74607534636414, -34.93358138804273], [-67.7460755916042, -34.93357967799745], [-67.74607681870289, -34.93357815869364], [-67.74607858568905, -34.9335770952546], [-67.74608067157715, -34.93357666590212], [-67.74702432932523, -34.93356837637952]]]}, "properties": {"fid": 26394, "tipo_culti": "OLIVOS", "globalid": "{55DB03FC-2964-4F76-B52A-C7BFCCD82B9D}", "created_date": 1740061366000, "created_user": "ugdt_admin", "last_edited_date": 1740061366000, "last_edited_user": "ugdt_admin", "shape_Length": 512.1327838528703, "shape_Area": 16174.444495731557, "cultivo": "olivo", "id": "O073"}}, {"type": "Feature", "id": 29689, "geometry": {"type": "Polygon", "coordinates": [[[-68.41155273196925, -34.761082510611715], [-68.41182161300513, -34.76094814820005], [-68.41234961488138, -34.76117776112889], [-68.41247175791223, -34.76168241449237], [-68.41263584597866, -34.76195551963653], [-68.41161535712097, -34.761923550592], [-68.41155273196925, -34.761082510611715]]]}, "properties": {"fid": 29689, "tipo_culti": "OLIVOS", "globalid": "{D7407B14-3F28-481A-AA66-AE64C884F8E0}", "created_date": 1740061366000, "created_user": "ugdt_admin", "last_edited_date": 1740061366000, "last_edited_user": "ugdt_admin", "shape_Length": 440.38562666745355, "shape_Area": 11554.534471740346, "cultivo": "olivo", "id": "O074"}}, {"type": "Feature", "id": 63434, "geometry": {"type": "Polygon", "coordinates": [[[-68.03000390258342, -34.774352763792365], [-68.03000142682649, -34.7751150334203], [-68.02815761763783, -34.77511105406851], [-68.02816000086828, -34.77434878366592], [-68.03000390258342, -34.774352763792365]]]}, "properties": {"fid": 63434, "tipo_culti": "OLIVOS", "globalid": "{26CA3491-3950-4E83-9E18-9748E48ACF67}", "created_date": 1740061366000, "created_user": "ugdt_admin", "last_edited_date": 1740061366000, "last_edited_user": "ugdt_admin", "shape_Length": 617.1279255189688, "shape_Area": 21204.399885893527, "cultivo": "olivo", "id": "O075"}}, {"type": "Feature", "id": 68976, "geometry": {"type": "Polygon", "coordinates": [[[-68.21813593274955, -34.69553203141434], [-68.21868386015711, -34.69558368060772], [-68.21880287345752, -34.69560111931207], [-68.21858161301316, -34.69662711518541], [-68.21791551941651, -34.69657146282742], [-68.21813593274955, -34.69553203141434]]]}, "properties": {"fid": 68976, "tipo_culti": "OLIVOS", "globalid": "{4D7820AE-56EF-4F2E-947D-3CA8C5D5B98F}", "created_date": 1740061366000, "created_user": "ugdt_admin", "last_edited_date": 1740061366000, "last_edited_user": "ugdt_admin", "shape_Length": 433.3210671591508, "shape_Area": 10607.73437014822, "cultivo": "olivo", "id": "O076"}}, {"type": "Feature", "id": 18081, "geometry": {"type": "Polygon", "coordinates": [[[-67.50673200397067, -35.02636032428611], [-67.50672505101038, -35.02708594439897], [-67.50505211845676, -35.02707174191485], [-67.50154437873196, -35.02705208411915], [-67.50155010908516, -35.026359976338014], [-67.50601855837877, -35.02635181169488], [-67.50673200397067, -35.02636032428611]]]}, "properties": {"fid": 18081, "tipo_culti": "OLIVOS", "globalid": "{D0F71EF6-7B83-4907-8864-6EBCA6F1F50C}", "created_date": 1740061366000, "created_user": "ugdt_admin", "last_edited_date": 1740061366000, "last_edited_user": "ugdt_admin", "shape_Length": 1346.3162191940007, "shape_Area": 55785.59587784619, "cultivo": "olivo", "id": "O077"}}, {"type": "Feature", "id": 64385, "geometry": {"type": "Polygon", "coordinates": [[[-67.87661180944394, -34.584117529083834], [-67.87694334258101, -34.58423947346674], [-67.87684920542746, -34.58512836247144], [-67.87683837533838, -34.585285283197834], [-67.87613386169535, -34.585358929982746], [-67.87614193844807, -34.585317631110854], [-67.87618061361599, -34.585156909805136], [-67.87622592104567, -34.58499733156308], [-67.87627785804214, -34.58483916633464], [-67.8763365306066, -34.58468259606268], [-67.87640160905735, -34.58452779677478], [-67.87647330988838, -34.58437495115588], [-67.87655130251969, -34.58422423671507], [-67.87661180944394, -34.584117529083834]]]}, "properties": {"fid": 64385, "tipo_culti": "OLIVOS", "globalid": "{5E338FC5-98C4-477E-98DF-465B18950156}", "created_date": 1740061366000, "created_user": "ugdt_admin", "last_edited_date": 1740061366000, "last_edited_user": "ugdt_admin", "shape_Length": 438.03080108925917, "shape_Area": 9700.408048417361, "cultivo": "olivo", "id": "O078"}}, {"type": "Feature", "id": 66081, "geometry": {"type": "Polygon", "coordinates": [[[-67.84969821885304, -34.601965590180534], [-67.84971295661357, -34.600983768251034], [-67.8497139267941, -34.60092131176781], [-67.85133821827, -34.60092471683265], [-67.8513361368735, -34.60161425104917], [-67.85111195690445, -34.60196656251584], [-67.84969821885304, -34.601965590180534]], [[-67.85129326747152, -34.601299627298054], [-67.85129146455274, -34.60135143948973], [-67.8513254648879, -34.6013522107089], [-67.8513272678067, -34.60130039851771], [-67.85129326747152, -34.601299627298054]]]}, "properties": {"fid": 66081, "tipo_culti": "OLIVOS", "globalid": "{B6CC4F81-6E19-4129-A9F3-E2276D2549F9}", "created_date": 1740061366000, "created_user": "ugdt_admin", "last_edited_date": 1740061366000, "last_edited_user": "ugdt_admin", "shape_Length": 648.0646636392144, "shape_Area": 24989.157602839692, "cultivo": "olivo", "id": "O079"}}, {"type": "Feature", "id": 38833, "geometry": {"type": "Polygon", "coordinates": [[[-68.02150168977903, -34.75147792743325], [-68.02150120379046, -34.75142654490621], [-68.02149203827962, -34.75037042155917], [-68.02149156396915, -34.75031804781942], [-68.02208088305005, -34.75031475960541], [-68.02210513756272, -34.75149043649341], [-68.02150182991622, -34.751493792564375], [-68.02150168977903, -34.75147792743325]]]}, "properties": {"fid": 38833, "tipo_culti": "OLIVOS", "globalid": "{15D382F9-C7B6-4957-996F-14994B3727BF}", "created_date": 1740061366000, "created_user": "ugdt_admin", "last_edited_date": 1740061366000, "last_edited_user": "ugdt_admin", "shape_Length": 451.37463440694654, "shape_Area": 10574.992386719849, "cultivo": "olivo", "id": "O080"}}, {"type": "Feature", "id": 45354, "geometry": {"type": "Polygon", "coordinates": [[[-68.3678991788909, -34.520555533739596], [-68.36792513391438, -34.52060858196053], [-68.36836961762202, -34.52151438957083], [-68.36838248868342, -34.521540688009445], [-68.36798098217561, -34.521678603689], [-68.36749660698115, -34.52069082798927], [-68.3678991788909, -34.520555533739596]]]}, "properties": {"fid": 45354, "tipo_culti": "OLIVOS", "globalid": "{31D44062-03E8-4665-9B1C-E3DD40AFDF30}", "created_date": 1740061366000, "created_user": "ugdt_admin", "last_edited_date": 1740061366000, "last_edited_user": "ugdt_admin", "shape_Length": 384.32906076864526, "shape_Area": 6958.788131125566, "cultivo": "olivo", "id": "O081"}}, {"type": "Feature", "id": 34443, "geometry": {"type": "Polygon", "coordinates": [[[-67.81775996999235, -34.86292461615912], [-67.81770044762162, -34.86405016744146], [-67.81660825703456, -34.86405486483498], [-67.81657014780527, -34.86402808533952], [-67.8165646716753, -34.86400576884089], [-67.81657166326315, -34.86397573218193], [-67.81687194850306, -34.86334979212938], [-67.81692623369568, -34.86323972631269], [-67.81735386770353, -34.86333465095702], [-67.81746862388783, -34.862827412701726], [-67.81775996999235, -34.86292461615912]]]}, "properties": {"fid": 34443, "tipo_culti": "OLIVOS", "globalid": "{5E72D154-4819-456D-A1C0-01E58ED1D937}", "created_date": 1740061366000, "created_user": "ugdt_admin", "last_edited_date": 1740061366000, "last_edited_user": "ugdt_admin", "shape_Length": 548.9451543892378, "shape_Area": 13681.33146106767, "cultivo": "olivo", "id": "O082"}}, {"type": "Feature", "id": 23066, "geometry": {"type": "Polygon", "coordinates": [[[-68.37715084625533, -34.67605867526602], [-68.37635692868197, -34.676497209826444], [-68.37603995813396, -34.6759875512916], [-68.37669242608439, -34.675626809404946], [-68.37717812988716, -34.67535832733282], [-68.37751810898452, -34.67585584083266], [-68.37715084625533, -34.67605867526602]]]}, "properties": {"fid": 23066, "tipo_culti": "OLIVOS", "globalid": "{D695E854-59A9-41F6-8B71-883D29A8E9EB}", "created_date": 1740061366000, "created_user": "ugdt_admin", "last_edited_date": 1740061366000, "last_edited_user": "ugdt_admin", "shape_Length": 463.1174945919287, "shape_Area": 11868.606348896414, "cultivo": "olivo", "id": "O083"}}, {"type": "Feature", "id": 34446, "geometry": {"type": "Polygon", "coordinates": [[[-67.79415447214758, -34.88239233334161], [-67.79373732327574, -34.882383417432195], [-67.79374276257477, -34.88159949379403], [-67.79430676084276, -34.88160373697922], [-67.79430875779764, -34.88239557649513], [-67.79415447214758, -34.88239233334161]]]}, "properties": {"fid": 34446, "tipo_culti": "OLIVOS", "globalid": "{2F1D2E50-F35A-4260-8BBC-C4982D0E2FBE}", "created_date": 1740061366000, "created_user": "ugdt_admin", "last_edited_date": 1740061366000, "last_edited_user": "ugdt_admin", "shape_Length": 340.2537903656653, "shape_Area": 6757.251506448541, "cultivo": "olivo", "id": "O084"}}, {"type": "Feature", "id": 34062, "geometry": {"type": "Polygon", "coordinates": [[[-68.18199367615702, -34.7621107729013], [-68.18194980782845, -34.76318069465939], [-68.18076834087184, -34.763178158959406], [-68.18064688056057, -34.76213921502159], [-68.18199367615702, -34.7621107729013]]]}, "properties": {"fid": 34062, "tipo_culti": "OLIVOS", "globalid": "{71633D6F-8461-4491-8858-D5D5B2825E55}", "created_date": 1740061366000, "created_user": "ugdt_admin", "last_edited_date": 1740061366000, "last_edited_user": "ugdt_admin", "shape_Length": 567.9848947593473, "shape_Area": 20114.00392615181, "cultivo": "olivo", "id": "O085"}}, {"type": "Feature", "id": 26385, "geometry": {"type": "Polygon", "coordinates": [[[-67.7726624541465, -34.92232031406119], [-67.77266847645217, -34.922988796587354], [-67.77194889626519, -34.92299315179962], [-67.77194298894388, -34.9223246715186], [-67.7726624541465, -34.92232031406119]]]}, "properties": {"fid": 26385, "tipo_culti": "OLIVOS", "globalid": "{997B0541-3BD6-49B1-B4FA-EE70B5335B45}", "created_date": 1740061366000, "created_user": "ugdt_admin", "last_edited_date": 1740061366000, "last_edited_user": "ugdt_admin", "shape_Length": 341.71952561774975, "shape_Area": 7269.847197242969, "cultivo": "olivo", "id": "O086"}}, {"type": "Feature", "id": 51526, "geometry": {"type": "Polygon", "coordinates": [[[-68.10411511654253, -34.597644362009206], [-68.10314853378839, -34.597980244861525], [-68.10289255884818, -34.59745527895398], [-68.10384972905477, -34.597122483449446], [-68.10411511654253, -34.597644362009206]]]}, "properties": {"fid": 51526, "tipo_culti": "OLIVOS", "globalid": "{2B2FBF57-76ED-47A9-9521-DCD89C8A8FF5}", "created_date": 1740061366000, "created_user": "ugdt_admin", "last_edited_date": 1740061366000, "last_edited_user": "ugdt_admin", "shape_Length": 385.46890120197645, "shape_Area": 8891.366962058226, "cultivo": "olivo", "id": "O087"}}, {"type": "Feature", "id": 28416, "geometry": {"type": "Polygon", "coordinates": [[[-68.38255958461471, -34.56963218956308], [-68.37990873795799, -34.57059544942209], [-68.37967649471094, -34.570069638108066], [-68.37943640737485, -34.56952936367467], [-68.382033182638, -34.56862407184293], [-68.38255958461471, -34.56963218956308]], [[-68.38093499669476, -34.569766116228905], [-68.38087578064953, -34.569845502076596], [-68.3811842082192, -34.57000301309079], [-68.3812434242644, -34.56992362739349], [-68.38093499669476, -34.569766116228905]], [[-68.38068837770821, -34.56972358021886], [-68.38032953668483, -34.56975177630559], [-68.38033997600674, -34.56984287390701], [-68.38069881792846, -34.56981458686753], [-68.38068837770821, -34.56972358021886]], [[-68.38111293588454, -34.56947396402852], [-68.38085667617838, -34.569658899611426], [-68.38093242571641, -34.569730676952446], [-68.38118868542256, -34.56954574152918], [-68.38111293588454, -34.56947396402852]], [[-68.38066533592118, -34.56939209758395], [-68.38056456830252, -34.56943179032596], [-68.380714866331, -34.569693065884955], [-68.380815634848, -34.56965337326768], [-68.38066533592118, -34.56939209758395]], [[-68.37977499677848, -34.569982970837174], [-68.37972343258286, -34.57000028654571], [-68.37984000785559, -34.57023876570026], [-68.37984590709206, -34.57023681288999], [-68.37986769842422, -34.570281273338104], [-68.37984770641755, -34.57028793286113], [-68.37987400639413, -34.570341701666344], [-68.37996446135337, -34.570311422044256], [-68.37994310031422, -34.570267684299736], [-68.3799183023208, -34.570275941576995], [-68.37977499677848, -34.569982970837174]], [[-68.38072716965713, -34.569841503234805], [-68.38070591372089, -34.56993054658112], [-68.38081801987508, -34.569948963718986], [-68.38083938540579, -34.56985992113209], [-68.38072716965713, -34.569841503234805]], [[-68.38150555625757, -34.56960783325213], [-68.38138186632777, -34.569637945217124], [-68.3813977718982, -34.56968264638984], [-68.381521461828, -34.56965253444103], [-68.38150555625757, -34.56960783325213]], [[-68.38188949890494, -34.569589044705964], [-68.38184003586876, -34.56960231578147], [-68.38185362019252, -34.56963690962845], [-68.38190308233035, -34.569623728802654], [-68.38188949890494, -34.569589044705964]], [[-68.38173054021878, -34.569584544330745], [-68.38171152557918, -34.569591749813064], [-68.38172098933069, -34.56960883407494], [-68.38174000397031, -34.56960162933383], [-68.38173054021878, -34.569584544330745]], [[-68.38182101044936, -34.56961105393396], [-68.3818007004391, -34.56961653959665], [-68.38180711890182, -34.56963279760159], [-68.38182742801375, -34.569627311939975], [-68.38182101044936, -34.56961105393396]]]}, "properties": {"fid": 28416, "tipo_culti": "OLIVOS", "globalid": "{101F413F-0AC6-4EBF-AD34-F261D01581E7}", "created_date": 1740061366000, "created_user": "ugdt_admin", "last_edited_date": 1740061366000, "last_edited_user": "ugdt_admin", "shape_Length": 1606.9603248875833, "shape_Area": 45369.269952190305, "cultivo": "olivo", "id": "O088"}}, {"type": "Feature", "id": 67354, "geometry": {"type": "Polygon", "coordinates": [[[-68.06420235671638, -34.6676216899448], [-68.06579224900513, -34.667680306013196], [-68.0658057291243, -34.66804411983784], [-68.064249011619, -34.668003515966], [-68.06420235671638, -34.6676216899448]]]}, "properties": {"fid": 67354, "tipo_culti": "OLIVOS", "globalid": "{94872358-7659-4B48-8B02-3B9E0F59D9BA}", "created_date": 1740061366000, "created_user": "ugdt_admin", "last_edited_date": 1740061366000, "last_edited_user": "ugdt_admin", "shape_Length": 451.74852039192024, "shape_Area": 8815.195919681571, "cultivo": "olivo", "id": "O089"}}, {"type": "Feature", "id": 53757, "geometry": {"type": "Polygon", "coordinates": [[[-68.0039545424998, -34.591622804959734], [-68.00427422506164, -34.59222655471266], [-68.00361848814188, -34.59246367744996], [-68.00329104144106, -34.59184408840836], [-68.0039545424998, -34.591622804959734]]]}, "properties": {"fid": 53757, "tipo_culti": "OLIVOS", "globalid": "{37035E4D-185B-4D90-8EF3-86DD18D3BE55}", "created_date": 1740061366000, "created_user": "ugdt_admin", "last_edited_date": 1740061366000, "last_edited_user": "ugdt_admin", "shape_Length": 339.8512429400867, "shape_Area": 7189.8746359339975, "cultivo": "olivo", "id": "O090"}}, {"type": "Feature", "id": 47216, "geometry": {"type": "Polygon", "coordinates": [[[-68.36007333910496, -34.592969575136394], [-68.3600372600682, -34.59294108151221], [-68.35949671950723, -34.5925137647173], [-68.36026329056672, -34.59224988313981], [-68.36078844658014, -34.59266512597653], [-68.36119442579975, -34.592986085919236], [-68.36117434485989, -34.59300346856728], [-68.36158953630273, -34.59333177630786], [-68.3608509504593, -34.59358436534811], [-68.36007333910496, -34.592969575136394]]]}, "properties": {"fid": 47216, "tipo_culti": "OLIVOS", "globalid": "{01B9A797-B6DC-4891-B4D4-DAF78D8557B6}", "created_date": 1740061366000, "created_user": "ugdt_admin", "last_edited_date": 1740061366000, "last_edited_user": "ugdt_admin", "shape_Length": 601.587709708937, "shape_Area": 17531.452448429714, "cultivo": "olivo", "id": "O091"}}, {"type": "Feature", "id": 14366, "geometry": {"type": "Polygon", "coordinates": [[[-67.42896522262528, -34.930708460965064], [-67.4298485028065, -34.93070762432446], [-67.42984985207605, -34.93152113322586], [-67.42896919228053, -34.931521824036686], [-67.42896522262528, -34.930708460965064]]]}, "properties": {"fid": 14366, "tipo_culti": "OLIVOS", "globalid": "{F6A12E89-445C-4882-9690-F6E5F5535D74}", "created_date": 1740061366000, "created_user": "ugdt_admin", "last_edited_date": 1740061366000, "last_edited_user": "ugdt_admin", "shape_Length": 417.2615966905008, "shape_Area": 10844.041766638093, "cultivo": "olivo", "id": "O092"}}, {"type": "Feature", "id": 43716, "geometry": {"type": "Polygon", "coordinates": [[[-67.98010925555963, -34.8267676334505], [-67.98009600810413, -34.82657427144763], [-67.98118351218034, -34.82618308987193], [-67.98116808002206, -34.82549242929759], [-67.98016140635512, -34.82550770058301], [-67.98015782746702, -34.82534578602502], [-67.98075474719354, -34.82533672750787], [-67.9807430313656, -34.82481492234888], [-67.98060218900379, -34.82481076767508], [-67.98060119007718, -34.824599120172635], [-67.98150951528852, -34.824509832014485], [-67.98158450575012, -34.826320480041936], [-67.98010925555963, -34.8267676334505]]]}, "properties": {"fid": 43716, "tipo_culti": "OLIVOS", "globalid": "{1BAFF35E-0DEE-4A6C-A40F-A9FA8F90F52A}", "created_date": 1740061366000, "created_user": "ugdt_admin", "last_edited_date": 1740061366000, "last_edited_user": "ugdt_admin", "shape_Length": 1090.3519986006445, "shape_Area": 22079.38135720714, "cultivo": "olivo", "id": "O093"}}, {"type": "Feature", "id": 56866, "geometry": {"type": "Polygon", "coordinates": [[[-68.30209944743503, -34.68906168432331], [-68.30345795436784, -34.68864985113878], [-68.30349663851892, -34.688943119612546], [-68.30327607426891, -34.689010005207464], [-68.30261427012772, -34.68921065871344], [-68.30277811295409, -34.690455355940784], [-68.30229471333003, -34.690605378152306], [-68.30209944743503, -34.68906168432331]]]}, "properties": {"fid": 56866, "tipo_culti": "OLIVOS", "globalid": "{DFEA09E4-8D22-46AB-BFD9-5A94C977832B}", "created_date": 1740061366000, "created_user": "ugdt_admin", "last_edited_date": 1740061366000, "last_edited_user": "ugdt_admin", "shape_Length": 742.9402021068394, "shape_Area": 15639.373010708036, "cultivo": "olivo", "id": "O094"}}, {"type": "Feature", "id": 24199, "geometry": {"type": "Polygon", "coordinates": [[[-67.52661201495734, -34.99299628721535], [-67.52662559478948, -34.991969802208516], [-67.52700476917934, -34.99196890658291], [-67.52699177594705, -34.99299963491435], [-67.52661201495734, -34.99299628721535]]]}, "properties": {"fid": 24199, "tipo_culti": "OLIVOS", "globalid": "{1431660C-473C-4CEA-BDC7-01AE86A3D656}", "created_date": 1740061366000, "created_user": "ugdt_admin", "last_edited_date": 1740061366000, "last_edited_user": "ugdt_admin", "shape_Length": 364.04398281016813, "shape_Area": 5904.4612847862145, "cultivo": "olivo", "id": "O095"}}, {"type": "Feature", "id": 41961, "geometry": {"type": "Polygon", "coordinates": [[[-68.51584283442364, -34.58508590088291], [-68.51631270721614, -34.58527436053267], [-68.51605884062191, -34.58651841394759], [-68.51540869301985, -34.586402975094344], [-68.51566448111049, -34.58501731546876], [-68.51584283442364, -34.58508590088291]]]}, "properties": {"fid": 41961, "tipo_culti": "OLIVOS", "globalid": "{8B2E4613-9B2F-4B10-A055-74BCA144C1C0}", "created_date": 1740061366000, "created_user": "ugdt_admin", "last_edited_date": 1740061366000, "last_edited_user": "ugdt_admin", "shape_Length": 514.2201331522291, "shape_Area": 13573.058369732636, "cultivo": "olivo", "id": "O096"}}, {"type": "Feature", "id": 70670, "geometry": {"type": "Polygon", "coordinates": [[[-68.25900902934366, -34.69280674809687], [-68.25743339152184, -34.69332835417203], [-68.25697295463308, -34.691459915834024], [-68.25703254617409, -34.69139817228465], [-68.25706232712237, -34.69138735665186], [-68.25730334421479, -34.69130797032205], [-68.25737178775461, -34.69129369423227], [-68.25747418132394, -34.691290622302255], [-68.25796827988304, -34.69128389640746], [-68.25800984582956, -34.69127315240615], [-68.25802486296615, -34.691253593681594], [-68.25800982876157, -34.6909571211123], [-68.25812837134478, -34.690954236780605], [-68.25812707866908, -34.69091564877077], [-68.25853542584777, -34.69090587527585], [-68.25900902934366, -34.69280674809687]]]}, "properties": {"fid": 70670, "tipo_culti": "OLIVOS", "globalid": "{53E5EEEE-EAA3-463C-A3BA-8A536B8F3208}", "created_date": 1740061366000, "created_user": "ugdt_admin", "last_edited_date": 1740061366000, "last_edited_user": "ugdt_admin", "shape_Length": 939.4238593693269, "shape_Area": 48352.560172226506, "cultivo": "olivo", "id": "O097"}}, {"type": "Feature", "id": 56326, "geometry": {"type": "Polygon", "coordinates": [[[-68.29880110230802, -34.703711579008576], [-68.29873780431814, -34.70286984524834], [-68.29914539331874, -34.70286588014002], [-68.29917690891386, -34.703283411129696], [-68.29947064363873, -34.70326833433949], [-68.29950382381205, -34.70370868035118], [-68.29880110230802, -34.703711579008576]]]}, "properties": {"fid": 56326, "tipo_culti": "OLIVOS", "globalid": "{50454D27-0F9C-461B-BBF2-42884EC2E2C8}", "created_date": 1740061366000, "created_user": "ugdt_admin", "last_edited_date": 1740061366000, "last_edited_user": "ugdt_admin", "shape_Length": 386.94497048957146, "shape_Area": 7109.955240609816, "cultivo": "olivo", "id": "O098"}}, {"type": "Feature", "id": 39028, "geometry": {"type": "Polygon", "coordinates": [[[-68.17666130807153, -34.748362392086946], [-68.17771602004662, -34.748351220751424], [-68.17773273320248, -34.74941956855097], [-68.17667724148973, -34.74943082536195], [-68.17666130807153, -34.748362392086946]]]}, "properties": {"fid": 39028, "tipo_culti": "OLIVOS", "globalid": "{2F82E56D-7A34-4DCE-A241-6A590AD1A94A}", "created_date": 1740061366000, "created_user": "ugdt_admin", "last_edited_date": 1740061366000, "last_edited_user": "ugdt_admin", "shape_Length": 524.4436753970987, "shape_Area": 17003.811500414336, "cultivo": "olivo", "id": "O099"}}, {"type": "Feature", "id": 56935, "geometry": {"type": "Polygon", "coordinates": [[[-68.27682409646145, -34.693149663489116], [-68.27761970286755, -34.6929466988269], [-68.27800451867739, -34.69397603874373], [-68.27720890418645, -34.69417900531332], [-68.27682409646145, -34.693149663489116]]]}, "properties": {"fid": 56935, "tipo_culti": "OLIVOS", "globalid": "{8CF9FA2F-1542-4EAC-AA56-508051A26EF7}", "created_date": 1740061366000, "created_user": "ugdt_admin", "last_edited_date": 1740061366000, "last_edited_user": "ugdt_admin", "shape_Length": 477.06093590112704, "shape_Area": 13520.14056243244, "cultivo": "olivo", "id": "O100"}}, {"type": "Feature", "id": 28546, "geometry": {"type": "Polygon", "coordinates": [[[-68.39517230759787, -34.611984753121234], [-68.39437036627237, -34.61042816356663], [-68.39555615053224, -34.61002074088279], [-68.39634138858334, -34.611583099697306], [-68.39517230759787, -34.611984753121234]]]}, "properties": {"fid": 28546, "tipo_culti": "OLIVOS", "globalid": "{093E56AC-F766-4039-B1B7-5782AFE00D03}", "created_date": 1740061366000, "created_user": "ugdt_admin", "last_edited_date": 1740061366000, "last_edited_user": "ugdt_admin", "shape_Length": 741.4340563520326, "shape_Area": 32480.388013405616, "cultivo": "olivo", "id": "O101"}}, {"type": "Feature", "id": 71089, "geometry": {"type": "Polygon", "coordinates": [[[-68.24318225285155, -34.90528832294114], [-68.2414341160373, -34.90524398345013], [-68.24145617596574, -34.90465363369585], [-68.24320430020359, -34.90469806264788], [-68.24318225285155, -34.90528832294114]]]}, "properties": {"fid": 71089, "tipo_culti": "OLIVOS", "globalid": "{21E465DD-D7B9-47DC-AABE-2D8A2A342FFF}", "created_date": 1740061366000, "created_user": "ugdt_admin", "last_edited_date": 1740061366000, "last_edited_user": "ugdt_admin", "shape_Length": 549.7179732098127, "shape_Area": 15607.614033164073, "cultivo": "olivo", "id": "O102"}}, {"type": "Feature", "id": 42322, "geometry": {"type": "Polygon", "coordinates": [[[-68.53953099524082, -34.575789576623734], [-68.53791521350558, -34.5759485231325], [-68.53788984777691, -34.575805729870375], [-68.53913274602422, -34.57453075057568], [-68.53919006572589, -34.57490677572992], [-68.5393934263399, -34.57488681010364], [-68.53953099524082, -34.575789576623734]]]}, "properties": {"fid": 42322, "tipo_culti": "OLIVOS", "globalid": "{E9C02CC1-A6FE-4C29-AC64-4F89B8971F97}", "created_date": 1740061366000, "created_user": "ugdt_admin", "last_edited_date": 1740061366000, "last_edited_user": "ugdt_admin", "shape_Length": 618.7362312368108, "shape_Area": 18179.43336934025, "cultivo": "olivo", "id": "O103"}}, {"type": "Feature", "id": 67253, "geometry": {"type": "Polygon", "coordinates": [[[-67.85771795370482, -34.6099435892737], [-67.85773100442927, -34.6091659133754], [-67.85911626678451, -34.609177524195594], [-67.85912339042471, -34.60996377197773], [-67.85771795370482, -34.6099435892737]]]}, "properties": {"fid": 67253, "tipo_culti": "OLIVOS", "globalid": "{54789591-14C5-4F2A-8861-D3EBFA6F9D6F}", "created_date": 1740061366000, "created_user": "ugdt_admin", "last_edited_date": 1740061366000, "last_edited_user": "ugdt_admin", "shape_Length": 522.2305984180556, "shape_Area": 16428.880401713457, "cultivo": "olivo", "id": "O104"}}, {"type": "Feature", "id": 32996, "geometry": {"type": "Polygon", "coordinates": [[[-68.17787622918765, -34.75099571234863], [-68.17877891118238, -34.75098909316527], [-68.17878887888877, -34.75162599080071], [-68.17788616096145, -34.75163558440913], [-68.17787622918765, -34.75099571234863]]]}, "properties": {"fid": 32996, "tipo_culti": "OLIVOS", "globalid": "{26E52463-94F0-4947-AC28-9D75C481456D}", "created_date": 1740061366000, "created_user": "ugdt_admin", "last_edited_date": 1740061366000, "last_edited_user": "ugdt_admin", "shape_Length": 373.98659096622583, "shape_Area": 8692.62317378796, "cultivo": "olivo", "id": "O105"}}, {"type": "Feature", "id": 12338, "geometry": {"type": "Polygon", "coordinates": [[[-67.60212653213755, -35.17762532553099], [-67.60251495558155, -35.17691014758376], [-67.60320601335994, -35.17716317400248], [-67.60293569591792, -35.17766088994243], [-67.60261781807148, -35.177544563949105], [-67.60255287257138, -35.177664133883574], [-67.60268922964498, -35.17771410509879], [-67.60263618322914, -35.177811911491546], [-67.60212653213755, -35.17762532553099]]]}, "properties": {"fid": 12338, "tipo_culti": "OLIVOS", "globalid": "{0C05A35B-FC59-44E6-896B-591560814B3E}", "created_date": 1740061366000, "created_user": "ugdt_admin", "last_edited_date": 1740061366000, "last_edited_user": "ugdt_admin", "shape_Length": 414.98405365747544, "shape_Area": 7969.216311562044, "cultivo": "olivo", "id": "O106"}}, {"type": "Feature", "id": 26395, "geometry": {"type": "Polygon", "coordinates": [[[-67.71954057802347, -34.946087214356886], [-67.7197932570449, -34.94615504240817], [-67.71991820641271, -34.946193854180734], [-67.72002202201516, -34.9461838620416], [-67.71972821362843, -34.94698726074808], [-67.7195316406847, -34.9470069105341], [-67.7193424096718, -34.94700491507151], [-67.71954057802347, -34.946087214356886]]]}, "properties": {"fid": 26395, "tipo_culti": "OLIVOS", "globalid": "{6DCEE71E-A9BB-4F8D-8B01-60037069D49B}", "created_date": 1740061366000, "created_user": "ugdt_admin", "last_edited_date": 1740061366000, "last_edited_user": "ugdt_admin", "shape_Length": 339.6919666948079, "shape_Area": 5717.174326990323, "cultivo": "olivo", "id": "O107"}}, {"type": "Feature", "id": 69569, "geometry": {"type": "Polygon", "coordinates": [[[-68.23028067209722, -34.679854299745955], [-68.23191614310689, -34.68006328607047], [-68.23184659014767, -34.68043449548968], [-68.23021572210556, -34.680234371798804], [-68.23028067209722, -34.679854299745955]]]}, "properties": {"fid": 69569, "tipo_culti": "OLIVOS", "globalid": "{040F517B-C3C5-446B-84EA-AD0813BD9FEA}", "created_date": 1740061366000, "created_user": "ugdt_admin", "last_edited_date": 1740061366000, "last_edited_user": "ugdt_admin", "shape_Length": 470.60093600747365, "shape_Area": 9452.032650858202, "cultivo": "olivo", "id": "O108"}}, {"type": "Feature", "id": 32369, "geometry": {"type": "Polygon", "coordinates": [[[-67.91943927448196, -34.59812538993459], [-67.91942013497653, -34.59856789054375], [-67.91850983436989, -34.59808758984494], [-67.91851940861419, -34.59769376881077], [-67.91852647206726, -34.59764497649792], [-67.91943927448196, -34.59812538993459]]]}, "properties": {"fid": 32369, "tipo_culti": "OLIVOS", "globalid": "{FF39417D-AFE1-478E-8641-D550AF24F1CC}", "created_date": 1740061366000, "created_user": "ugdt_admin", "last_edited_date": 1740061366000, "last_edited_user": "ugdt_admin", "shape_Length": 360.76527175760333, "shape_Area": 6219.892476754933, "cultivo": "olivo", "id": "O109"}}, {"type": "Feature", "id": 35901, "geometry": {"type": "Polygon", "coordinates": [[[-68.37752060270776, -34.536388247156964], [-68.37743193359931, -34.53621264675074], [-68.37897258832902, -34.535676565827664], [-68.38035945507536, -34.53519395255122], [-68.38040204779625, -34.53517911455978], [-68.38048001527471, -34.535344201588345], [-68.37905945811195, -34.535845395563705], [-68.37752060270776, -34.536388247156964]]]}, "properties": {"fid": 35901, "tipo_culti": "OLIVOS", "globalid": "{A73527BE-B464-4349-AE80-058BEB5E1F46}", "created_date": 1740061366000, "created_user": "ugdt_admin", "last_edited_date": 1740061366000, "last_edited_user": "ugdt_admin", "shape_Length": 766.9382470805795, "shape_Area": 8899.110093465393, "cultivo": "olivo", "id": "O110"}}, {"type": "Feature", "id": 28537, "geometry": {"type": "Polygon", "coordinates": [[[-68.39437036627237, -34.61042816356663], [-68.39517230759787, -34.611984753121234], [-68.39509874815252, -34.612009988643194], [-68.39482374599626, -34.61210444600692], [-68.39403853219967, -34.6105421679805], [-68.39437036627237, -34.61042816356663]]]}, "properties": {"fid": 28537, "tipo_culti": "OLIVOS", "globalid": "{85A9ABB8-365D-4376-BE0F-FC312A5B7340}", "created_date": 1740061366000, "created_user": "ugdt_admin", "last_edited_date": 1740061366000, "last_edited_user": "ugdt_admin", "shape_Length": 539.4294725917401, "shape_Area": 9383.93660687253, "cultivo": "olivo", "id": "O111"}}, {"type": "Feature", "id": 14033, "geometry": {"type": "Polygon", "coordinates": [[[-67.63229163149319, -35.14971984061051], [-67.6326890353951, -35.14897500728025], [-67.6330599363012, -35.14910582202275], [-67.63266454193055, -35.14986185464756], [-67.63229163149319, -35.14971984061051]]]}, "properties": {"fid": 14033, "tipo_culti": "OLIVOS", "globalid": "{A1118F5C-78A2-4160-97FF-A05A9C905A39}", "created_date": 1740061366000, "created_user": "ugdt_admin", "last_edited_date": 1740061366000, "last_edited_user": "ugdt_admin", "shape_Length": 313.34104646064895, "shape_Area": 5049.312942995433, "cultivo": "olivo", "id": "O112"}}, {"type": "Feature", "id": 26386, "geometry": {"type": "Polygon", "coordinates": [[[-67.76225418070092, -34.93255423283809], [-67.76225198432005, -34.93356008391024], [-67.76128220536013, -34.93355867139187], [-67.76128430382465, -34.93255281956593], [-67.76225418070092, -34.93255423283809]]]}, "properties": {"fid": 26386, "tipo_culti": "OLIVOS", "globalid": "{BE87FBB1-2C8C-46F9-BCF7-E2C16BC6111C}", "created_date": 1740061366000, "created_user": "ugdt_admin", "last_edited_date": 1740061366000, "last_edited_user": "ugdt_admin", "shape_Length": 489.08135954392935, "shape_Area": 14745.276514544008, "cultivo": "olivo", "id": "O113"}}, {"type": "Feature", "id": 42327, "geometry": {"type": "Polygon", "coordinates": [[[-68.53928252033492, -34.57845544631806], [-68.53932440069178, -34.57845001523138], [-68.53934076080975, -34.57844782371424], [-68.5392780745726, -34.57809566693907], [-68.53982594448794, -34.578036526028036], [-68.53989452097842, -34.57848687161549], [-68.53826956654582, -34.57869879236354], [-68.53825011442666, -34.57859009543889], [-68.53928252033492, -34.57845544631806]]]}, "properties": {"fid": 42327, "tipo_culti": "OLIVOS", "globalid": "{24505687-C5EB-4CC9-BC87-49E7230584F0}", "created_date": 1740061366000, "created_user": "ugdt_admin", "last_edited_date": 1740061366000, "last_edited_user": "ugdt_admin", "shape_Length": 491.9201900215466, "shape_Area": 5609.7121879939505, "cultivo": "olivo", "id": "O114"}}, {"type": "Feature", "id": 49847, "geometry": {"type": "Polygon", "coordinates": [[[-68.19873498791402, -34.59639104474695], [-68.19738540933683, -34.59689733187683], [-68.1970628773189, -34.59701978474079], [-68.19614422417675, -34.5973865602951], [-68.19606022001958, -34.59741629468557], [-68.19588848010356, -34.59738775969799], [-68.19582048751802, -34.59631030514268], [-68.1954929482907, -34.596036280466386], [-68.19596724977757, -34.596023451378386], [-68.19660680624241, -34.59610094868253], [-68.19734435183676, -34.59614546480628], [-68.19865325829116, -34.59609331290782], [-68.1990072295474, -34.596044977387514], [-68.19910906616128, -34.596246840945696], [-68.19873498791402, -34.59639104474695]]]}, "properties": {"fid": 49847, "tipo_culti": "OLIVOS", "globalid": "{2D7B85D9-E309-4A92-BDDA-99DDCBCE71D1}", "created_date": 1740061366000, "created_user": "ugdt_admin", "last_edited_date": 1740061366000, "last_edited_user": "ugdt_admin", "shape_Length": 1014.3448351802384, "shape_Area": 38173.0170054922, "cultivo": "olivo", "id": "O115"}}, {"type": "Feature", "id": 47635, "geometry": {"type": "Polygon", "coordinates": [[[-68.28748008124494, -34.532933012061704], [-68.2893497574222, -34.53216606467556], [-68.28950903231534, -34.53243201072492], [-68.28757507898456, -34.53322535845494], [-68.28741580948132, -34.532959319475346], [-68.28748008124494, -34.532933012061704]]]}, "properties": {"fid": 47635, "tipo_culti": "OLIVOS", "globalid": "{8E0D633A-0326-4D67-A77A-67B4AAD93811}", "created_date": 1740061366000, "created_user": "ugdt_admin", "last_edited_date": 1740061366000, "last_edited_user": "ugdt_admin", "shape_Length": 561.1540431003427, "shape_Area": 9637.920620659494, "cultivo": "olivo", "id": "O116"}}, {"type": "Feature", "id": 39900, "geometry": {"type": "Polygon", "coordinates": [[[-68.33524764793168, -34.661699812585105], [-68.33578780581034, -34.66269331824023], [-68.33444647017419, -34.66319998781675], [-68.33403281934203, -34.66233606951733], [-68.33416451415933, -34.662115582090635], [-68.33524764793168, -34.661699812585105]]]}, "properties": {"fid": 39900, "tipo_culti": "OLIVOS", "globalid": "{C618430E-0522-4F5F-96D2-C031C676906A}", "created_date": 1740061366000, "created_user": "ugdt_admin", "last_edited_date": 1740061366000, "last_edited_user": "ugdt_admin", "shape_Length": 603.5722517894717, "shape_Area": 23375.40168165331, "cultivo": "olivo", "id": "O117"}}, {"type": "Feature", "id": 34547, "geometry": {"type": "Polygon", "coordinates": [[[-67.76574346004662, -34.87912982410419], [-67.7659426623592, -34.878966633265925], [-67.76589285886153, -34.87892529735242], [-67.76613380588537, -34.87872791846561], [-67.76678648583818, -34.879090656357555], [-67.76653671196839, -34.87943964062457], [-67.76574346004662, -34.87912982410419]]]}, "properties": {"fid": 34547, "tipo_culti": "OLIVOS", "globalid": "{5DAE02DF-73A7-4E85-BA50-8B7EC121A2BD}", "created_date": 1740061366000, "created_user": "ugdt_admin", "last_edited_date": 1740061366000, "last_edited_user": "ugdt_admin", "shape_Length": 317.6057835504641, "shape_Area": 5751.87358957827, "cultivo": "olivo", "id": "O118"}}, {"type": "Feature", "id": 46435, "geometry": {"type": "Polygon", "coordinates": [[[-68.20171697244912, -34.53691630118853], [-68.20008021595032, -34.53735891451615], [-68.19978802812437, -34.538034507834446], [-68.19940457056724, -34.53726299283836], [-68.20158027760895, -34.536641285227944], [-68.20171697244912, -34.53691630118853]]]}, "properties": {"fid": 46435, "tipo_culti": "OLIVOS", "globalid": "{DF78DC01-78D3-494A-B510-C17FA6081BF4}", "created_date": 1740061366000, "created_user": "ugdt_admin", "last_edited_date": 1740061366000, "last_edited_user": "ugdt_admin", "shape_Length": 697.8634790635905, "shape_Area": 12214.217770937446, "cultivo": "olivo", "id": "O119"}}, {"type": "Feature", "id": 38976, "geometry": {"type": "Polygon", "coordinates": [[[-68.19284270440352, -34.717581024137104], [-68.19287316178321, -34.716682265675665], [-68.19361612152379, -34.716582444125486], [-68.19349752504166, -34.71753145763917], [-68.19284270440352, -34.717581024137104]]]}, "properties": {"fid": 38976, "tipo_culti": "OLIVOS", "globalid": "{971D3812-0825-4BDD-9258-FE878A8E579F}", "created_date": 1740061366000, "created_user": "ugdt_admin", "last_edited_date": 1740061366000, "last_edited_user": "ugdt_admin", "shape_Length": 407.9724014455214, "shape_Area": 9650.530245607313, "cultivo": "olivo", "id": "O120"}}, {"type": "Feature", "id": 21672, "geometry": {"type": "Polygon", "coordinates": [[[-68.37318157459543, -34.654978235454834], [-68.37317118108761, -34.65495330266835], [-68.37342541419449, -34.65449533863714], [-68.37386037665841, -34.65438805034809], [-68.37410016844879, -34.65505218250411], [-68.3738759040381, -34.65510827140523], [-68.37329611698068, -34.65525321460355], [-68.37318157459543, -34.654978235454834]]]}, "properties": {"fid": 21672, "tipo_culti": "OLIVOS", "globalid": "{2CAA0831-74A9-4D92-8538-9644653486B6}", "created_date": 1740061366000, "created_user": "ugdt_admin", "last_edited_date": 1740061366000, "last_edited_user": "ugdt_admin", "shape_Length": 348.88964259537073, "shape_Area": 7769.215619987508, "cultivo": "olivo", "id": "O121"}}, {"type": "Feature", "id": 64083, "geometry": {"type": "Polygon", "coordinates": [[[-68.13095681496127, -34.76420976398407], [-68.1309716820792, -34.76573014069525], [-68.12984546600414, -34.76573696975274], [-68.12950031261073, -34.765559273862316], [-68.12914587153561, -34.765371685966024], [-68.12890904508397, -34.76517610403559], [-68.12885227515129, -34.76501750544233], [-68.12884522517294, -34.764222616485846], [-68.12990216676657, -34.76421620351869], [-68.13095681496127, -34.76420976398407]]]}, "properties": {"fid": 64083, "tipo_culti": "OLIVOS", "globalid": "{9975E21E-A7FE-4015-8993-A746B0E9F026}", "created_date": 1740061366000, "created_user": "ugdt_admin", "last_edited_date": 1740061366000, "last_edited_user": "ugdt_admin", "shape_Length": 826.2500943273164, "shape_Area": 44319.062727324344, "cultivo": "olivo", "id": "O122"}}, {"type": "Feature", "id": 70636, "geometry": {"type": "Polygon", "coordinates": [[[-68.25819784615052, -34.74822482401531], [-68.25807006529294, -34.74958145435059], [-68.25681382796196, -34.74961958541593], [-68.25680792423391, -34.748267097999964], [-68.25819784615052, -34.74822482401531]]]}, "properties": {"fid": 70636, "tipo_culti": "OLIVOS", "globalid": "{04F3240F-C00D-4B7B-B027-99288A5DE566}", "created_date": 1740061366000, "created_user": "ugdt_admin", "last_edited_date": 1740061366000, "last_edited_user": "ugdt_admin", "shape_Length": 662.3568417551646, "shape_Area": 26992.38808347448, "cultivo": "olivo", "id": "O123"}}, {"type": "Feature", "id": 26923, "geometry": {"type": "Polygon", "coordinates": [[[-67.76078907338828, -34.977590821054264], [-67.76084756269643, -34.97860025839015], [-67.75946452277321, -34.97859172316326], [-67.75974167369961, -34.977590130631604], [-67.76078907338828, -34.977590821054264]]]}, "properties": {"fid": 26923, "tipo_culti": "OLIVOS", "globalid": "{99AC4054-BB1A-4156-AB20-5AEC966374C4}", "created_date": 1740061366000, "created_user": "ugdt_admin", "last_edited_date": 1740061366000, "last_edited_user": "ugdt_admin", "shape_Length": 547.3856950383472, "shape_Area": 18487.75830729296, "cultivo": "olivo", "id": "O124"}}, {"type": "Feature", "id": 67504, "geometry": {"type": "Polygon", "coordinates": [[[-68.29050391828912, -34.65324895923337], [-68.2897863745829, -34.65326199894851], [-68.28978316490237, -34.653139478307054], [-68.29246415722345, -34.6530908848536], [-68.2925230112476, -34.65321237545399], [-68.2905508301099, -34.65324815080939], [-68.29050391828912, -34.65324895923337]]]}, "properties": {"fid": 67504, "tipo_culti": "OLIVOS", "globalid": "{79DC3527-F17E-4527-9BE0-CC490E8B8F35}", "created_date": 1740061366000, "created_user": "ugdt_admin", "last_edited_date": 1740061366000, "last_edited_user": "ugdt_admin", "shape_Length": 637.5161192517605, "shape_Area": 5001.611546263174, "cultivo": "olivo", "id": "O125"}}, {"type": "Feature", "id": 41966, "geometry": {"type": "Polygon", "coordinates": [[[-68.51566448111049, -34.58501731546876], [-68.51540869301985, -34.586402975094344], [-68.51527993210028, -34.58639047436122], [-68.51505824495617, -34.58642601155258], [-68.51480131420848, -34.586468169238216], [-68.51510908600797, -34.58480399381282], [-68.51566448111049, -34.58501731546876]]]}, "properties": {"fid": 41966, "tipo_culti": "OLIVOS", "globalid": "{46449D48-CD0D-49A1-B376-9210D73E060F}", "created_date": 1740061366000, "created_user": "ugdt_admin", "last_edited_date": 1740061366000, "last_edited_user": "ugdt_admin", "shape_Length": 554.0897917936937, "shape_Area": 13536.840883344827, "cultivo": "olivo", "id": "O126"}}, {"type": "Feature", "id": 28005, "geometry": {"type": "Polygon", "coordinates": [[[-68.37799303749546, -34.59402062593514], [-68.37827271358613, -34.593922443155094], [-68.37994977659342, -34.59333306155079], [-68.38026847819498, -34.593953237735], [-68.37830517241228, -34.594628063815826], [-68.37799303749546, -34.59402062593514]], [[-68.378733709227, -34.5943453061731], [-68.37863229212635, -34.59438021583598], [-68.37862906897112, -34.594373799315626], [-68.37858404361245, -34.594389254572995], [-68.37862614944645, -34.59447312110891], [-68.37877259280405, -34.594422756236796], [-68.378733709227, -34.5943453061731]], [[-68.37899194522679, -34.59425719928921], [-68.37887479054069, -34.59429752720869], [-68.37890916367671, -34.59436594005735], [-68.37902631746448, -34.594325701648934], [-68.37899194522679, -34.59425719928921]]]}, "properties": {"fid": 28005, "tipo_culti": "OLIVOS", "globalid": "{66471596-F61E-451A-B0E8-889485E8C235}", "created_date": 1740061366000, "created_user": "ugdt_admin", "last_edited_date": 1740061366000, "last_edited_user": "ugdt_admin", "shape_Length": 762.1079154909752, "shape_Area": 20996.806468224815, "cultivo": "olivo", "id": "O127"}}, {"type": "Feature", "id": 42474, "geometry": {"type": "Polygon", "coordinates": [[[-68.22884460641941, -34.655905652786224], [-68.23072738722003, -34.65681750970356], [-68.23055730559403, -34.65727957819769], [-68.22866036914118, -34.65637583246729], [-68.22884460641941, -34.655905652786224]], [[-68.22880457210047, -34.656188260583036], [-68.22875410295117, -34.656290250598644], [-68.22889025161564, -34.6563362721638], [-68.22894061206878, -34.656234281465906], [-68.22880457210047, -34.656188260583036]]]}, "properties": {"fid": 42474, "tipo_culti": "OLIVOS", "globalid": "{0E948D6B-8415-4D7C-AE80-1481C7E48515}", "created_date": 1740061366000, "created_user": "ugdt_admin", "last_edited_date": 1740061366000, "last_edited_user": "ugdt_admin", "shape_Length": 681.996254340922, "shape_Area": 15449.586000442008, "cultivo": "olivo", "id": "O128"}}, {"type": "Feature", "id": 37594, "geometry": {"type": "Polygon", "coordinates": [[[-68.07319619950945, -34.57625201356612], [-68.07355608976512, -34.5769849734866], [-68.07189420379454, -34.57754807419127], [-68.07151917423141, -34.57681535518175], [-68.0719940290805, -34.576655811958624], [-68.07319619950945, -34.57625201356612]]]}, "properties": {"fid": 37594, "tipo_culti": "OLIVOS", "globalid": "{DF53A0B0-F4B6-42BD-B218-F184DBBB073B}", "created_date": 1740061366000, "created_user": "ugdt_admin", "last_edited_date": 1740061366000, "last_edited_user": "ugdt_admin", "shape_Length": 616.0676171577254, "shape_Area": 21528.646717500334, "cultivo": "olivo", "id": "O129"}}, {"type": "Feature", "id": 42469, "geometry": {"type": "Polygon", "coordinates": [[[-68.23373407632374, -34.65747526912515], [-68.23509414093527, -34.657763876044804], [-68.23487483073339, -34.65836220509099], [-68.23345991229567, -34.65804701987176], [-68.23373407632374, -34.65747526912515]]]}, "properties": {"fid": 42469, "tipo_culti": "OLIVOS", "globalid": "{FE165642-C83F-4638-93AD-1950CD154DB7}", "created_date": 1740061366000, "created_user": "ugdt_admin", "last_edited_date": 1740061366000, "last_edited_user": "ugdt_admin", "shape_Length": 487.29187627328884, "shape_Area": 13351.151187728858, "cultivo": "olivo", "id": "O130"}}, {"type": "Feature", "id": 34952, "geometry": {"type": "Polygon", "coordinates": [[[-68.39582564781243, -34.552670998418265], [-68.39583595687863, -34.55269178248124], [-68.39591710798645, -34.55266405929823], [-68.3963243646104, -34.55347916481577], [-68.39576645961498, -34.553669401465974], [-68.39527159299631, -34.552676097513206], [-68.3957473587371, -34.552513851882544], [-68.39581007641529, -34.55263973131159], [-68.39582564781243, -34.552670998418265]]]}, "properties": {"fid": 34952, "tipo_culti": "OLIVOS", "globalid": "{A0BF0B1F-23F8-4791-B205-E9FCD0DAD239}", "created_date": 1740061366000, "created_user": "ugdt_admin", "last_edited_date": 1740061366000, "last_edited_user": "ugdt_admin", "shape_Length": 424.5675887814961, "shape_Area": 9490.318248981672, "cultivo": "olivo", "id": "O131"}}, {"type": "Feature", "id": 62416, "geometry": {"type": "Polygon", "coordinates": [[[-68.34853785155602, -34.72558747020516], [-68.3489272128412, -34.726780666800245], [-68.34823479052187, -34.726934709658345], [-68.34830445936372, -34.725639404820186], [-68.34853785155602, -34.72558747020516]]]}, "properties": {"fid": 62416, "tipo_culti": "OLIVOS", "globalid": "{6DFB25C9-8AB7-4479-B7E0-3D9727EB615E}", "created_date": 1740061366000, "created_user": "ugdt_admin", "last_edited_date": 1740061366000, "last_edited_user": "ugdt_admin", "shape_Length": 449.70679165194264, "shape_Area": 8932.50096440812, "cultivo": "olivo", "id": "O132"}}, {"type": "Feature", "id": 51537, "geometry": {"type": "Polygon", "coordinates": [[[-68.33158667089076, -34.57152695583725], [-68.33174917702397, -34.571850916226005], [-68.33090844285125, -34.572134676496745], [-68.3305003454042, -34.57131664930464], [-68.33134282051195, -34.57103236031974], [-68.33138984102885, -34.57113474941004], [-68.33158667089076, -34.57152695583725]]]}, "properties": {"fid": 51537, "tipo_culti": "OLIVOS", "globalid": "{4CF7D7BF-3D5E-47E2-B22D-F386DD1E4817}", "created_date": 1740061366000, "created_user": "ugdt_admin", "last_edited_date": 1740061366000, "last_edited_user": "ugdt_admin", "shape_Length": 441.6154664754887, "shape_Area": 12081.686916606726, "cultivo": "olivo", "id": "O133"}}, {"type": "Feature", "id": 21655, "geometry": {"type": "Polygon", "coordinates": [[[-68.36655779654234, -34.68018050942201], [-68.36637864911847, -34.679647204771776], [-68.36713803275738, -34.6793555765895], [-68.3672995219977, -34.679843808382486], [-68.36731424179195, -34.67988841402813], [-68.36655779654234, -34.68018050942201]]]}, "properties": {"fid": 21655, "tipo_culti": "OLIVOS", "globalid": "{70A27B2E-30F2-4C58-8AB0-A5E46E92E9C1}", "created_date": 1740061366000, "created_user": "ugdt_admin", "last_edited_date": 1740061366000, "last_edited_user": "ugdt_admin", "shape_Length": 335.9716168286978, "shape_Area": 6869.839478308868, "cultivo": "olivo", "id": "O134"}}, {"type": "Feature", "id": 40625, "geometry": {"type": "Polygon", "coordinates": [[[-68.08922914205422, -34.66843383014322], [-68.08918078753912, -34.66847583387906], [-68.08860033483008, -34.66836990909315], [-68.08853456737148, -34.667312264447986], [-68.08915699745543, -34.667429771089054], [-68.08916036793438, -34.667480724839045], [-68.08922914205422, -34.66843383014322]]]}, "properties": {"fid": 40625, "tipo_culti": "OLIVOS", "globalid": "{693555BF-D7BA-4986-877B-7E2E555747D3}", "created_date": 1740061366000, "created_user": "ugdt_admin", "last_edited_date": 1740061366000, "last_edited_user": "ugdt_admin", "shape_Length": 424.5804556364922, "shape_Area": 9842.811871847813, "cultivo": "olivo", "id": "O135"}}, {"type": "Feature", "id": 39896, "geometry": {"type": "Polygon", "coordinates": [[[-68.33167754626155, -34.66159330797619], [-68.33180541515402, -34.66182287769149], [-68.33042869487883, -34.66236022795284], [-68.32997546158033, -34.66156747056489], [-68.32998615063389, -34.6615135347212], [-68.3310886125579, -34.6610833050404], [-68.33111795602666, -34.66113800148322], [-68.33136567185615, -34.661033534016894], [-68.33167754626155, -34.66159330797619]]]}, "properties": {"fid": 39896, "tipo_culti": "OLIVOS", "globalid": "{D09C7108-BE77-418B-A8AA-427EDDAE4528}", "created_date": 1740061366000, "created_user": "ugdt_admin", "last_edited_date": 1740061366000, "last_edited_user": "ugdt_admin", "shape_Length": 588.0214231236587, "shape_Area": 20972.468802608306, "cultivo": "olivo", "id": "O136"}}, {"type": "Feature", "id": 15402, "geometry": {"type": "Polygon", "coordinates": [[[-67.47141457418381, -34.956152703841944], [-67.47214854358502, -34.9561487818333], [-67.47215409786843, -34.957135211523926], [-67.4714215433138, -34.957139151155154], [-67.47141457418381, -34.956152703841944]]]}, "properties": {"fid": 15402, "tipo_culti": "OLIVOS", "globalid": "{B73ACBB7-5183-435F-84BF-7DEAB28ACBFE}", "created_date": 1740061366000, "created_user": "ugdt_admin", "last_edited_date": 1740061366000, "last_edited_user": "ugdt_admin", "shape_Length": 431.2240648154092, "shape_Area": 10936.84194317004, "cultivo": "olivo", "id": "O137"}}, {"type": "Feature", "id": 9748, "geometry": {"type": "Polygon", "coordinates": [[[-67.52469662621021, -34.923893943642135], [-67.52470129116149, -34.92376781907582], [-67.52446198176644, -34.92376716649986], [-67.52446297350652, -34.923528426471954], [-67.52525751181575, -34.923529781712595], [-67.52525524356965, -34.92360762625665], [-67.5252489868037, -34.924201861211984], [-67.52498737493508, -34.92419994695022], [-67.52499051544532, -34.92389607003471], [-67.52469662621021, -34.923893943642135]]]}, "properties": {"fid": 9748, "tipo_culti": "OLIVOS", "globalid": "{D108449A-C662-439D-94D5-3255181ACD28}", "created_date": 1740061366000, "created_user": "ugdt_admin", "last_edited_date": 1740061366000, "last_edited_user": "ugdt_admin", "shape_Length": 358.98683589982994, "shape_Area": 5132.942641153501, "cultivo": "olivo", "id": "O138"}}, {"type": "Feature", "id": 18160, "geometry": {"type": "Polygon", "coordinates": [[[-67.48927342788349, -35.01569430050495], [-67.48927381865064, -35.01492858321354], [-67.49010803464768, -35.01492896211064], [-67.4901075423709, -35.01569467792707], [-67.48927342788349, -35.01569430050495]]]}, "properties": {"fid": 18160, "tipo_culti": "OLIVOS", "globalid": "{9E88FADA-C941-46F0-B554-80F096283BAD}", "created_date": 1740061366000, "created_user": "ugdt_admin", "last_edited_date": 1740061366000, "last_edited_user": "ugdt_admin", "shape_Length": 393.8723519698865, "shape_Area": 9664.500915470247, "cultivo": "olivo", "id": "O139"}}, {"type": "Feature", "id": 22597, "geometry": {"type": "Polygon", "coordinates": [[[-67.91769399071705, -34.62202318249393], [-67.91774440776408, -34.620676243282766], [-67.9187402010363, -34.62068678723127], [-67.91871680082146, -34.62204523327663], [-67.91769399071705, -34.62202318249393]]]}, "properties": {"fid": 22597, "tipo_culti": "OLIVOS", "globalid": "{25094867-01E5-4AEB-A562-7D652825943A}", "created_date": 1740061366000, "created_user": "ugdt_admin", "last_edited_date": 1740061366000, "last_edited_user": "ugdt_admin", "shape_Length": 590.8286223763332, "shape_Area": 20568.081274725362, "cultivo": "olivo", "id": "O140"}}, {"type": "Feature", "id": 66575, "geometry": {"type": "Polygon", "coordinates": [[[-68.38550113957213, -34.745941877874884], [-68.38556634558365, -34.746530282462665], [-68.38452863063208, -34.7466542134922], [-68.38436736147901, -34.74598816257113], [-68.38550113957213, -34.745941877874884]]]}, "properties": {"fid": 66575, "tipo_culti": "OLIVOS", "globalid": "{6FAD68C3-FC60-4CF9-897F-2EB032D15509}", "created_date": 1740061366000, "created_user": "ugdt_admin", "last_edited_date": 1740061366000, "last_edited_user": "ugdt_admin", "shape_Length": 415.1474556707616, "shape_Area": 10415.838730261248, "cultivo": "olivo", "id": "O141"}}, {"type": "Feature", "id": 66468, "geometry": {"type": "Polygon", "coordinates": [[[-68.30480487393181, -34.65326652287051], [-68.30554197216514, -34.65428309848762], [-68.30319699108287, -34.65507972817136], [-68.30272819447205, -34.65414904576906], [-68.30339355145018, -34.65394660549844], [-68.30331040698073, -34.65375376969818], [-68.30480487393181, -34.65326652287051]], [[-68.30343923707059, -34.653727283255066], [-68.30342183670352, -34.65373403436891], [-68.30342957658803, -34.65374768955905], [-68.30338372298267, -34.653765366150935], [-68.30339490341468, -34.65378499062924], [-68.30345804958927, -34.6537604720387], [-68.30343923707059, -34.653727283255066]]]}, "properties": {"fid": 66468, "tipo_culti": "OLIVOS", "globalid": "{792E4010-36F6-4CF1-BE65-E40A2A903FB5}", "created_date": 1740061366000, "created_user": "ugdt_admin", "last_edited_date": 1740061366000, "last_edited_user": "ugdt_admin", "shape_Length": 890.031247058786, "shape_Area": 41245.12907492884, "cultivo": "olivo", "id": "O142"}}, {"type": "Feature", "id": 42557, "geometry": {"type": "Polygon", "coordinates": [[[-68.22930111048387, -34.65474076811219], [-68.22936959893946, -34.65456578718975], [-68.23166700614262, -34.65565277898301], [-68.2316011317845, -34.65582867906707], [-68.22930111048387, -34.65474076811219]]]}, "properties": {"fid": 42557, "tipo_culti": "OLIVOS", "globalid": "{9E34E848-0FB9-443C-BC5E-210A9171BCA6}", "created_date": 1740061366000, "created_user": "ugdt_admin", "last_edited_date": 1740061366000, "last_edited_user": "ugdt_admin", "shape_Length": 640.1662270435595, "shape_Area": 7175.965626382858, "cultivo": "olivo", "id": "O143"}}, {"type": "Feature", "id": 13882, "geometry": {"type": "Polygon", "coordinates": [[[-67.44402481450855, -34.9679866415199], [-67.44364020441293, -34.96798576771627], [-67.44363116466621, -34.9670571602272], [-67.44401459347725, -34.96705657645794], [-67.44402481450855, -34.9679866415199]]]}, "properties": {"fid": 13882, "tipo_culti": "OLIVOS", "globalid": "{79F46467-B80C-451C-8929-7EE788CE3AF3}", "created_date": 1740061366000, "created_user": "ugdt_admin", "last_edited_date": 1740061366000, "last_edited_user": "ugdt_admin", "shape_Length": 337.9930752148558, "shape_Area": 5396.721951087422, "cultivo": "olivo", "id": "O144"}}, {"type": "Feature", "id": 34456, "geometry": {"type": "Polygon", "coordinates": [[[-67.77405735183149, -34.87203972678274], [-67.77430449633246, -34.871517914041], [-67.77520279095533, -34.87180683044283], [-67.77491861789834, -34.872406957474354], [-67.7740204310733, -34.87211776975256], [-67.77405735183149, -34.87203972678274]]]}, "properties": {"fid": 34456, "tipo_culti": "OLIVOS", "globalid": "{DA4CE70E-1B5D-47AB-80EB-BC9A4448C7AF}", "created_date": 1740061366000, "created_user": "ugdt_admin", "last_edited_date": 1740061366000, "last_edited_user": "ugdt_admin", "shape_Length": 389.4909864438926, "shape_Area": 9380.859509017955, "cultivo": "olivo", "id": "O145"}}, {"type": "Feature", "id": 34454, "geometry": {"type": "Polygon", "coordinates": [[[-67.76193470115832, -34.86738130021949], [-67.76220867115032, -34.866803001912594], [-67.76250852250395, -34.86689835067114], [-67.76257506520861, -34.86676337795349], [-67.76717599265044, -34.868269641022856], [-67.76684795665477, -34.868962592310275], [-67.76193470115832, -34.86738130021949]]]}, "properties": {"fid": 34454, "tipo_culti": "OLIVOS", "globalid": "{687EA937-FCA3-4D89-9033-5B0BEBCF4D69}", "created_date": 1740061366000, "created_user": "ugdt_admin", "last_edited_date": 1740061366000, "last_edited_user": "ugdt_admin", "shape_Length": 1379.5493828409813, "shape_Area": 59546.800597000896, "cultivo": "olivo", "id": "O146"}}, {"type": "Feature", "id": 39180, "geometry": {"type": "Polygon", "coordinates": [[[-68.00606484679894, -34.76899454286444], [-68.00606858468883, -34.769766956751624], [-68.0053219948562, -34.76977492039798], [-68.00532787702468, -34.76900249477846], [-68.00606484679894, -34.76899454286444]]]}, "properties": {"fid": 39180, "tipo_culti": "OLIVOS", "globalid": "{2167D558-4048-4195-9BB6-140CD01766C8}", "created_date": 1740061366000, "created_user": "ugdt_admin", "last_edited_date": 1740061366000, "last_edited_user": "ugdt_admin", "shape_Length": 374.51525853716817, "shape_Area": 8643.329284355657, "cultivo": "olivo", "id": "O147"}}, {"type": "Feature", "id": 41777, "geometry": {"type": "Polygon", "coordinates": [[[-68.54915003942051, -34.57360425506044], [-68.54938279021566, -34.57518506246548], [-68.54610293511215, -34.57551491547631], [-68.54595602732553, -34.57441245328369], [-68.5464794406073, -34.57435616633547], [-68.54647262149597, -34.5743074631311], [-68.54887236297967, -34.57406746897454], [-68.54880918446572, -34.5736383324316], [-68.54915003942051, -34.57360425506044]]]}, "properties": {"fid": 41777, "tipo_culti": "OLIVOS", "globalid": "{81399FC4-140B-4908-80DF-0A766F577A61}", "created_date": 1740061366000, "created_user": "ugdt_admin", "last_edited_date": 1740061366000, "last_edited_user": "ugdt_admin", "shape_Length": 1164.209176381466, "shape_Area": 59425.42210805719, "cultivo": "olivo", "id": "O148"}}, {"type": "Feature", "id": 27400, "geometry": {"type": "Polygon", "coordinates": [[[-68.39369721101926, -34.61749431738017], [-68.39316581979946, -34.61642367011119], [-68.39315550534337, -34.616402706069614], [-68.39367043763055, -34.616228046424965], [-68.39423697363918, -34.617369537878695], [-68.39372203506383, -34.61754419955704], [-68.39369721101926, -34.61749431738017]]]}, "properties": {"fid": 27400, "tipo_culti": "OLIVOS", "globalid": "{3FF6F01B-6763-4AFC-8F4A-747A59B2B0B5}", "created_date": 1740061366000, "created_user": "ugdt_admin", "last_edited_date": 1740061366000, "last_edited_user": "ugdt_admin", "shape_Length": 457.57602041700653, "shape_Area": 10342.127530120813, "cultivo": "olivo", "id": "O149"}}, {"type": "Feature", "id": 42320, "geometry": {"type": "Polygon", "coordinates": [[[-68.54376095080966, -34.575866217053665], [-68.54308094769914, -34.57593714065716], [-68.54302497636873, -34.5755702267768], [-68.5435574410753, -34.57551452715802], [-68.54338099668213, -34.574159639540774], [-68.54562508797487, -34.573965371226656], [-68.54584424636145, -34.57564889775571], [-68.54420923349262, -34.57581948516474], [-68.54376095080966, -34.575866217053665]]]}, "properties": {"fid": 42320, "tipo_culti": "OLIVOS", "globalid": "{15CE5BCC-73C8-4B1D-9185-0959648F3FF3}", "created_date": 1740061366000, "created_user": "ugdt_admin", "last_edited_date": 1740061366000, "last_edited_user": "ugdt_admin", "shape_Length": 1084.1408901559357, "shape_Area": 61135.45202654376, "cultivo": "olivo", "id": "O150"}}, {"type": "Feature", "id": 3509, "geometry": {"type": "Polygon", "coordinates": [[[-67.46820926128257, -34.978387823276265], [-67.4682119732964, -34.97880658964867], [-67.46798262891281, -34.97880919378411], [-67.46798838801209, -34.97915842025756], [-67.46759863595975, -34.97916026036798], [-67.46759010555783, -34.97888346166076], [-67.46737324685836, -34.978885951706516], [-67.46736092017603, -34.978483827101556], [-67.46735854862368, -34.978387811499445], [-67.46820926128257, -34.978387823276265]]]}, "properties": {"fid": 3509, "tipo_culti": "OLIVOS", "globalid": "{3E8D32A1-20A3-42B0-B5E9-865206670D4C}", "created_date": 1740061366000, "created_user": "ugdt_admin", "last_edited_date": 1740061366000, "last_edited_user": "ugdt_admin", "shape_Length": 397.4254623972825, "shape_Area": 7712.956433811303, "cultivo": "olivo", "id": "O151"}}, {"type": "Feature", "id": 18654, "geometry": {"type": "Polygon", "coordinates": [[[-67.47703821830525, -34.99453367542793], [-67.47703268198815, -34.99355572342451], [-67.47798260997692, -34.99354708967221], [-67.47798826756657, -34.99452504325061], [-67.47703821830525, -34.99453367542793]]]}, "properties": {"fid": 18654, "tipo_culti": "OLIVOS", "globalid": "{42E55980-DE07-4191-8657-ACABF509DDAF}", "created_date": 1740061366000, "created_user": "ugdt_admin", "last_edited_date": 1740061366000, "last_edited_user": "ugdt_admin", "shape_Length": 477.300834162713, "shape_Area": 14054.168552993211, "cultivo": "olivo", "id": "O152"}}, {"type": "Feature", "id": 65727, "geometry": {"type": "Polygon", "coordinates": [[[-67.86284562807643, -34.59007146520127], [-67.86064928224106, -34.590047010606014], [-67.86065499103468, -34.589549051716396], [-67.8608154696703, -34.58947429343437], [-67.86098628701653, -34.589464530162985], [-67.86150016557984, -34.589466531330494], [-67.86284730702769, -34.589476299038814], [-67.86284562807643, -34.59007146520127]]]}, "properties": {"fid": 65727, "tipo_culti": "OLIVOS", "globalid": "{4B57C2F3-949D-4974-A07A-BA10DE5A1A21}", "created_date": 1740061366000, "created_user": "ugdt_admin", "last_edited_date": 1740061366000, "last_edited_user": "ugdt_admin", "shape_Length": 639.0973507828, "shape_Area": 19367.088881580716, "cultivo": "olivo", "id": "O153"}}, {"type": "Feature", "id": 70287, "geometry": {"type": "Polygon", "coordinates": [[[-68.24607124109349, -34.92125122964145], [-68.24608772068738, -34.92090917215879], [-68.24747482997884, -34.92095445630709], [-68.24751044997649, -34.92129629557812], [-68.24607124109349, -34.92125122964145]]]}, "properties": {"fid": 70287, "tipo_culti": "OLIVOS", "globalid": "{8C4CDF77-A15B-4361-9C62-DC09E9C7B715}", "created_date": 1740061366000, "created_user": "ugdt_admin", "last_edited_date": 1740061366000, "last_edited_user": "ugdt_admin", "shape_Length": 407.91813346587855, "shape_Area": 7296.6353650827905, "cultivo": "olivo", "id": "O154"}}, {"type": "Feature", "id": 66399, "geometry": {"type": "Polygon", "coordinates": [[[-68.32762883927602, -34.6527235056298], [-68.32784956881605, -34.653162358801765], [-68.32716831345404, -34.65339639376235], [-68.32699360101273, -34.652959867349715], [-68.32762883927602, -34.6527235056298]]]}, "properties": {"fid": 66399, "tipo_culti": "OLIVOS", "globalid": "{56AFD669-27F0-46C0-A2D5-FA68AC26AC93}", "created_date": 1740061366000, "created_user": "ugdt_admin", "last_edited_date": 1740061366000, "last_edited_user": "ugdt_admin", "shape_Length": 286.25861299118094, "shape_Area": 5040.681977152706, "cultivo": "olivo", "id": "O155"}}, {"type": "Feature", "id": 70778, "geometry": {"type": "Polygon", "coordinates": [[[-68.23275932069717, -34.657801667428934], [-68.23270542537338, -34.657944381029765], [-68.23262089121019, -34.65816820911834], [-68.23256285555127, -34.65832216470109], [-68.23120014450292, -34.65763500141352], [-68.23137833971258, -34.65713278014175], [-68.23275932069717, -34.657801667428934]]]}, "properties": {"fid": 70778, "tipo_culti": "OLIVOS", "globalid": "{91AC4F97-BD29-4767-9037-E5E9CAB7E0C7}", "created_date": 1740061366000, "created_user": "ugdt_admin", "last_edited_date": 1740061366000, "last_edited_user": "ugdt_admin", "shape_Length": 500.8936669491477, "shape_Area": 12481.47980780724, "cultivo": "olivo", "id": "O156"}}, {"type": "Feature", "id": 63288, "geometry": {"type": "Polygon", "coordinates": [[[-68.41974212444224, -34.619814055282525], [-68.42033613452554, -34.61959972666431], [-68.42045534006543, -34.61983123789008], [-68.42053495505411, -34.619985759220256], [-68.42040060571517, -34.62005029420105], [-68.41921281012739, -34.62061767899109], [-68.41905447127877, -34.620697692672515], [-68.41899883412165, -34.62062324038652], [-68.41892750249819, -34.620532217676356], [-68.41892080645606, -34.62052290160784], [-68.41989586840816, -34.620096391324466], [-68.42037251270129, -34.61988790431996], [-68.42022505784065, -34.61965752062518], [-68.41975041409569, -34.61982932912233], [-68.41974212444224, -34.619814055282525]]]}, "properties": {"fid": 63288, "tipo_culti": "OLIVOS", "globalid": "{A9FEEF85-7363-4DFB-8224-4F0C8664A3FE}", "created_date": 1740061366000, "created_user": "ugdt_admin", "last_edited_date": 1740061366000, "last_edited_user": "ugdt_admin", "shape_Length": 625.9640981702362, "shape_Area": 5196.787611420585, "cultivo": "olivo", "id": "O157"}}, {"type": "Feature", "id": 37763, "geometry": {"type": "Polygon", "coordinates": [[[-68.1586947409794, -34.76294326690312], [-68.15867768646372, -34.762944770911055], [-68.15867357756962, -34.7628867839315], [-68.15863261708762, -34.762305648460064], [-68.15912861199027, -34.76226175218337], [-68.1592077239224, -34.76224769645501], [-68.15929747729739, -34.76222893604642], [-68.15941532188961, -34.76222975004796], [-68.15953407108532, -34.762249047712004], [-68.15959034963956, -34.7622786410463], [-68.15981020242388, -34.76228015835015], [-68.15981903286313, -34.762842322668675], [-68.1586947409794, -34.76294326690312]]]}, "properties": {"fid": 37763, "tipo_culti": "OLIVOS", "globalid": "{96AEFA33-20B0-4BF4-AEFD-687899D07AB9}", "created_date": 1740061366000, "created_user": "ugdt_admin", "last_edited_date": 1740061366000, "last_edited_user": "ugdt_admin", "shape_Length": 424.1015117683693, "shape_Area": 10997.97276395592, "cultivo": "olivo", "id": "O158"}}, {"type": "Feature", "id": 22840, "geometry": {"type": "Polygon", "coordinates": [[[-68.4259379334159, -34.625454279298864], [-68.42655818508528, -34.62608918372819], [-68.42592493748867, -34.62639124691568], [-68.42555229564758, -34.62656887523344], [-68.42510640248327, -34.62595164369024], [-68.4259379334159, -34.625454279298864]]]}, "properties": {"fid": 22840, "tipo_culti": "OLIVOS", "globalid": "{8660CBCD-D84C-4DB6-AF9D-6532BA2217C4}", "created_date": 1740061366000, "created_user": "ugdt_admin", "last_edited_date": 1740061366000, "last_edited_user": "ugdt_admin", "shape_Length": 451.19637251614984, "shape_Area": 12584.133827181256, "cultivo": "olivo", "id": "O159"}}, {"type": "Feature", "id": 56867, "geometry": {"type": "Polygon", "coordinates": [[[-68.30521100227175, -34.687943780253924], [-68.30529821700776, -34.688594372169135], [-68.3035566567597, -34.689125907019495], [-68.3034704705947, -34.68847144433735], [-68.30521100227175, -34.687943780253924]]]}, "properties": {"fid": 56867, "tipo_culti": "OLIVOS", "globalid": "{F7F0DF84-F3CD-424C-9EF0-A0D78B0E5C1D}", "created_date": 1740061366000, "created_user": "ugdt_admin", "last_edited_date": 1740061366000, "last_edited_user": "ugdt_admin", "shape_Length": 591.0319632373364, "shape_Area": 17813.552883091284, "cultivo": "olivo", "id": "O160"}}, {"type": "Feature", "id": 632, "geometry": {"type": "Polygon", "coordinates": [[[-67.71965157565661, -34.97527942709819], [-67.71969539996775, -34.97494018523135], [-67.7199874593346, -34.9745657960947], [-67.72120920585026, -34.975252489545156], [-67.72072631377432, -34.97563226141018], [-67.7205885858716, -34.97563775032777], [-67.72036516587728, -34.97562602243087], [-67.72020816821339, -34.97559615614472], [-67.72000161947842, -34.97552061261], [-67.71983874683258, -34.9754249792385], [-67.71972586453397, -34.97534672677728], [-67.71965157565661, -34.97527942709819]], [[-67.72062175706178, -34.9750115998846], [-67.72026089572731, -34.97482528126431], [-67.72011736470783, -34.97501376470013], [-67.72047811734615, -34.97520008215558], [-67.72062175706178, -34.9750115998846]]]}, "properties": {"fid": 632, "tipo_culti": "OLIVOS", "globalid": "{1348BCE5-A4D8-4727-A610-3EE9A720DDD1}", "created_date": 1740061366000, "created_user": "ugdt_admin", "last_edited_date": 1740061366000, "last_edited_user": "ugdt_admin", "shape_Length": 635.9526070666749, "shape_Area": 13322.4267898939, "cultivo": "olivo", "id": "O161"}}, {"type": "Feature", "id": 62750, "geometry": {"type": "Polygon", "coordinates": [[[-68.07291224923468, -34.74152748450106], [-68.07391223674098, -34.741578989817526], [-68.0739700783638, -34.74162098374493], [-68.07423717175229, -34.741621030988], [-68.07423714749777, -34.74195598363283], [-68.0728946889675, -34.741955776945254], [-68.07291224923468, -34.74152748450106]]]}, "properties": {"fid": 62750, "tipo_culti": "OLIVOS", "globalid": "{318A73BD-16A4-4B94-B075-603254A9BF8C}", "created_date": 1740061366000, "created_user": "ugdt_admin", "last_edited_date": 1740061366000, "last_edited_user": "ugdt_admin", "shape_Length": 402.73271297654026, "shape_Area": 7787.900264006769, "cultivo": "olivo", "id": "O162"}}, {"type": "Feature", "id": 40184, "geometry": {"type": "Polygon", "coordinates": [[[-68.20227848507872, -34.711835487461016], [-68.20261675378379, -34.71038104688349], [-68.20341654005091, -34.71041530292112], [-68.20309426854442, -34.711876430934375], [-68.20227848507872, -34.711835487461016]]]}, "properties": {"fid": 40184, "tipo_culti": "OLIVOS", "globalid": "{AB96FF3F-FF9E-4F63-96D6-7918601A59A8}", "created_date": 1740061366000, "created_user": "ugdt_admin", "last_edited_date": 1740061366000, "last_edited_user": "ugdt_admin", "shape_Length": 581.7528751747357, "shape_Area": 17938.98053045193, "cultivo": "olivo", "id": "O163"}}, {"type": "Feature", "id": 24604, "geometry": {"type": "Polygon", "coordinates": [[[-67.51242606073902, -35.01147404505847], [-67.51339272703648, -35.01148426908989], [-67.51337642800395, -35.01239697284876], [-67.51240975092672, -35.012386748931426], [-67.51242606073902, -35.01147404505847]]]}, "properties": {"fid": 24604, "tipo_culti": "OLIVOS", "globalid": "{9AF4FEB4-FFDA-4D13-BA8B-6E296FC3F951}", "created_date": 1740061366000, "created_user": "ugdt_admin", "last_edited_date": 1740061366000, "last_edited_user": "ugdt_admin", "shape_Length": 463.36509768410036, "shape_Area": 13351.565042515944, "cultivo": "olivo", "id": "O164"}}, {"type": "Feature", "id": 40487, "geometry": {"type": "Polygon", "coordinates": [[[-68.20337917821993, -34.698952541703065], [-68.20583217722356, -34.69931288653945], [-68.20568826442009, -34.69987919788557], [-68.20324928721973, -34.69953453564454], [-68.20337917821993, -34.698952541703065]]]}, "properties": {"fid": 40487, "tipo_culti": "OLIVOS", "globalid": "{289ECB3B-555F-4EF8-B73C-2FE7AE9F0EC8}", "created_date": 1740061366000, "created_user": "ugdt_admin", "last_edited_date": 1740061366000, "last_edited_user": "ugdt_admin", "shape_Length": 711.3308203281001, "shape_Area": 21895.06014445961, "cultivo": "olivo", "id": "O165"}}, {"type": "Feature", "id": 18091, "geometry": {"type": "Polygon", "coordinates": [[[-67.51784701169468, -35.017127846044986], [-67.517855141448, -35.01812818229949], [-67.5175826509813, -35.01812972063509], [-67.51758365260284, -35.018250233799954], [-67.51698049228004, -35.01825358855833], [-67.5169784791555, -35.01800715470405], [-67.51707533461112, -35.018006625739474], [-67.51707327836743, -35.017756496470255], [-67.51754527208232, -35.01712947709796], [-67.51784701169468, -35.017127846044986]]]}, "properties": {"fid": 18091, "tipo_culti": "OLIVOS", "globalid": "{7393D00B-B955-49E6-9F78-D068725D4BD5}", "created_date": 1740061366000, "created_user": "ugdt_admin", "last_edited_date": 1740061366000, "last_edited_user": "ugdt_admin", "shape_Length": 461.8262577894318, "shape_Area": 10820.142291504142, "cultivo": "olivo", "id": "O166"}}, {"type": "Feature", "id": 30391, "geometry": {"type": "Polygon", "coordinates": [[[-68.29852563931604, -34.57278128056623], [-68.29889523047844, -34.57363209330986], [-68.29841704018469, -34.57377411439237], [-68.29804756310836, -34.572923300883126], [-68.29852563931604, -34.57278128056623]]]}, "properties": {"fid": 30391, "tipo_culti": "OLIVOS", "globalid": "{D4BF9F07-F5DA-4EAC-BB68-414487560A27}", "created_date": 1740061366000, "created_user": "ugdt_admin", "last_edited_date": 1740061366000, "last_edited_user": "ugdt_admin", "shape_Length": 357.4855573215834, "shape_Area": 6912.129271562159, "cultivo": "olivo", "id": "O167"}}, {"type": "Feature", "id": 45064, "geometry": {"type": "Polygon", "coordinates": [[[-68.42339609372563, -34.643194343349975], [-68.4230856350651, -34.64332691572863], [-68.42305692580695, -34.64328315139138], [-68.42221832333638, -34.6420041223922], [-68.42252554087536, -34.64186648827326], [-68.42339609372563, -34.643194343349975]]]}, "properties": {"fid": 45064, "tipo_culti": "OLIVOS", "globalid": "{17FB24AE-9CE3-43E8-94CA-43856E44C6BD}", "created_date": 1740061366000, "created_user": "ugdt_admin", "last_edited_date": 1740061366000, "last_edited_user": "ugdt_admin", "shape_Length": 485.3813495935798, "shape_Area": 7933.589168751151, "cultivo": "olivo", "id": "O168"}}, {"type": "Feature", "id": 67503, "geometry": {"type": "Polygon", "coordinates": [[[-68.29057431656301, -34.65262964947046], [-68.2922236027634, -34.652593802907255], [-68.29237764856326, -34.65291199354246], [-68.28976955722247, -34.65297002441152], [-68.28911854364449, -34.652984438643514], [-68.28901107818704, -34.6529867870709], [-68.28900478189522, -34.652663865118484], [-68.29057431656301, -34.65262964947046]]]}, "properties": {"fid": 67503, "tipo_culti": "OLIVOS", "globalid": "{1399A3BA-B1B9-45F8-8BB8-365B60D40B28}", "created_date": 1740061366000, "created_user": "ugdt_admin", "last_edited_date": 1740061366000, "last_edited_user": "ugdt_admin", "shape_Length": 823.3972433152828, "shape_Area": 15991.340389261288, "cultivo": "olivo", "id": "O169"}}, {"type": "Feature", "id": 67955, "geometry": {"type": "Polygon", "coordinates": [[[-68.23260099801824, -34.70305655887362], [-68.23293592319382, -34.70287243818828], [-68.23347195780532, -34.70296541102127], [-68.23328961776895, -34.703682317703596], [-68.23247547911852, -34.7035410809149], [-68.23260099801824, -34.70305655887362]]]}, "properties": {"fid": 67955, "tipo_culti": "OLIVOS", "globalid": "{D01BC213-61E6-4338-8B0B-3AE974C8A57B}", "created_date": 1740061366000, "created_user": "ugdt_admin", "last_edited_date": 1740061366000, "last_edited_user": "ugdt_admin", "shape_Length": 364.71375589162824, "shape_Area": 8665.760654571022, "cultivo": "olivo", "id": "O170"}}, {"type": "Feature", "id": 34448, "geometry": {"type": "Polygon", "coordinates": [[[-67.84631210742442, -34.88677446274748], [-67.84628731571921, -34.88741336503132], [-67.84623888844057, -34.88740335173343], [-67.84618905619682, -34.88739990392824], [-67.846139243716, -34.88740294645606], [-67.84609065204565, -34.887412489632304], [-67.8460445999126, -34.88742818639002], [-67.84601840234397, -34.88743992542886], [-67.84599489163637, -34.887455025318665], [-67.84597462205029, -34.887473039516024], [-67.84595825564413, -34.88749352516183], [-67.8459461283878, -34.887515943604505], [-67.84557632522298, -34.88738083673028], [-67.84530604281524, -34.88734104436698], [-67.84530827063713, -34.887158364145726], [-67.84631210742442, -34.88677446274748]]]}, "properties": {"fid": 34448, "tipo_culti": "OLIVOS", "globalid": "{EB4C5B6C-746B-49AD-833A-A83CE4BD15DD}", "created_date": 1740061366000, "created_user": "ugdt_admin", "last_edited_date": 1740061366000, "last_edited_user": "ugdt_admin", "shape_Length": 354.8962710914372, "shape_Area": 6694.581522648311, "cultivo": "olivo", "id": "O171"}}, {"type": "Feature", "id": 23000, "geometry": {"type": "Polygon", "coordinates": [[[-68.3672894069676, -34.701624432241495], [-68.36716907044877, -34.70124494508588], [-68.3683003736833, -34.70072682680181], [-68.3684208260848, -34.7011059522361], [-68.3672894069676, -34.701624432241495]]]}, "properties": {"fid": 23000, "tipo_culti": "OLIVOS", "globalid": "{4D9C6436-2CC0-4F6F-BA9A-82674F274EAF}", "created_date": 1740061366000, "created_user": "ugdt_admin", "last_edited_date": 1740061366000, "last_edited_user": "ugdt_admin", "shape_Length": 394.5101739555763, "shape_Area": 7408.890039339411, "cultivo": "olivo", "id": "O172"}}, {"type": "Feature", "id": 41958, "geometry": {"type": "Polygon", "coordinates": [[[-68.5116151129649, -34.58453432573117], [-68.51203291042042, -34.58428774189788], [-68.51297502306619, -34.58378787439751], [-68.51305959136536, -34.58377090398648], [-68.51309518980344, -34.58428270020922], [-68.51304598907534, -34.584439893956336], [-68.51304676791469, -34.584493261634], [-68.51300152157044, -34.584570334084965], [-68.51300207493266, -34.584606213737445], [-68.5130425431379, -34.58465685524394], [-68.51198984877894, -34.58486728185841], [-68.51161712339452, -34.58493592212453], [-68.51153363037875, -34.58458249636737], [-68.5116151129649, -34.58453432573117]]]}, "properties": {"fid": 41958, "tipo_culti": "OLIVOS", "globalid": "{4D428BD1-AFFA-4FD2-854F-1169FA601FAF}", "created_date": 1740061366000, "created_user": "ugdt_admin", "last_edited_date": 1740061366000, "last_edited_user": "ugdt_admin", "shape_Length": 537.7428167242497, "shape_Area": 14782.536423883765, "cultivo": "olivo", "id": "O173"}}, {"type": "Feature", "id": 457, "geometry": {"type": "Polygon", "coordinates": [[[-67.63626769980654, -34.98468422679138], [-67.6381193800337, -34.98468121951775], [-67.63810870984476, -34.98550398440988], [-67.63626943714829, -34.985510465512384], [-67.63626769980654, -34.98468422679138]]]}, "properties": {"fid": 457, "tipo_culti": "OLIVOS", "globalid": "{8FE9DF94-D7C9-4D65-B57B-81556812508C}", "created_date": 1740061366000, "created_user": "ugdt_admin", "last_edited_date": 1740061366000, "last_edited_user": "ugdt_admin", "shape_Length": 634.9359754246534, "shape_Area": 23014.041423808532, "cultivo": "olivo", "id": "O174"}}, {"type": "Feature", "id": 32635, "geometry": {"type": "Polygon", "coordinates": [[[-68.20173243245517, -34.744125392881095], [-68.2032527178858, -34.74412597380556], [-68.20315656760769, -34.74491622508588], [-68.20244054654587, -34.74489197780874], [-68.20243649873719, -34.74474502508791], [-68.20169956489555, -34.74472676559396], [-68.20173243245517, -34.744125392881095]]]}, "properties": {"fid": 32635, "tipo_culti": "OLIVOS", "globalid": "{E6BE711A-1658-4362-B9F4-7E59D7A65EAE}", "created_date": 1740061366000, "created_user": "ugdt_admin", "last_edited_date": 1740061366000, "last_edited_user": "ugdt_admin", "shape_Length": 540.1431966123743, "shape_Area": 15654.008159877538, "cultivo": "olivo", "id": "O175"}}, {"type": "Feature", "id": 39776, "geometry": {"type": "Polygon", "coordinates": [[[-68.10359971174152, -34.676554452181236], [-68.10280695209656, -34.67720834862431], [-68.10078584331859, -34.67670670328095], [-68.10159747836433, -34.6760437649083], [-68.10359971174152, -34.676554452181236]]]}, "properties": {"fid": 39776, "tipo_culti": "OLIVOS", "globalid": "{83C67CA5-58F2-42A1-8236-D4A4F0DA3537}", "created_date": 1740061366000, "created_user": "ugdt_admin", "last_edited_date": 1740061366000, "last_edited_user": "ugdt_admin", "shape_Length": 720.70712020778, "shape_Area": 26077.123337550252, "cultivo": "olivo", "id": "O176"}}, {"type": "Feature", "id": 4638, "geometry": {"type": "Polygon", "coordinates": [[[-67.48286257031566, -34.99851238157427], [-67.48325616446246, -34.99852099567014], [-67.48326035330663, -34.998644162571594], [-67.48326476762792, -34.99876102289961], [-67.48337511847406, -34.99876988201331], [-67.48343183540615, -34.99886585605137], [-67.48372570577662, -34.99888340721331], [-67.48373777554077, -34.999339332849814], [-67.48373637506724, -34.99941520247099], [-67.48285656867124, -34.99941294999719], [-67.48286257031566, -34.99851238157427]]]}, "properties": {"fid": 4638, "tipo_culti": "OLIVOS", "globalid": "{E830E399-3977-4501-8973-01C03C581BD5}", "created_date": 1740061366000, "created_user": "ugdt_admin", "last_edited_date": 1740061366000, "last_edited_user": "ugdt_admin", "shape_Length": 428.7040100012184, "shape_Area": 9531.3483206681, "cultivo": "olivo", "id": "O177"}}, {"type": "Feature", "id": 42356, "geometry": {"type": "Polygon", "coordinates": [[[-68.22599052131955, -34.65749982134622], [-68.22553030361969, -34.658670166973685], [-68.22507494400891, -34.65847347172651], [-68.22556317117932, -34.65730646030856], [-68.22599052131955, -34.65749982134622]]]}, "properties": {"fid": 42356, "tipo_culti": "OLIVOS", "globalid": "{8C4BE622-F9DF-45D5-B79C-832BB5078BF8}", "created_date": 1740061366000, "created_user": "ugdt_admin", "last_edited_date": 1740061366000, "last_edited_user": "ugdt_admin", "shape_Length": 445.0396595680542, "shape_Area": 9163.975491563246, "cultivo": "olivo", "id": "O178"}}, {"type": "Feature", "id": 62453, "geometry": {"type": "Polygon", "coordinates": [[[-68.34020157734754, -34.70652846842757], [-68.34022163313458, -34.70661448135725], [-68.33831178070456, -34.70764407662504], [-68.33823302989518, -34.70740369484747], [-68.34020157734754, -34.70652846842757]]]}, "properties": {"fid": 62453, "tipo_culti": "OLIVOS", "globalid": "{23241A08-6F96-45D3-8848-31ACF1748C82}", "created_date": 1740061366000, "created_user": "ugdt_admin", "last_edited_date": 1740061366000, "last_edited_user": "ugdt_admin", "shape_Length": 548.9447795396917, "shape_Area": 5479.819655613223, "cultivo": "olivo", "id": "O179"}}, {"type": "Feature", "id": 32151, "geometry": {"type": "Polygon", "coordinates": [[[-68.02389321437282, -34.60037342651178], [-68.02377197684375, -34.60077556081226], [-68.023687156118, -34.60097210748291], [-68.02376605514941, -34.60113255640285], [-68.02392078726216, -34.60118463267362], [-68.02401528104689, -34.601148972395585], [-68.02420216206701, -34.601211131458676], [-68.02407366165889, -34.60146997571895], [-68.02314144305763, -34.601261053735904], [-68.02325886364504, -34.600943169989485], [-68.02367210215048, -34.60033956788356], [-68.02374609638042, -34.60035088638308], [-68.02389321437282, -34.60037342651178]]]}, "properties": {"fid": 32151, "tipo_culti": "OLIVOS", "globalid": "{410B5B6F-3B3D-4397-BF5B-57563C458C2A}", "created_date": 1740061366000, "created_user": "ugdt_admin", "last_edited_date": 1740061366000, "last_edited_user": "ugdt_admin", "shape_Length": 469.3079868823736, "shape_Area": 7868.122132362469, "cultivo": "olivo", "id": "O180"}}, {"type": "Feature", "id": 26918, "geometry": {"type": "Polygon", "coordinates": [[[-67.7434657602267, -34.99458589456199], [-67.7434622334409, -34.995396946697895], [-67.74225244260336, -34.995393340060765], [-67.74225597927065, -34.994582378405504], [-67.7434657602267, -34.99458589456199]]]}, "properties": {"fid": 26918, "tipo_culti": "OLIVOS", "globalid": "{94D358AB-7463-4C07-A916-3218D146C00F}", "created_date": 1740061366000, "created_user": "ugdt_admin", "last_edited_date": 1740061366000, "last_edited_user": "ugdt_admin", "shape_Length": 489.7603418922281, "shape_Area": 14841.915150712048, "cultivo": "olivo", "id": "O181"}}, {"type": "Feature", "id": 12577, "geometry": {"type": "Polygon", "coordinates": [[[-67.66028001949063, -35.148107818557335], [-67.65952035018746, -35.14783353860452], [-67.65972254029667, -35.147454805662626], [-67.66048197783448, -35.14772962236127], [-67.66028001949063, -35.148107818557335]]]}, "properties": {"fid": 12577, "tipo_culti": "OLIVOS", "globalid": "{59FDAA02-F50A-4B27-8819-F5E522CBD248}", "created_date": 1740061366000, "created_user": "ugdt_admin", "last_edited_date": 1740061366000, "last_edited_user": "ugdt_admin", "shape_Length": 297.33540190955, "shape_Area": 5197.405466380715, "cultivo": "olivo", "id": "O182"}}, {"type": "Feature", "id": 26920, "geometry": {"type": "Polygon", "coordinates": [[[-67.7417373342464, -34.979470051200984], [-67.74173870148226, -34.980325499782474], [-67.74069275706435, -34.98032060368625], [-67.74065560543916, -34.98027956905938], [-67.7406368117851, -34.980219617587856], [-67.74058937175494, -34.97952033900449], [-67.74082576521859, -34.97951521983971], [-67.74082330832627, -34.9794754463841], [-67.7417373342464, -34.979470051200984]]]}, "properties": {"fid": 26920, "tipo_culti": "OLIVOS", "globalid": "{2CE6367E-61DB-42A4-B7E8-C020A01E710C}", "created_date": 1740061366000, "created_user": "ugdt_admin", "last_edited_date": 1740061366000, "last_edited_user": "ugdt_admin", "shape_Length": 476.64969182265475, "shape_Area": 14252.710523245925, "cultivo": "olivo", "id": "O183"}}, {"type": "Feature", "id": 63528, "geometry": {"type": "Polygon", "coordinates": [[[-68.0368817143174, -34.75477239250832], [-68.03688879483848, -34.755375918828385], [-68.03542737870335, -34.75538760658666], [-68.03542030986036, -34.7547839903093], [-68.0368817143174, -34.75477239250832]]]}, "properties": {"fid": 63528, "tipo_culti": "OLIVOS", "globalid": "{E5301FE1-D518-42F0-8ED9-228CFDF059B5}", "created_date": 1740061366000, "created_user": "ugdt_admin", "last_edited_date": 1740061366000, "last_edited_user": "ugdt_admin", "shape_Length": 488.94758060935425, "shape_Area": 13305.31594955561, "cultivo": "olivo", "id": "O184"}}, {"type": "Feature", "id": 14585, "geometry": {"type": "Polygon", "coordinates": [[[-67.4794131896433, -34.96698501794446], [-67.48057470142417, -34.96698630915783], [-67.48057459182972, -34.967051560311674], [-67.48057336562937, -34.96784719426995], [-67.47941173167759, -34.96784590086173], [-67.4794131896433, -34.96698501794446]]]}, "properties": {"fid": 14585, "tipo_culti": "OLIVOS", "globalid": "{3EB09223-019C-4B9C-B960-FBB454140BDF}", "created_date": 1740061366000, "created_user": "ugdt_admin", "last_edited_date": 1740061366000, "last_edited_user": "ugdt_admin", "shape_Length": 492.500145548993, "shape_Area": 15121.518138028268, "cultivo": "olivo", "id": "O185"}}, {"type": "Feature", "id": 39648, "geometry": {"type": "Polygon", "coordinates": [[[-68.08387791204271, -34.68951474624971], [-68.08491620461102, -34.689579424333786], [-68.08456594609186, -34.68989282100708], [-68.08441208624325, -34.689951337109164], [-68.08414888166165, -34.690118639810365], [-68.08390454619257, -34.69005893462696], [-68.08393091084783, -34.68986479350645], [-68.08384451447706, -34.689851885120035], [-68.08387791204271, -34.68951474624971]]]}, "properties": {"fid": 39648, "tipo_culti": "OLIVOS", "globalid": "{DE30C054-2713-4C0F-B611-A296BE4F0AEB}", "created_date": 1740061366000, "created_user": "ugdt_admin", "last_edited_date": 1740061366000, "last_edited_user": "ugdt_admin", "shape_Length": 339.83394143112463, "shape_Area": 5969.451636579834, "cultivo": "olivo", "id": "O186"}}, {"type": "Feature", "id": 60983, "geometry": {"type": "Polygon", "coordinates": [[[-68.33869560028275, -34.70373054324139], [-68.33896606235353, -34.705035173652384], [-68.3381928707104, -34.70534673940618], [-68.33791585812456, -34.70405739586296], [-68.33869560028275, -34.70373054324139]]]}, "properties": {"fid": 60983, "tipo_culti": "OLIVOS", "globalid": "{2A505E1D-E198-457B-B305-02D5244B9AB5}", "created_date": 1740061366000, "created_user": "ugdt_admin", "last_edited_date": 1740061366000, "last_edited_user": "ugdt_admin", "shape_Length": 549.7844807256008, "shape_Area": 16497.306682533905, "cultivo": "olivo", "id": "O187"}}, {"type": "Feature", "id": 19228, "geometry": {"type": "Polygon", "coordinates": [[[-67.471830313599, -35.01848414179122], [-67.47183133228853, -35.018435305903026], [-67.47225935526689, -35.01843564873501], [-67.47225735292213, -35.019285251157335], [-67.47182806511583, -35.01928200826515], [-67.471830313599, -35.01848414179122]]]}, "properties": {"fid": 19228, "tipo_culti": "OLIVOS", "globalid": "{E067FBA9-864A-4B74-8709-3EFAA1651493}", "created_date": 1740061366000, "created_user": "ugdt_admin", "last_edited_date": 1740061366000, "last_edited_user": "ugdt_admin", "shape_Length": 326.0131282243633, "shape_Area": 5506.62519335305, "cultivo": "olivo", "id": "O188"}}, {"type": "Feature", "id": 19576, "geometry": {"type": "Polygon", "coordinates": [[[-67.47754677794379, -34.987334542066506], [-67.47754903720673, -34.986579752078555], [-67.4791959293969, -34.98658291162975], [-67.47919379320314, -34.987337793584935], [-67.47754677794379, -34.987334542066506]]]}, "properties": {"fid": 19576, "tipo_culti": "OLIVOS", "globalid": "{B0E329D2-AD56-45E2-B8D0-821739AC1C0A}", "created_date": 1740061366000, "created_user": "ugdt_admin", "last_edited_date": 1740061366000, "last_edited_user": "ugdt_admin", "shape_Length": 571.8034189681852, "shape_Area": 18803.779478508586, "cultivo": "olivo", "id": "O189"}}, {"type": "Feature", "id": 39326, "geometry": {"type": "Polygon", "coordinates": [[[-68.19265688788701, -34.72007602183755], [-68.19237464261461, -34.72132663710651], [-68.1919438662999, -34.72137047244279], [-68.19222611786047, -34.72011985857521], [-68.19265688788701, -34.72007602183755]]]}, "properties": {"fid": 39326, "tipo_culti": "OLIVOS", "globalid": "{93469A22-F2F2-407B-9E59-791ED9EFC5D8}", "created_date": 1740061366000, "created_user": "ugdt_admin", "last_edited_date": 1740061366000, "last_edited_user": "ugdt_admin", "shape_Length": 441.1731493061421, "shape_Area": 7935.695595015337, "cultivo": "olivo", "id": "O190"}}, {"type": "Feature", "id": 23244, "geometry": {"type": "Polygon", "coordinates": [[[-67.97389022064428, -34.65414498965285], [-67.9738709140522, -34.65494146991893], [-67.97324374805007, -34.654928618160405], [-67.97326331964516, -34.654137639281075], [-67.97389022064428, -34.65414498965285]]]}, "properties": {"fid": 23244, "tipo_culti": "OLIVOS", "globalid": "{149CA014-C25A-4D67-80B0-8B93B764C254}", "created_date": 1740061366000, "created_user": "ugdt_admin", "last_edited_date": 1740061366000, "last_edited_user": "ugdt_admin", "shape_Length": 354.50074331962503, "shape_Area": 7500.508665343757, "cultivo": "olivo", "id": "O191"}}, {"type": "Feature", "id": 45387, "geometry": {"type": "Polygon", "coordinates": [[[-68.44979137705886, -34.6486568486236], [-68.449571964449, -34.64820361565897], [-68.45109768109387, -34.64756534579609], [-68.45133295166343, -34.64746688787415], [-68.45225674676226, -34.64708036463049], [-68.45238876227809, -34.647307394645885], [-68.45254954813754, -34.64725628512271], [-68.45264513876522, -34.64744925723603], [-68.44979137705886, -34.6486568486236]]]}, "properties": {"fid": 45387, "tipo_culti": "OLIVOS", "globalid": "{A4BD6A19-EADF-439F-998F-63FC1EF21C90}", "created_date": 1740061366000, "created_user": "ugdt_admin", "last_edited_date": 1740061366000, "last_edited_user": "ugdt_admin", "shape_Length": 839.994890597906, "shape_Area": 22454.53831106222, "cultivo": "olivo", "id": "O192"}}, {"type": "Feature", "id": 42635, "geometry": {"type": "Polygon", "coordinates": [[[-68.5666362755336, -34.59078009365171], [-68.5648115178155, -34.591188891571534], [-68.56478682223003, -34.59117960844654], [-68.56363013619884, -34.589689642718554], [-68.56363057727162, -34.5896052699534], [-68.56365278901535, -34.58956830091483], [-68.56375568653955, -34.58954721472631], [-68.5638984521944, -34.589531228325725], [-68.56425110652044, -34.58946145519815], [-68.56428601235744, -34.58943552801911], [-68.56431962731538, -34.58938561860191], [-68.56432908657531, -34.589327600197876], [-68.56432946296941, -34.589255396058874], [-68.564312164112, -34.589207468479394], [-68.56415544133257, -34.58901589469875], [-68.56435334198629, -34.58887805066858], [-68.5666362755336, -34.59078009365171]]]}, "properties": {"fid": 42635, "tipo_culti": "OLIVOS", "globalid": "{92D71EFF-35C2-4413-BA95-3C5A04A05A24}", "created_date": 1740061366000, "created_user": "ugdt_admin", "last_edited_date": 1740061366000, "last_edited_user": "ugdt_admin", "shape_Length": 996.9056256542353, "shape_Area": 46937.56508479694, "cultivo": "olivo", "id": "O193"}}, {"type": "Feature", "id": 39439, "geometry": {"type": "Polygon", "coordinates": [[[-68.14688807989397, -34.73016649724322], [-68.14693902335372, -34.73144592343853], [-68.14511303314706, -34.73166928484231], [-68.14509435447735, -34.7314898678399], [-68.14536162752889, -34.731437569983484], [-68.14555520369282, -34.73097137867112], [-68.1455844133126, -34.73036107313579], [-68.14688807989397, -34.73016649724322]]]}, "properties": {"fid": 39439, "tipo_culti": "OLIVOS", "globalid": "{1E885383-7045-4721-B70A-E7536A52EA98}", "created_date": 1740061366000, "created_user": "ugdt_admin", "last_edited_date": 1740061366000, "last_edited_user": "ugdt_admin", "shape_Length": 730.8272388131767, "shape_Area": 27818.022420596233, "cultivo": "olivo", "id": "O194"}}, {"type": "Feature", "id": 63433, "geometry": {"type": "Polygon", "coordinates": [[[-68.03281506977228, -34.77520295026139], [-68.03284947973924, -34.776738259431255], [-68.03142187259816, -34.77675998937505], [-68.03138748778402, -34.77522477062994], [-68.03281506977228, -34.77520295026139]]]}, "properties": {"fid": 63433, "tipo_culti": "OLIVOS", "globalid": "{5427761E-9473-4854-90AC-DAB0520AC2CD}", "created_date": 1740061366000, "created_user": "ugdt_admin", "last_edited_date": 1740061366000, "last_edited_user": "ugdt_admin", "shape_Length": 734.0998582785132, "shape_Area": 33077.31113948268, "cultivo": "olivo", "id": "O195"}}, {"type": "Feature", "id": 39087, "geometry": {"type": "Polygon", "coordinates": [[[-68.18084105320587, -34.72266048749568], [-68.18056828695636, -34.72399361421332], [-68.17906677451853, -34.72413052195629], [-68.1793116390953, -34.722828308825754], [-68.18084105320587, -34.72266048749568]]]}, "properties": {"fid": 39087, "tipo_culti": "OLIVOS", "globalid": "{47243205-072A-4F85-BDE1-96D92F6CB954}", "created_date": 1740061366000, "created_user": "ugdt_admin", "last_edited_date": 1740061366000, "last_edited_user": "ugdt_admin", "shape_Length": 701.4962358354283, "shape_Area": 29512.582023211213, "cultivo": "olivo", "id": "O196"}}, {"type": "Feature", "id": 53182, "geometry": {"type": "Polygon", "coordinates": [[[-68.03459310970571, -34.58301848620277], [-68.0334870805717, -34.58338750830082], [-68.03290044925015, -34.58225412899926], [-68.03403847996783, -34.58186859923429], [-68.03459310970571, -34.58301848620277]]]}, "properties": {"fid": 53182, "tipo_culti": "OLIVOS", "globalid": "{D1BA2740-3439-4FA6-B9DD-8C205908B645}", "created_date": 1740061366000, "created_user": "ugdt_admin", "last_edited_date": 1740061366000, "last_edited_user": "ugdt_admin", "shape_Length": 603.7037156318991, "shape_Area": 22520.533933931743, "cultivo": "olivo", "id": "O197"}}, {"type": "Feature", "id": 66600, "geometry": {"type": "Polygon", "coordinates": [[[-67.870258608446, -34.6083016908659], [-67.87209364468757, -34.60832335786834], [-67.87254076764552, -34.6083286627896], [-67.87203063595521, -34.60942732500886], [-67.87006717027243, -34.60937192756012], [-67.87010273637114, -34.60829988682246], [-67.870258608446, -34.6083016908659]], [[-67.87216622586759, -34.60856704083214], [-67.87216123033629, -34.60862206913835], [-67.87220763371062, -34.6086249311978], [-67.87220467915164, -34.608657984982926], [-67.87227722529735, -34.60866244109885], [-67.8722851753876, -34.608574359753504], [-67.87216622586759, -34.60856704083214]]]}, "properties": {"fid": 66600, "tipo_culti": "OLIVOS", "globalid": "{58B64015-F843-4291-967B-5A2B8641B2CD}", "created_date": 1740061366000, "created_user": "ugdt_admin", "last_edited_date": 1740061366000, "last_edited_user": "ugdt_admin", "shape_Length": 844.7061681287556, "shape_Area": 36001.62899466108, "cultivo": "olivo", "id": "O198"}}, {"type": "Feature", "id": 67483, "geometry": {"type": "Polygon", "coordinates": [[[-68.27875345940112, -34.63660172453516], [-68.2796598649127, -34.63656318289793], [-68.27994675088183, -34.63712429359072], [-68.27952745413813, -34.63727073017901], [-68.27930320230386, -34.6373489997779], [-68.2791608831117, -34.63739872811167], [-68.27875345940112, -34.63660172453516]], [[-68.27908837379692, -34.63698094547037], [-68.27903772498458, -34.63699867441816], [-68.27905509930049, -34.63703267035046], [-68.27907632110076, -34.637025223855915], [-68.27908415081677, -34.637040504135925], [-68.27911357693056, -34.63703022169185], [-68.27908837379692, -34.63698094547037]], [[-68.27963406619604, -34.63716301013508], [-68.27959545121524, -34.63717648327839], [-68.27960842917616, -34.63720170966195], [-68.27964693546082, -34.63718823578366], [-68.27963406619604, -34.63716301013508]]]}, "properties": {"fid": 67483, "tipo_culti": "OLIVOS", "globalid": "{03F0DB10-18B8-419B-ABDD-698B6BA8CDCE}", "created_date": 1740061366000, "created_user": "ugdt_admin", "last_edited_date": 1740061366000, "last_edited_user": "ugdt_admin", "shape_Length": 438.87142785135126, "shape_Area": 9416.250634967922, "cultivo": "olivo", "id": "O199"}}, {"type": "Feature", "id": 64344, "geometry": {"type": "Polygon", "coordinates": [[[-67.85927944934913, -34.58550874157553], [-67.85928076717767, -34.585077352947025], [-67.85943979323744, -34.58507640555936], [-67.85947011856483, -34.584867117673696], [-67.85972268709348, -34.58487191231032], [-67.86028543939815, -34.584892312624326], [-67.86026743176997, -34.58499787588623], [-67.86009897160305, -34.58511501474065], [-67.86004258974256, -34.58518939236946], [-67.85994005154446, -34.58551509517798], [-67.85927944934913, -34.58550874157553]]]}, "properties": {"fid": 64344, "tipo_culti": "OLIVOS", "globalid": "{5DFCC35B-E3EE-49CF-BAF7-43498C081080}", "created_date": 1740061366000, "created_user": "ugdt_admin", "last_edited_date": 1740061366000, "last_edited_user": "ugdt_admin", "shape_Length": 365.21464685980817, "shape_Area": 7208.93769837895, "cultivo": "olivo", "id": "O200"}}, {"type": "Feature", "id": 70303, "geometry": {"type": "Polygon", "coordinates": [[[-68.25621841920176, -34.92064305657206], [-68.25633795172841, -34.917315663482555], [-68.25678238153712, -34.91731189209252], [-68.25666227408868, -34.92065640910724], [-68.25621841920176, -34.92064305657206]]]}, "properties": {"fid": 70303, "tipo_culti": "INCULTOS", "globalid": "{587E1074-52BE-4A12-90C7-8CAF9E5B9D57}", "created_date": 1740061366000, "created_user": "ugdt_admin", "last_edited_date": 1740061366000, "last_edited_user": "ugdt_admin", "shape_Length": 1005.1020368882405, "shape_Area": 22400.573951539893, "cultivo": "otros", "id": "X001"}}, {"type": "Feature", "id": 11935, "geometry": {"type": "Polygon", "coordinates": [[[-67.62048424277238, -35.02606981432147], [-67.62047898133976, -35.02500704360192], [-67.62129167729583, -35.02500420406294], [-67.62129205279162, -35.02507973576616], [-67.62218879063411, -35.02507667333346], [-67.62219263991508, -35.02584623854204], [-67.62239381582634, -35.02584554852647], [-67.62239498273789, -35.0260633136271], [-67.62129705730607, -35.02606706603658], [-67.62048424277238, -35.02606981432147]]]}, "properties": {"fid": 11935, "tipo_culti": "ANUALES", "globalid": "{DF1B7CE9-1A38-4871-9FB4-AD7A74BF18AD}", "created_date": 1740061366000, "created_user": "ugdt_admin", "last_edited_date": 1740061366000, "last_edited_user": "ugdt_admin", "shape_Length": 714.352058611124, "shape_Area": 27132.712582356093, "cultivo": "otros", "id": "X002"}}, {"type": "Feature", "id": 2791, "geometry": {"type": "Polygon", "coordinates": [[[-67.63949190158326, -34.97342722003233], [-67.64060230730932, -34.97342091095596], [-67.64062553594594, -34.975792129572426], [-67.64064444009279, -34.97771598398671], [-67.6394987692036, -34.97771910413289], [-67.639497505274, -34.9769613673669], [-67.63949744868013, -34.97689196681425], [-67.63949190158326, -34.97342722003233]]]}, "properties": {"fid": 2791, "tipo_culti": "INCULTOS", "globalid": "{1A2F9291-134B-4F3F-B43F-078B6DC31623}", "created_date": 1740061366000, "created_user": "ugdt_admin", "last_edited_date": 1740061366000, "last_edited_user": "ugdt_admin", "shape_Length": 1417.7533287276103, "shape_Area": 73246.54242887141, "cultivo": "otros", "id": "X003"}}, {"type": "Feature", "id": 30679, "geometry": {"type": "Polygon", "coordinates": [[[-67.9715250095018, -34.619721338778675], [-67.97524524121548, -34.61706344750007], [-67.9752044172774, -34.62164396045308], [-67.9715250095018, -34.619721338778675]]]}, "properties": {"fid": 30679, "tipo_culti": "INCULTOS", "globalid": "{1759C091-4114-4CC5-8D18-5D296932D9D8}", "created_date": 1740061366000, "created_user": "ugdt_admin", "last_edited_date": 1740061366000, "last_edited_user": "ugdt_admin", "shape_Length": 1653.2285476672885, "shape_Area": 127482.8623371782, "cultivo": "otros", "id": "X004"}}, {"type": "Feature", "id": 27232, "geometry": {"type": "Polygon", "coordinates": [[[-68.38336396756115, -34.69514340066703], [-68.38340344941619, -34.695279353169184], [-68.38330647897624, -34.695331054221285], [-68.38335535541252, -34.695392236466034], [-68.38391148893018, -34.69514653080249], [-68.38435188979487, -34.69651294992842], [-68.38340662945231, -34.69692534371048], [-68.38294370153525, -34.69533147078393], [-68.38336396756115, -34.69514340066703]]]}, "properties": {"fid": 27232, "tipo_culti": "ANUALES", "globalid": "{99E2E03F-80DF-4D74-AD11-334CC5F7127D}", "created_date": 1740061366000, "created_user": "ugdt_admin", "last_edited_date": 1740061366000, "last_edited_user": "ugdt_admin", "shape_Length": 697.630230604258, "shape_Area": 23150.27004349392, "cultivo": "otros", "id": "X005"}}, {"type": "Feature", "id": 24638, "geometry": {"type": "Polygon", "coordinates": [[[-67.54552245359659, -34.99199915399584], [-67.54552288658455, -34.9928536673097], [-67.54503638507782, -34.99285405514009], [-67.54503529901466, -34.99199962499023], [-67.54552245359659, -34.99199915399584]]]}, "properties": {"fid": 24638, "tipo_culti": "INCULTOS", "globalid": "{A4E558FD-9A1D-445A-80E6-515FBE3A2BB0}", "created_date": 1740061366000, "created_user": "ugdt_admin", "last_edited_date": 1740061366000, "last_edited_user": "ugdt_admin", "shape_Length": 340.6041363545527, "shape_Area": 6292.327832347429, "cultivo": "otros", "id": "X006"}}, {"type": "Feature", "id": 14702, "geometry": {"type": "Polygon", "coordinates": [[[-67.46825564309731, -34.97698512235449], [-67.4676194723828, -34.97698412425209], [-67.46753268973644, -34.97686388005839], [-67.46752349637782, -34.97612904413309], [-67.4682581215492, -34.97612885201844], [-67.46825564309731, -34.97698512235449]]]}, "properties": {"fid": 14702, "tipo_culti": "ANUALES", "globalid": "{EF9A78F8-75A5-4301-AE24-ACFE1625D9AD}", "created_date": 1740061366000, "created_user": "ugdt_admin", "last_edited_date": 1740061366000, "last_edited_user": "ugdt_admin", "shape_Length": 387.74381987578266, "shape_Area": 9343.202907057635, "cultivo": "otros", "id": "X007"}}, {"type": "Feature", "id": 11060, "geometry": {"type": "Polygon", "coordinates": [[[-67.60742913544442, -35.0022903975583], [-67.60742902584995, -35.00229039608663], [-67.60629440244213, -35.00229386629009], [-67.60616883862667, -35.00228953957328], [-67.60615860951054, -35.00146546214859], [-67.60922336571421, -35.001485207773946], [-67.60922286265766, -35.00228509806577], [-67.60779248151896, -35.00228933869], [-67.60742913544442, -35.0022903975583]]]}, "properties": {"fid": 11060, "tipo_culti": "FRUTALES", "globalid": "{15F74C72-7357-4FF8-9152-8B8CB153074B}", "created_date": 1740061366000, "created_user": "ugdt_admin", "last_edited_date": 1740061366000, "last_edited_user": "ugdt_admin", "shape_Length": 901.8661992361416, "shape_Area": 37683.370267280174, "cultivo": "otros", "id": "X008"}}, {"type": "Feature", "id": 59320, "geometry": {"type": "Polygon", "coordinates": [[[-67.7376933191616, -34.8847288835855], [-67.73812234735479, -34.884919641840504], [-67.73685870610923, -34.8868325563666], [-67.73614235177244, -34.8865112687666], [-67.73727635085112, -34.88480810532468], [-67.73755628924987, -34.88493467439955], [-67.7376933191616, -34.8847288835855]]]}, "properties": {"fid": 59320, "tipo_culti": "FRUTALES", "globalid": "{D140BA2F-0E49-4A13-81B9-FCC1841F2A94}", "created_date": 1740061366000, "created_user": "ugdt_admin", "last_edited_date": 1740061366000, "last_edited_user": "ugdt_admin", "shape_Length": 771.2289448335574, "shape_Area": 25547.497040372, "cultivo": "otros", "id": "X009"}}, {"type": "Feature", "id": 9428, "geometry": {"type": "Polygon", "coordinates": [[[-67.51235543878464, -34.91044446099043], [-67.51144005101854, -34.91045947782889], [-67.51145033852517, -34.909841137620106], [-67.51236526276058, -34.90985144137624], [-67.51235543878464, -34.91044446099043]]]}, "properties": {"fid": 9428, "tipo_culti": "ANUALES", "globalid": "{6B603FA8-FF61-49F5-99F3-9CEC3EED252F}", "created_date": 1740061366000, "created_user": "ugdt_admin", "last_edited_date": 1740061366000, "last_edited_user": "ugdt_admin", "shape_Length": 368.2332314239453, "shape_Area": 8375.708425614734, "cultivo": "otros", "id": "X010"}}, {"type": "Feature", "id": 63598, "geometry": {"type": "Polygon", "coordinates": [[[-68.42522433421207, -34.593988205982306], [-68.42595537869872, -34.5955017179247], [-68.42235919893588, -34.59670149432384], [-68.42216585723223, -34.59630223827684], [-68.42152592437327, -34.59651419641411], [-68.42111711007064, -34.59567014451115], [-68.42141134336048, -34.595572743827205], [-68.4212767927989, -34.595294916541164], [-68.42522433421207, -34.593988205982306]]]}, "properties": {"fid": 63598, "tipo_culti": "ANUALES", "globalid": "{E2201ACE-08EC-4C3C-9E93-C6F94D99418A}", "created_date": 1740061366000, "created_user": "ugdt_admin", "last_edited_date": 1740061366000, "last_edited_user": "ugdt_admin", "shape_Length": 1459.388564035689, "shape_Area": 106528.65654249859, "cultivo": "otros", "id": "X011"}}, {"type": "Feature", "id": 47469, "geometry": {"type": "Polygon", "coordinates": [[[-68.36431809801135, -34.588527547323025], [-68.36414006988834, -34.588160100347324], [-68.37307604500742, -34.58512300725678], [-68.37326644023697, -34.585502674184276], [-68.37310731626079, -34.58555972864822], [-68.36431809801135, -34.588527547323025]]]}, "properties": {"fid": 47469, "tipo_culti": "ANUALES", "globalid": "{35AB8BF8-8A1B-4DBD-A493-7DF6CCDEF392}", "created_date": 1740061366000, "created_user": "ugdt_admin", "last_edited_date": 1740061366000, "last_edited_user": "ugdt_admin", "shape_Length": 2262.0469252392913, "shape_Area": 58904.75520220192, "cultivo": "otros", "id": "X012"}}, {"type": "Feature", "id": 3452, "geometry": {"type": "Polygon", "coordinates": [[[-67.67163261813256, -35.018200826874235], [-67.6716394498203, -35.0190382973398], [-67.67058698992163, -35.019034072297536], [-67.67058879194208, -35.01821886827383], [-67.6706379980601, -35.018217965578586], [-67.67163261813256, -35.018200826874235]]]}, "properties": {"fid": 3452, "tipo_culti": "FRUTALES", "globalid": "{7ED0A04C-9EC7-4CAF-93AA-609EC5CB4DDD}", "created_date": 1740061366000, "created_user": "ugdt_admin", "last_edited_date": 1740061366000, "last_edited_user": "ugdt_admin", "shape_Length": 458.0305086359999, "shape_Area": 13106.207491675617, "cultivo": "otros", "id": "X013"}}, {"type": "Feature", "id": 3272, "geometry": {"type": "Polygon", "coordinates": [[[-67.63015614202673, -34.92663004899123], [-67.63008149921315, -34.92773646017612], [-67.62861814900522, -34.92773464100609], [-67.62993390511366, -34.92662853397778], [-67.63015614202673, -34.92663004899123]]]}, "properties": {"fid": 3272, "tipo_culti": "INCULTOS", "globalid": "{2FCBDD4F-8124-4DCE-99A9-76B52A681110}", "created_date": 1740061366000, "created_user": "ugdt_admin", "last_edited_date": 1740061366000, "last_edited_user": "ugdt_admin", "shape_Length": 547.8732408754961, "shape_Area": 14109.432048044546, "cultivo": "otros", "id": "X014"}}, {"type": "Feature", "id": 10150, "geometry": {"type": "Polygon", "coordinates": [[[-67.55860508799982, -34.96706488909646], [-67.55860619023265, -34.96797691704943], [-67.55675869076482, -34.967982550764376], [-67.55675771788937, -34.9670705243464], [-67.55860508799982, -34.96706488909646]]]}, "properties": {"fid": 10150, "tipo_culti": "ANUALES", "globalid": "{F549723F-33ED-4950-A1CA-0F3793100857}", "created_date": 1740061366000, "created_user": "ugdt_admin", "last_edited_date": 1740061366000, "last_edited_user": "ugdt_admin", "shape_Length": 659.0973567187034, "shape_Area": 25479.097913003716, "cultivo": "otros", "id": "X015"}}, {"type": "Feature", "id": 24078, "geometry": {"type": "Polygon", "coordinates": [[[-67.54552504074461, -34.99640222823311], [-67.54434763956297, -34.99640812196914], [-67.54434823334938, -34.99563248455787], [-67.54551519970067, -34.99563385626814], [-67.54552504074461, -34.99640222823311]]]}, "properties": {"fid": 24078, "tipo_culti": "ANUALES", "globalid": "{7410814D-38AF-4816-BE99-8D1BEF825CE9}", "created_date": 1740061366000, "created_user": "ugdt_admin", "last_edited_date": 1740061366000, "last_edited_user": "ugdt_admin", "shape_Length": 470.7966482169653, "shape_Area": 13689.179981854166, "cultivo": "otros", "id": "X016"}}, {"type": "Feature", "id": 25767, "geometry": {"type": "Polygon", "coordinates": [[[-67.72784601306824, -34.990510622280915], [-67.7289488244369, -34.990536235270795], [-67.72893064073891, -34.990734783322665], [-67.72885680551077, -34.99131679581178], [-67.72881272338314, -34.99177356797502], [-67.72700887215665, -34.991788283645434], [-67.72692930208373, -34.991749503771125], [-67.72653542137436, -34.991751861694006], [-67.72597690552456, -34.99174149463379], [-67.72595318550948, -34.99173142194473], [-67.72595867780913, -34.99165973485983], [-67.72611647856688, -34.99149149479084], [-67.72646443470397, -34.99118725865956], [-67.72685053240973, -34.990852777987726], [-67.72712562888907, -34.99063493237917], [-67.72722296224842, -34.99052373971236], [-67.72784601306824, -34.990510622280915]]]}, "properties": {"fid": 25767, "tipo_culti": "INCULTOS", "globalid": "{1EC694EC-C56B-48F7-BA49-F608D573AC7F}", "created_date": 1740061366000, "created_user": "ugdt_admin", "last_edited_date": 1740061366000, "last_edited_user": "ugdt_admin", "shape_Length": 900.1313176441633, "shape_Area": 44420.82717118235, "cultivo": "otros", "id": "X017"}}, {"type": "Feature", "id": 55203, "geometry": {"type": "Polygon", "coordinates": [[[-67.76866472206179, -34.814965587322185], [-67.77355019985299, -34.81654802020318], [-67.77314918382531, -34.817390153364734], [-67.76826355601546, -34.815807701995716], [-67.76866472206179, -34.814965587322185]]]}, "properties": {"fid": 55203, "tipo_culti": "ANUALES", "globalid": "{5FB93207-BE2F-4AB8-B6E3-9E01FBA92C30}", "created_date": 1740061366000, "created_user": "ugdt_admin", "last_edited_date": 1740061366000, "last_edited_user": "ugdt_admin", "shape_Length": 1414.5156159142834, "shape_Area": 71680.77043933023, "cultivo": "otros", "id": "X018"}}, {"type": "Feature", "id": 65221, "geometry": {"type": "Polygon", "coordinates": [[[-67.70532611576961, -34.8127341575405], [-67.70601841771467, -34.812959013802804], [-67.7050605135845, -34.81496464772559], [-67.70436819906303, -34.81473969589647], [-67.70532611576961, -34.8127341575405]], [[-67.70524456940306, -34.81402769053102], [-67.70523822819547, -34.81402789335049], [-67.70523176930857, -34.81402854606041], [-67.70522552422072, -34.81402956089525], [-67.70521937974416, -34.814031117811204], [-67.70521333767557, -34.81403312683014], [-67.70520761810215, -34.81403549944896], [-67.70520211053116, -34.81403823493017], [-67.70519703325317, -34.81404142546434], [-67.70519216977422, -34.81404497959832], [-67.70518773838494, -34.81404880809148], [-67.70518384688312, -34.81405300313443], [-67.70518028057144, -34.814057471799], [-67.70517725684219, -34.814062126319634], [-67.70517466699923, -34.814066965958766], [-67.70517272933316, -34.81407208290702], [-67.70517122824832, -34.81407720428009], [-67.70517027244087, -34.814082422268605], [-67.70516997060692, -34.81408773687251], [-67.70517010625254, -34.81409305590124], [-67.7051708985666, -34.81409829232687], [-67.70517223705637, -34.81410353391481], [-67.70517401572066, -34.814108600709126], [-67.70517645285001, -34.81411349344729], [-67.70517932835723, -34.81411830136987], [-67.70518275632836, -34.81412275380535], [-67.70518651398119, -34.81412703070978], [-67.70519082409793, -34.814130952127215], [-67.70519557528746, -34.81413460803566], [-67.70520055105584, -34.81413790550715], [-67.70520596969361, -34.81414084749174], [-67.70521161380854, -34.81414334106148], [-67.70521759209677, -34.814145387691404], [-67.70522368626766, -34.814147075146956], [-67.7052298954229, -34.81414831271269], [-67.7052363318519, -34.81414910260117], [-67.70524266587297, -34.8141493496718], [-67.70524911577671, -34.81414923830562], [-67.7052555737653, -34.81414858633418], [-67.70526182064977, -34.8141474807853], [-67.70526796512632, -34.81414592387154], [-67.70527400629659, -34.814144004833345], [-67.70527972587003, -34.81414163221762], [-67.70528523433934, -34.81413880676188], [-67.70529031161735, -34.814135616231496], [-67.70529517599459, -34.814132062838965], [-67.70529949778943, -34.81412823287462], [-67.70530349798737, -34.814124039310535], [-67.70530706340074, -34.81411966062758], [-67.7053100880283, -34.81411491539466], [-67.70531267787126, -34.81411007575834], [-67.70531461463904, -34.814105049528], [-67.70531611662217, -34.81409983744113], [-67.70531707242964, -34.81409462019124], [-67.70531737426357, -34.81408930558777], [-67.70531723861797, -34.814083985821256], [-67.7053164463039, -34.81407875013225], [-67.7053151060175, -34.81407359778325], [-67.70531332914985, -34.814068441746265], [-67.70531089202048, -34.81406354826788], [-67.70530801561496, -34.81405883105773], [-67.70530458944044, -34.8140542879032], [-67.70530072129483, -34.81405001025746], [-67.70529652077258, -34.814046089573715], [-67.70529176958304, -34.81404243366131], [-67.70528679381468, -34.814039136186025], [-67.70528137427856, -34.81403628417587], [-67.70527573016363, -34.81403379060289], [-67.70526975277373, -34.814031653992124], [-67.70526365950117, -34.81402996727172], [-67.70525744765096, -34.81402881894477], [-67.70525101212029, -34.81402802979268], [-67.70524456940306, -34.81402769053102]], [[-67.70497582491109, -34.81434948991067], [-67.70494935066135, -34.81439310255248], [-67.70499571630641, -34.814412253785896], [-67.70502218965785, -34.81436873039445], [-67.70497582491109, -34.81434948991067]]]}, "properties": {"fid": 65221, "tipo_culti": "ANUALES", "globalid": "{1DF96174-39E1-411B-AE2E-27218EDE22CF}", "created_date": 1740061366000, "created_user": "ugdt_admin", "last_edited_date": 1740061366000, "last_edited_user": "ugdt_admin", "shape_Length": 826.3990262017091, "shape_Area": 23958.39650278952, "cultivo": "otros", "id": "X019"}}, {"type": "Feature", "id": 2970, "geometry": {"type": "Polygon", "coordinates": [[[-67.63690297400241, -35.03947884741761], [-67.63528756057644, -35.03949313232843], [-67.63529070737489, -35.03859881795691], [-67.63689909507701, -35.03859743225697], [-67.63690297400241, -35.03947884741761]]]}, "properties": {"fid": 2970, "tipo_culti": "FRUTALES", "globalid": "{E7C1A456-9C8A-4B6B-B75B-99A1B7D27AC1}", "created_date": 1740061366000, "created_user": "ugdt_admin", "last_edited_date": 1740061366000, "last_edited_user": "ugdt_admin", "shape_Length": 600.3135695886755, "shape_Area": 21660.636171501603, "cultivo": "otros", "id": "X020"}}, {"type": "Feature", "id": 60531, "geometry": {"type": "Polygon", "coordinates": [[[-67.74694405766807, -34.81501385779231], [-67.74790143987705, -34.815330799742966], [-67.74754071867977, -34.8160717697669], [-67.74658343887872, -34.81575482624158], [-67.74694405766807, -34.81501385779231]]]}, "properties": {"fid": 60531, "tipo_culti": "FRUTALES", "globalid": "{D8911CF5-8EB0-474A-B65A-9C83283703CF}", "created_date": 1740061366000, "created_user": "ugdt_admin", "last_edited_date": 1740061366000, "last_edited_user": "ugdt_admin", "shape_Length": 446.2046765993473, "shape_Area": 12432.33282855385, "cultivo": "otros", "id": "X021"}}, {"type": "Feature", "id": 21795, "geometry": {"type": "Polygon", "coordinates": [[[-67.98327467877066, -34.644061304275255], [-67.98329021064193, -34.64318204184164], [-67.9840484345558, -34.643191065657795], [-67.98404548359011, -34.644067818943334], [-67.98327467877066, -34.644061304275255]]]}, "properties": {"fid": 21795, "tipo_culti": "ANUALES", "globalid": "{260AEE48-E315-4464-85EF-4D8F2C11BAC2}", "created_date": 1740061366000, "created_user": "ugdt_admin", "last_edited_date": 1740061366000, "last_edited_user": "ugdt_admin", "shape_Length": 407.84237654395474, "shape_Area": 10111.822582516577, "cultivo": "otros", "id": "X022"}}, {"type": "Feature", "id": 71141, "geometry": {"type": "Polygon", "coordinates": [[[-68.24925047141046, -34.84937429631426], [-68.24926194559158, -34.849013815897116], [-68.2505330949563, -34.849029317253276], [-68.25065781166043, -34.84909408350503], [-68.25065915015021, -34.849392628483756], [-68.24925047141046, -34.84937429631426]]]}, "properties": {"fid": 71141, "tipo_culti": "ANUALES", "globalid": "{7789703A-3F0B-453D-9390-B38FED064249}", "created_date": 1740061366000, "created_user": "ugdt_admin", "last_edited_date": 1740061366000, "last_edited_user": "ugdt_admin", "shape_Length": 404.19344666585766, "shape_Area": 7588.004483045203, "cultivo": "otros", "id": "X023"}}, {"type": "Feature", "id": 59274, "geometry": {"type": "Polygon", "coordinates": [[[-67.94535858186866, -34.8520591441504], [-67.94525797055682, -34.852103429038415], [-67.9443481748034, -34.85250375750579], [-67.9443216098238, -34.848120701516045], [-67.94533204294021, -34.8479954374144], [-67.94535858186866, -34.8520591441504]]]}, "properties": {"fid": 59274, "tipo_culti": "INCULTOS", "globalid": "{73CB1E61-B9D6-459C-8F25-4109F2B4B649}", "created_date": 1740061366000, "created_user": "ugdt_admin", "last_edited_date": 1740061366000, "last_edited_user": "ugdt_admin", "shape_Length": 1387.1875627915585, "shape_Area": 64553.10270584088, "cultivo": "otros", "id": "X024"}}, {"type": "Feature", "id": 47208, "geometry": {"type": "Polygon", "coordinates": [[[-68.0027619624848, -34.803335401004624], [-68.00481987883319, -34.80334287384305], [-68.00481451139936, -34.8041348588391], [-68.00276328660152, -34.80413266886344], [-68.0027619624848, -34.803335401004624]]]}, "properties": {"fid": 47208, "tipo_culti": "ANUALES", "globalid": "{8BCECDEA-3085-4994-B553-A5BDC4703272}", "created_date": 1740061366000, "created_user": "ugdt_admin", "last_edited_date": 1740061366000, "last_edited_user": "ugdt_admin", "shape_Length": 672.8892961361624, "shape_Area": 24639.205238378734, "cultivo": "otros", "id": "X025"}}, {"type": "Feature", "id": 24321, "geometry": {"type": "Polygon", "coordinates": [[[-67.53488250643586, -34.99557204097548], [-67.53548022296803, -34.99556375257145], [-67.53551519438206, -34.996360997825185], [-67.53540761573687, -34.99641765246833], [-67.53489037567775, -34.99642087345448], [-67.53488250643586, -34.99557204097548]]]}, "properties": {"fid": 24321, "tipo_culti": "ANUALES", "globalid": "{73E4B93B-3971-46CB-B6BD-D0D8AFF5D68E}", "created_date": 1740061366000, "created_user": "ugdt_admin", "last_edited_date": 1740061366000, "last_edited_user": "ugdt_admin", "shape_Length": 362.12204658995876, "shape_Area": 7840.48127214215, "cultivo": "otros", "id": "X026"}}, {"type": "Feature", "id": 49861, "geometry": {"type": "Polygon", "coordinates": [[[-68.10172425760037, -34.529545300494576], [-68.10005276414783, -34.529942686562094], [-68.09841214130006, -34.52669640564887], [-68.10012782377973, -34.52628629597788], [-68.10172425760037, -34.529545300494576]]]}, "properties": {"fid": 49861, "tipo_culti": "ANUALES", "globalid": "{DEA9213C-AD9F-4B30-98AD-273C6F3269AB}", "created_date": 1740061366000, "created_user": "ugdt_admin", "last_edited_date": 1740061366000, "last_edited_user": "ugdt_admin", "shape_Length": 1342.5406520217612, "shape_Area": 92688.31146802298, "cultivo": "otros", "id": "X027"}}, {"type": "Feature", "id": 63430, "geometry": {"type": "Polygon", "coordinates": [[[-68.04797443124595, -34.75290192724511], [-68.04797590088975, -34.753715881657406], [-68.04382934670855, -34.75374486545675], [-68.0438278096911, -34.75293082128539], [-68.04797443124595, -34.75290192724511]]]}, "properties": {"fid": 63430, "tipo_culti": "INCULTOS", "globalid": "{8CBBA309-6B23-4033-8BC2-FCF3872BB108}", "created_date": 1740061366000, "created_user": "ugdt_admin", "last_edited_date": 1740061366000, "last_edited_user": "ugdt_admin", "shape_Length": 1143.8012585419601, "shape_Area": 50909.06900537721, "cultivo": "otros", "id": "X028"}}, {"type": "Feature", "id": 30986, "geometry": {"type": "Polygon", "coordinates": [[[-67.98741451894347, -34.55771082259856], [-67.9879983861489, -34.558899740521866], [-67.98212411745308, -34.56087039356166], [-67.98152725611708, -34.559653847313314], [-67.98741451894347, -34.55771082259856]]]}, "properties": {"fid": 30986, "tipo_culti": "ANUALES", "globalid": "{6FA78FFD-F873-4E9E-847E-1029904B53F2}", "created_date": 1740061366000, "created_user": "ugdt_admin", "last_edited_date": 1740061366000, "last_edited_user": "ugdt_admin", "shape_Length": 1762.8430531195518, "shape_Area": 123812.51493483517, "cultivo": "otros", "id": "X029"}}, {"type": "Feature", "id": 899, "geometry": {"type": "Polygon", "coordinates": [[[-67.63977193700003, -35.01275312724366], [-67.63976739960954, -35.01184294887547], [-67.6413260305264, -35.01183769708976], [-67.64132754778092, -35.01215001220851], [-67.64179293348857, -35.012148642246615], [-67.64179618718654, -35.01279995427173], [-67.64086923989937, -35.012802825135694], [-67.64086900274414, -35.01275090750973], [-67.63977193700003, -35.01275312724366]]]}, "properties": {"fid": 899, "tipo_culti": "INCULTOS", "globalid": "{1362B2E2-C123-496E-BA64-6A222B1A046F}", "created_date": 1740061366000, "created_user": "ugdt_admin", "last_edited_date": 1740061366000, "last_edited_user": "ugdt_admin", "shape_Length": 712.3671708472613, "shape_Area": 26436.07181937634, "cultivo": "otros", "id": "X030"}}, {"type": "Feature", "id": 16814, "geometry": {"type": "Polygon", "coordinates": [[[-67.70785560003146, -34.982048021304756], [-67.70843553081933, -34.98184788298993], [-67.7091348557933, -34.98210615494602], [-67.7093221518351, -34.98252959733598], [-67.70930695862867, -34.98259054441431], [-67.7076135166388, -34.98258884275149], [-67.70785560003146, -34.982048021304756]]]}, "properties": {"fid": 16814, "tipo_culti": "INCULTOS", "globalid": "{9625C636-9CFE-45BB-8E3C-0FFADB7A75A2}", "created_date": 1740061366000, "created_user": "ugdt_admin", "last_edited_date": 1740061366000, "last_edited_user": "ugdt_admin", "shape_Length": 491.8657379499017, "shape_Area": 13865.5130510212, "cultivo": "otros", "id": "X031"}}, {"type": "Feature", "id": 47538, "geometry": {"type": "Polygon", "coordinates": [[[-67.78220875544943, -34.803373759502584], [-67.783209723916, -34.803922504691485], [-67.78282234251772, -34.80465854090516], [-67.78182189327738, -34.80411863133204], [-67.78220875544943, -34.803373759502584]]]}, "properties": {"fid": 47538, "tipo_culti": "ANUALES", "globalid": "{2E73C5D0-45E2-47C1-91FA-46DC0D9A49B4}", "created_date": 1740061366000, "created_user": "ugdt_admin", "last_edited_date": 1740061366000, "last_edited_user": "ugdt_admin", "shape_Length": 485.7384113194606, "shape_Area": 14362.879589655751, "cultivo": "otros", "id": "X032"}}, {"type": "Feature", "id": 37749, "geometry": {"type": "Polygon", "coordinates": [[[-68.06585571228501, -34.74538572947738], [-68.06588485363284, -34.74656081073473], [-68.06517544866308, -34.74657276325249], [-68.06514631719672, -34.745397772956295], [-68.06585571228501, -34.74538572947738]]]}, "properties": {"fid": 37749, "tipo_culti": "ANUALES", "globalid": "{3B35B956-AF77-4977-9DAA-D35FE1F5EAA0}", "created_date": 1740061366000, "created_user": "ugdt_admin", "last_edited_date": 1740061366000, "last_edited_user": "ugdt_admin", "shape_Length": 476.4197312481922, "shape_Area": 12576.518273924688, "cultivo": "otros", "id": "X033"}}, {"type": "Feature", "id": 30958, "geometry": {"type": "Polygon", "coordinates": [[[-68.05487364174833, -34.643332141551234], [-68.06654370411337, -34.64342762158092], [-68.0665406561296, -34.64347573218744], [-68.06638538772263, -34.64359839496645], [-68.06607970001458, -34.64382933519867], [-68.06603761035026, -34.643847851982926], [-68.06597852725572, -34.64385479087979], [-68.06577503548768, -34.64385224043433], [-68.06577359189501, -34.64367952240021], [-68.06561560877925, -34.64354824096323], [-68.06542702096009, -34.643549138906614], [-68.06541312492095, -34.64398080022929], [-68.0657004348949, -34.64400769995584], [-68.06572540985644, -34.643881426069065], [-68.0659347568435, -34.64387735097435], [-68.0660615270964, -34.64389373560316], [-68.06618951276988, -34.64393798295328], [-68.06635423684352, -34.644022712893545], [-68.06650065953987, -34.64411523521704], [-68.06616883085708, -34.64942045863152], [-68.05487364174833, -34.643332141551234]], [[-68.06538496633006, -34.64362291138924], [-68.06534908582098, -34.6436226364636], [-68.06534734758088, -34.64377757243196], [-68.06538322719167, -34.64377784735707], [-68.06538496633006, -34.64362291138924]]]}, "properties": {"fid": 30958, "tipo_culti": "INCULTOS", "globalid": "{64E29E90-A242-4FC9-B8DA-75C423BA18F3}", "created_date": 1740061366000, "created_user": "ugdt_admin", "last_edited_date": 1740061366000, "last_edited_user": "ugdt_admin", "shape_Length": 3954.9522082540775, "shape_Area": 522403.32251131104, "cultivo": "otros", "id": "X034"}}, {"type": "Feature", "id": 16349, "geometry": {"type": "Polygon", "coordinates": [[[-67.66163185553415, -34.938129342365634], [-67.66427647417102, -34.93812474346776], [-67.66428174638344, -34.938663602932266], [-67.6616350840793, -34.93865141537949], [-67.66163185553415, -34.938129342365634]]]}, "properties": {"fid": 16349, "tipo_culti": "ANUALES", "globalid": "{FE39D42F-336D-47CA-A818-C0838EEF9EDF}", "created_date": 1740061366000, "created_user": "ugdt_admin", "last_edited_date": 1740061366000, "last_edited_user": "ugdt_admin", "shape_Length": 733.0993752545683, "shape_Area": 21214.601520579963, "cultivo": "otros", "id": "X035"}}, {"type": "Feature", "id": 23696, "geometry": {"type": "Polygon", "coordinates": [[[-67.52329201414376, -34.9846477464795], [-67.5222581511681, -34.98464652178408], [-67.52225931807965, -34.98402095542245], [-67.51940217421622, -34.98401741673212], [-67.5193999975983, -34.9851904083932], [-67.51653527105556, -34.985186167618984], [-67.51655743339194, -34.983022912094285], [-67.52329490492235, -34.983005013814726], [-67.52329201414376, -34.9846477464795]], [[-67.52227364531014, -34.98335778613727], [-67.52227344588414, -34.98342375804716], [-67.52232896356533, -34.98342389273623], [-67.52232916388962, -34.983357921562465], [-67.52227364531014, -34.98335778613727]]]}, "properties": {"fid": 23696, "tipo_culti": "INCULTOS", "globalid": "{DCC92514-E893-449B-A9FE-17F96198A2A3}", "created_date": 1740061366000, "created_user": "ugdt_admin", "last_edited_date": 1740061366000, "last_edited_user": "ugdt_admin", "shape_Length": 2293.848025702952, "shape_Area": 162832.03123202964, "cultivo": "otros", "id": "X036"}}, {"type": "Feature", "id": 37397, "geometry": {"type": "Polygon", "coordinates": [[[-68.03940013223328, -34.56442066856161], [-68.03978035316045, -34.56522230278129], [-68.03820493901911, -34.56573379525414], [-68.03782473156669, -34.56493215634817], [-68.03940013223328, -34.56442066856161]]]}, "properties": {"fid": 37397, "tipo_culti": "ANUALES", "globalid": "{67C99BF7-DE25-497D-861C-DEE883E0D602}", "created_date": 1740061366000, "created_user": "ugdt_admin", "last_edited_date": 1740061366000, "last_edited_user": "ugdt_admin", "shape_Length": 609.7013622286922, "shape_Area": 21931.126469710485, "cultivo": "otros", "id": "X037"}}, {"type": "Feature", "id": 11035, "geometry": {"type": "Polygon", "coordinates": [[[-67.56536777344361, -35.11767029189746], [-67.56439663263774, -35.117530271054015], [-67.56438077467803, -35.11755883339456], [-67.56435488523152, -35.117552758818725], [-67.56378986018917, -35.11743511755499], [-67.56277136828635, -35.11937284959309], [-67.56275530012087, -35.11940086828417], [-67.55960673199948, -35.118254296219405], [-67.55976028642088, -35.11809911980193], [-67.56074245764016, -35.11736877324482], [-67.56146599310932, -35.11693646293554], [-67.5622759204577, -35.116730850645936], [-67.56264941569832, -35.116755288804626], [-67.563256048908, -35.11698293264163], [-67.56379200626439, -35.11711915843857], [-67.56427401888966, -35.11716668835919], [-67.56473042503774, -35.117079443848816], [-67.56501622674033, -35.11687562631198], [-67.56610532891943, -35.11544152787946], [-67.56659067070115, -35.11563040726778], [-67.56656230729436, -35.11568414797844], [-67.56615788755008, -35.11644823733505], [-67.56596553489155, -35.11623948029635], [-67.56587092791908, -35.11640545679736], [-67.56584532323855, -35.11644571033003], [-67.56582800461818, -35.11647632904312], [-67.56580012450503, -35.116464913802716], [-67.56574132078653, -35.11656570073088], [-67.56550822144503, -35.11664153278018], [-67.56544691412184, -35.116753736160994], [-67.5655058570792, -35.11677642474187], [-67.56531443956689, -35.11707743636866], [-67.5652736273069, -35.117102909759694], [-67.5655766101876, -35.11727043713556], [-67.56536777344361, -35.11767029189746]]]}, "properties": {"fid": 11035, "tipo_culti": "INCULTOS", "globalid": "{BC0834A0-9851-40A1-8E1C-97FA898D8610}", "created_date": 1740061366000, "created_user": "ugdt_admin", "last_edited_date": 1740061366000, "last_edited_user": "ugdt_admin", "shape_Length": 2257.339320368586, "shape_Area": 123434.31261804364, "cultivo": "otros", "id": "X038"}}, {"type": "Feature", "id": 10049, "geometry": {"type": "Polygon", "coordinates": [[[-67.55859820061652, -34.97137648551098], [-67.55997599797175, -34.971386435564895], [-67.55997583986826, -34.97139544633621], [-67.55996989032613, -34.97191046242297], [-67.55859223041315, -34.971898441020784], [-67.55859269933373, -34.97185293177899], [-67.55859820061652, -34.97137648551098]]]}, "properties": {"fid": 10049, "tipo_culti": "ANUALES", "globalid": "{E5BD719D-AABA-4A61-BCEB-5E659843D994}", "created_date": 1740061366000, "created_user": "ugdt_admin", "last_edited_date": 1740061366000, "last_edited_user": "ugdt_admin", "shape_Length": 448.8527298043863, "shape_Area": 10897.459219033623, "cultivo": "otros", "id": "X039"}}, {"type": "Feature", "id": 42114, "geometry": {"type": "Polygon", "coordinates": [[[-68.20592407577543, -34.72620788006714], [-68.20588569166165, -34.726625426121416], [-68.20507486869295, -34.72662130932242], [-68.20506485337584, -34.72651569076564], [-68.20498201074035, -34.72638787334156], [-68.20500694887096, -34.7262006365019], [-68.20592407577543, -34.72620788006714]]]}, "properties": {"fid": 42114, "tipo_culti": "ANUALES", "globalid": "{57BD537A-4E72-41A8-AE9F-A41BB562A405}", "created_date": 1740061366000, "created_user": "ugdt_admin", "last_edited_date": 1740061366000, "last_edited_user": "ugdt_admin", "shape_Length": 308.55233331487216, "shape_Area": 5576.995326808963, "cultivo": "otros", "id": "X040"}}, {"type": "Feature", "id": 10458, "geometry": {"type": "Polygon", "coordinates": [[[-67.52364236968099, -34.918512775690566], [-67.5244235177026, -34.91836093364944], [-67.52441628985783, -34.91996884058314], [-67.52363219446376, -34.919966705249884], [-67.52364236968099, -34.918512775690566]]]}, "properties": {"fid": 10458, "tipo_culti": "FRUTALES", "globalid": "{816E9DE2-2BDE-4AA6-8744-B5B806147C60}", "created_date": 1740061366000, "created_user": "ugdt_admin", "last_edited_date": 1740061366000, "last_edited_user": "ugdt_admin", "shape_Length": 592.3386388019048, "shape_Area": 18097.452094095563, "cultivo": "otros", "id": "X041"}}, {"type": "Feature", "id": 39831, "geometry": {"type": "Polygon", "coordinates": [[[-68.20637004349992, -34.72143493143965], [-68.20518125347711, -34.721460803331354], [-68.20467247914122, -34.72144197902056], [-68.20326623573419, -34.72145487361853], [-68.20269752041267, -34.72142546353618], [-68.20243846694598, -34.72141313155887], [-68.20227524216054, -34.72141467619415], [-68.19997495226363, -34.72144385000736], [-68.19958609403501, -34.721443008284815], [-68.19929592562184, -34.72145354089135], [-68.19911275105056, -34.72146342374595], [-68.19894538952325, -34.721305210804466], [-68.19899743791082, -34.7208777512637], [-68.19895868548775, -34.72087749653014], [-68.19893876714296, -34.72085996864375], [-68.19894746822482, -34.72076150407253], [-68.19896656640775, -34.720739545266916], [-68.19904836699752, -34.7207248496985], [-68.19912310503254, -34.72072930717484], [-68.1991843458804, -34.72071835213436], [-68.19921231762171, -34.72067058173192], [-68.19923428232872, -34.720464487474295], [-68.19922720450259, -34.720383314885524], [-68.19924238153932, -34.720349161917326], [-68.20208582699297, -34.72039233693741], [-68.20313283860946, -34.720372959349696], [-68.20329548038826, -34.72037510503158], [-68.20346065811115, -34.72037465241528], [-68.20364404648146, -34.72037639273606], [-68.20380213290348, -34.72037535238308], [-68.20394441885794, -34.72037141469495], [-68.2040992812264, -34.72037648281628], [-68.2044079288833, -34.72037381215858], [-68.20461764597627, -34.72037355890018], [-68.20482376801147, -34.72037247055361], [-68.20503062936015, -34.72036264368415], [-68.20637004349992, -34.72143493143965]], [[-68.19975984438065, -34.720960913240326], [-68.1996941254311, -34.720960751540055], [-68.1996939906838, -34.72099743755888], [-68.19975970963334, -34.720997598520725], [-68.19975984438065, -34.720960913240326]]]}, "properties": {"fid": 39831, "tipo_culti": "ANUALES", "globalid": "{12E66B50-93F0-42CD-AF8C-1FF32B3A1288}", "created_date": 1740061366000, "created_user": "ugdt_admin", "last_edited_date": 1740061366000, "last_edited_user": "ugdt_admin", "shape_Length": 1872.4284478877019, "shape_Area": 106922.27606014023, "cultivo": "otros", "id": "X042"}}, {"type": "Feature", "id": 38193, "geometry": {"type": "Polygon", "coordinates": [[[-68.18407545175938, -34.752711103658015], [-68.18407286820462, -34.752474111519746], [-68.18406302536407, -34.75155390879938], [-68.18537182402062, -34.75156267133352], [-68.18538117817769, -34.752700916763175], [-68.18407545175938, -34.752711103658015]]]}, "properties": {"fid": 38193, "tipo_culti": "INCULTOS", "globalid": "{2F38CA67-43CD-461A-8F42-5558E5A9D487}", "created_date": 1740061366000, "created_user": "ugdt_admin", "last_edited_date": 1740061366000, "last_edited_user": "ugdt_admin", "shape_Length": 602.0706076949929, "shape_Area": 22629.550514874718, "cultivo": "otros", "id": "X043"}}, {"type": "Feature", "id": 65505, "geometry": {"type": "Polygon", "coordinates": [[[-67.9458559988044, -34.65761248644237], [-67.94658863061417, -34.65761935916198], [-67.94657657073147, -34.65850341920748], [-67.94584382124242, -34.65849663449204], [-67.9458559988044, -34.65761248644237]]]}, "properties": {"fid": 65505, "tipo_culti": "INCULTOS", "globalid": "{45575EB8-E4C1-4A0D-9B0C-CFD0495560F7}", "created_date": 1740061366000, "created_user": "ugdt_admin", "last_edited_date": 1740061366000, "last_edited_user": "ugdt_admin", "shape_Length": 402.4478818031744, "shape_Area": 9760.095183613716, "cultivo": "otros", "id": "X044"}}, {"type": "Feature", "id": 29567, "geometry": {"type": "Polygon", "coordinates": [[[-68.40229449253017, -34.746839151230915], [-68.40306488771783, -34.74667932533773], [-68.40355510824985, -34.748290192091574], [-68.40291576288908, -34.74838729526545], [-68.40229449253017, -34.746839151230915]]]}, "properties": {"fid": 29567, "tipo_culti": "INCULTOS", "globalid": "{C24AC06E-48EC-4ABB-BD31-E3E8D315A807}", "created_date": 1740061366000, "created_user": "ugdt_admin", "last_edited_date": 1740061366000, "last_edited_user": "ugdt_admin", "shape_Length": 606.6366392861491, "shape_Area": 17867.643152649594, "cultivo": "otros", "id": "X045"}}, {"type": "Feature", "id": 4760, "geometry": {"type": "Polygon", "coordinates": [[[-67.4879577436403, -35.00020682212154], [-67.48795728280454, -35.00032713652358], [-67.48866624041328, -35.00032893715798], [-67.48866338916056, -35.00074006281836], [-67.48784184929053, -35.000725323738614], [-67.48782755619605, -35.000710364636916], [-67.48781005881092, -35.0006910397311], [-67.48780179610695, -35.000675795113054], [-67.48779865829168, -35.00066773460384], [-67.48779345165627, -35.00020666759202], [-67.4879577436403, -35.00020682212154]]]}, "properties": {"fid": 4760, "tipo_culti": "FRUTALES", "globalid": "{3F9376BB-FD38-402F-9655-C7D9944F96CB}", "created_date": 1740061366000, "created_user": "ugdt_admin", "last_edited_date": 1740061366000, "last_edited_user": "ugdt_admin", "shape_Length": 332.83525381499356, "shape_Area": 5591.370129984733, "cultivo": "otros", "id": "X046"}}, {"type": "Feature", "id": 50826, "geometry": {"type": "Polygon", "coordinates": [[[-67.789669497446, -34.95066601459339], [-67.78968909060067, -34.95094165325714], [-67.78907301609736, -34.95121573372968], [-67.78903071532893, -34.95060106111081], [-67.7895152612033, -34.95039011508798], [-67.78963693800854, -34.95039367142977], [-67.789669497446, -34.95066601459339]]]}, "properties": {"fid": 50826, "tipo_culti": "FRUTALES", "globalid": "{FDDCA7A4-3F4B-4B25-9E09-0175B59A5949}", "created_date": 1740061366000, "created_user": "ugdt_admin", "last_edited_date": 1740061366000, "last_edited_user": "ugdt_admin", "shape_Length": 310.940000648977, "shape_Area": 5777.809874195483, "cultivo": "otros", "id": "X047"}}, {"type": "Feature", "id": 58450, "geometry": {"type": "Polygon", "coordinates": [[[-68.04909770084689, -34.707086005968975], [-68.04931711525336, -34.70799036295662], [-68.04424851499316, -34.70878160296391], [-68.04404825626183, -34.70786765224547], [-68.04909770084689, -34.707086005968975]]]}, "properties": {"fid": 58450, "tipo_culti": "ANUALES", "globalid": "{E62E2653-3D60-4B5D-A21D-BA042A7292C2}", "created_date": 1740061366000, "created_user": "ugdt_admin", "last_edited_date": 1740061366000, "last_edited_user": "ugdt_admin", "shape_Length": 1396.9263771345468, "shape_Area": 71820.6475103426, "cultivo": "otros", "id": "X048"}}, {"type": "Feature", "id": 13251, "geometry": {"type": "Polygon", "coordinates": [[[-67.68572228013895, -35.15738298388435], [-67.68969835114723, -35.15880339283151], [-67.68682089278198, -35.164232993272826], [-67.68164906531585, -35.16239255281031], [-67.68457142956385, -35.1569718565438], [-67.68572228013895, -35.15738298388435]]]}, "properties": {"fid": 13251, "tipo_culti": "INCULTOS", "globalid": "{E33B1111-8775-4694-A478-CAF0209D9AE7}", "created_date": 1740061366000, "created_user": "ugdt_admin", "last_edited_date": 1740061366000, "last_edited_user": "ugdt_admin", "shape_Length": 2863.0736109949225, "shape_Area": 504149.666251841, "cultivo": "otros", "id": "X049"}}, {"type": "Feature", "id": 41988, "geometry": {"type": "Polygon", "coordinates": [[[-68.55753645309656, -34.570850042615], [-68.55957231760138, -34.57130992699025], [-68.56099915847952, -34.571598749318206], [-68.5635781192523, -34.57361856325314], [-68.560768084839, -34.57678686045602], [-68.559482848094, -34.57554536702195], [-68.55781382770347, -34.57323201410554], [-68.55766294127845, -34.573222543316355], [-68.55733402313716, -34.570902674145586], [-68.55736177389294, -34.57086869995012], [-68.55742964969748, -34.570851187663465], [-68.55753645309656, -34.570850042615]]]}, "properties": {"fid": 41988, "tipo_culti": "ANUALES", "globalid": "{92FC5675-FE60-48C5-BC48-9935B3B1E2B1}", "created_date": 1740061366000, "created_user": "ugdt_admin", "last_edited_date": 1740061366000, "last_edited_user": "ugdt_admin", "shape_Length": 2267.470812842741, "shape_Area": 298885.6776996629, "cultivo": "otros", "id": "X050"}}, {"type": "Feature", "id": 8581, "geometry": {"type": "Polygon", "coordinates": [[[-67.5259580126844, -35.18013874304128], [-67.5263347086224, -35.17942962339151], [-67.52833699589853, -35.180193363365376], [-67.52796212174393, -35.18088745995436], [-67.5259580126844, -35.18013874304128]]]}, "properties": {"fid": 8581, "tipo_culti": "ANUALES", "globalid": "{0113499A-88E3-48B1-856F-8AB08FCA4E34}", "created_date": 1740061366000, "created_user": "ugdt_admin", "last_edited_date": 1740061366000, "last_edited_user": "ugdt_admin", "shape_Length": 699.8920402884183, "shape_Area": 25617.180738883028, "cultivo": "otros", "id": "X051"}}, {"type": "Feature", "id": 59840, "geometry": {"type": "Polygon", "coordinates": [[[-67.78806940478721, -34.833119246546495], [-67.78860095680545, -34.831927835414994], [-67.78918710483339, -34.8321057370839], [-67.78931464673911, -34.83212981052355], [-67.78940357725729, -34.83211077548845], [-67.7903057238561, -34.83181960563458], [-67.79041897446398, -34.83179693604959], [-67.79049265158862, -34.83180433920645], [-67.79056495339259, -34.831831016373414], [-67.7897015888612, -34.833647548227475], [-67.78806940478721, -34.833119246546495]]]}, "properties": {"fid": 59840, "tipo_culti": "INCULTOS", "globalid": "{CA938E64-DDEC-4943-82B3-7B2A98747850}", "created_date": 1740061366000, "created_user": "ugdt_admin", "last_edited_date": 1740061366000, "last_edited_user": "ugdt_admin", "shape_Length": 864.1641639699271, "shape_Area": 40209.106980262964, "cultivo": "otros", "id": "X052"}}, {"type": "Feature", "id": 32412, "geometry": {"type": "Polygon", "coordinates": [[[-68.36808913394592, -34.74513985862247], [-68.36850042580213, -34.746427030697966], [-68.36796250652516, -34.746423789569384], [-68.36758716614493, -34.745249206822066], [-68.36808913394592, -34.74513985862247]], [[-68.36807773791821, -34.74571849969031], [-68.36807562867392, -34.745766082892686], [-68.36822291105803, -34.74577045265673], [-68.36822502120063, -34.74572286945688], [-68.36807773791821, -34.74571849969031]]]}, "properties": {"fid": 32412, "tipo_culti": "ANUALES", "globalid": "{3C30A27A-8E94-48B5-AFFA-95C4B5E4BC9D}", "created_date": 1740061366000, "created_user": "ugdt_admin", "last_edited_date": 1740061366000, "last_edited_user": "ugdt_admin", "shape_Length": 508.2195837728345, "shape_Area": 9860.61434649843, "cultivo": "otros", "id": "X053"}}, {"type": "Feature", "id": 68517, "geometry": {"type": "Polygon", "coordinates": [[[-68.23359607982476, -34.71695047933065], [-68.23468533471745, -34.71689071302229], [-68.23480958519599, -34.71633145612171], [-68.23568934937117, -34.71628316482857], [-68.23570263275927, -34.717532674502664], [-68.23351163639143, -34.717643031689676], [-68.23344482778542, -34.717631073510525], [-68.23359607982476, -34.71695047933065]]]}, "properties": {"fid": 68517, "tipo_culti": "ANUALES", "globalid": "{4ABF490E-3C31-4B6A-9F42-D178631A4441}", "created_date": 1740061366000, "created_user": "ugdt_admin", "last_edited_date": 1740061366000, "last_edited_user": "ugdt_admin", "shape_Length": 811.5640349348475, "shape_Area": 30634.36094611958, "cultivo": "otros", "id": "X054"}}, {"type": "Feature", "id": 67162, "geometry": {"type": "Polygon", "coordinates": [[[-67.87093603878152, -34.58517682341351], [-67.87095421169973, -34.58374460450195], [-67.87192636850021, -34.58375296398187], [-67.87192034170296, -34.58394084682458], [-67.8722794198816, -34.5839675115989], [-67.87227135031539, -34.584605165022936], [-67.87177287785919, -34.584610472938266], [-67.8717634922611, -34.58518384561066], [-67.87093603878152, -34.58517682341351]]]}, "properties": {"fid": 67162, "tipo_culti": "INCULTOS", "globalid": "{3FF86783-E368-4A42-A2BD-37F4F25B5592}", "created_date": 1740061366000, "created_user": "ugdt_admin", "last_edited_date": 1740061366000, "last_edited_user": "ugdt_admin", "shape_Length": 678.8077495172098, "shape_Area": 23206.34750796534, "cultivo": "otros", "id": "X055"}}, {"type": "Feature", "id": 40112, "geometry": {"type": "Polygon", "coordinates": [[[-68.04732192376964, -34.69859408231092], [-68.05723468021633, -34.699029839457395], [-68.05724080852319, -34.69934591230408], [-68.05706375327564, -34.6993388635788], [-68.05705753244229, -34.699444728072386], [-68.05724287734328, -34.699452201454584], [-68.05725858977591, -34.70026077473263], [-68.05702818807522, -34.70025151045838], [-68.0570206053959, -34.70038116145984], [-68.04764918092599, -34.69997972348668], [-68.04732192376964, -34.69859408231092]]]}, "properties": {"fid": 40112, "tipo_culti": "INCULTOS", "globalid": "{05AD0CD7-F76F-4BAA-9E42-58A8C1E70911}", "created_date": 1740061366000, "created_user": "ugdt_admin", "last_edited_date": 1740061366000, "last_edited_user": "ugdt_admin", "shape_Length": 2591.109426409531, "shape_Area": 200241.67992313934, "cultivo": "otros", "id": "X056"}}, {"type": "Feature", "id": 62145, "geometry": {"type": "Polygon", "coordinates": [[[-68.31546889145058, -34.72014537350991], [-68.31547268593434, -34.72017514067761], [-68.31102013682126, -34.72025974169342], [-68.31090536536561, -34.71936904804607], [-68.31235744620831, -34.719353005443956], [-68.31386881046987, -34.719336287228394], [-68.31536401673442, -34.71931973071294], [-68.31546889145058, -34.72014537350991]]]}, "properties": {"fid": 62145, "tipo_culti": "INCULTOS", "globalid": "{DD4CC2A6-DAFD-4F62-92E0-46D08E8124BD}", "created_date": 1740061366000, "created_user": "ugdt_admin", "last_edited_date": 1740061366000, "last_edited_user": "ugdt_admin", "shape_Length": 1229.9537189683363, "shape_Area": 58758.70759544606, "cultivo": "otros", "id": "X057"}}, {"type": "Feature", "id": 20984, "geometry": {"type": "Polygon", "coordinates": [[[-67.55426776848317, -34.9540196055653], [-67.55427110392782, -34.954521574547904], [-67.55427142642301, -34.95457177974415], [-67.55427738584662, -34.95543546790251], [-67.55091973214789, -34.955431770418066], [-67.55091874400108, -34.95528890470387], [-67.55217336616117, -34.952975294076246], [-67.55318283179204, -34.952965874116565], [-67.55426050829905, -34.95295572523896], [-67.55426776848317, -34.9540196055653]]]}, "properties": {"fid": 20984, "tipo_culti": "INCULTOS", "globalid": "{F03F1104-B29B-48AA-A60A-CB7F2EADB7B8}", "created_date": 1740061366000, "created_user": "ugdt_admin", "last_edited_date": 1740061366000, "last_edited_user": "ugdt_admin", "shape_Length": 1306.2098980895894, "shape_Area": 102886.85772593661, "cultivo": "otros", "id": "X058"}}, {"type": "Feature", "id": 7719, "geometry": {"type": "Polygon", "coordinates": [[[-67.5291548418961, -35.17937459431673], [-67.52844782734333, -35.17911770899517], [-67.52877748300145, -35.17848344514883], [-67.52949216916677, -35.17873474339532], [-67.5291548418961, -35.17937459431673]]]}, "properties": {"fid": 7719, "tipo_culti": "ANUALES", "globalid": "{615D7E6B-E7FB-46F0-952D-B7C9801F49CB}", "created_date": 1740061366000, "created_user": "ugdt_admin", "last_edited_date": 1740061366000, "last_edited_user": "ugdt_admin", "shape_Length": 361.4836353500342, "shape_Area": 8150.454618627052, "cultivo": "otros", "id": "X059"}}, {"type": "Feature", "id": 5091, "geometry": {"type": "Polygon", "coordinates": [[[-67.49013082670305, -35.00500540635033], [-67.49012945767056, -35.005693873108896], [-67.48654339742941, -35.00568877103275], [-67.48654490659908, -35.005000306438696], [-67.49013082670305, -35.00500540635033]]]}, "properties": {"fid": 5091, "tipo_culti": "FRUTALES", "globalid": "{BB75F224-E77A-4E09-B854-B75DAD9D1371}", "created_date": 1740061366000, "created_user": "ugdt_admin", "last_edited_date": 1740061366000, "last_edited_user": "ugdt_admin", "shape_Length": 985.514378857644, "shape_Area": 37350.718859102664, "cultivo": "otros", "id": "X060"}}, {"type": "Feature", "id": 25292, "geometry": {"type": "Polygon", "coordinates": [[[-67.72320238600602, -35.00290143439596], [-67.71563257326258, -35.00285203070729], [-67.71577983049384, -35.00279347177153], [-67.71603010562357, -35.002647403902], [-67.71637115910605, -35.00248904733785], [-67.71661046760278, -35.00237873464685], [-67.71694653094382, -35.002224108255355], [-67.71943658904618, -35.00105284121195], [-67.71972270515911, -35.00091859017093], [-67.71992622746988, -35.001058817027925], [-67.72117689883937, -35.00107299238868], [-67.723207762423, -35.00106787457157], [-67.72320238600602, -35.00290143439596]]]}, "properties": {"fid": 25292, "tipo_culti": "INCULTOS", "globalid": "{3D77C30B-047D-4378-8F15-FFAE166B447B}", "created_date": 1740061366000, "created_user": "ugdt_admin", "last_edited_date": 1740061366000, "last_edited_user": "ugdt_admin", "shape_Length": 2012.6901787777333, "shape_Area": 157160.4719457032, "cultivo": "otros", "id": "X061"}}, {"type": "Feature", "id": 32007, "geometry": {"type": "Polygon", "coordinates": [[[-68.0271525663283, -34.63373624695971], [-68.0252470940836, -34.63319335828913], [-68.02563759353424, -34.632262456811866], [-68.02755168511409, -34.632784766417586], [-68.0271525663283, -34.63373624695971]]]}, "properties": {"fid": 32007, "tipo_culti": "ANUALES", "globalid": "{7DBDBE55-05BB-4E4F-8073-158976505BBD}", "created_date": 1740061366000, "created_user": "ugdt_admin", "last_edited_date": 1740061366000, "last_edited_user": "ugdt_admin", "shape_Length": 718.3741053317387, "shape_Area": 30237.90802803752, "cultivo": "otros", "id": "X062"}}, {"type": "Feature", "id": 8675, "geometry": {"type": "Polygon", "coordinates": [[[-67.60052416314781, -34.91655455810166], [-67.59601136762188, -34.91650033206455], [-67.59606056655336, -34.91469081585905], [-67.59519256581683, -34.91467708741211], [-67.59521585823383, -34.91211567644555], [-67.60057925862081, -34.91216143247896], [-67.60052416314781, -34.91655455810166]]]}, "properties": {"fid": 8675, "tipo_culti": "INCULTOS", "globalid": "{037A5BC5-A0DB-4331-90BD-94A4FD1C5D59}", "created_date": 1740061366000, "created_user": "ugdt_admin", "last_edited_date": 1740061366000, "last_edited_user": "ugdt_admin", "shape_Length": 2386.000464404993, "shape_Area": 331535.3938927271, "cultivo": "otros", "id": "X063"}}, {"type": "Feature", "id": 25781, "geometry": {"type": "Polygon", "coordinates": [[[-68.27427830598056, -34.580417339735035], [-68.27373437877095, -34.58060241147012], [-68.27314880207153, -34.58080156416931], [-68.27262764445946, -34.5797485762508], [-68.27375484239313, -34.57936497340667], [-68.27427830598056, -34.580417339735035]]]}, "properties": {"fid": 25781, "tipo_culti": "ANUALES", "globalid": "{60ED75F5-AF1C-49DA-88C2-8296891F8C3A}", "created_date": 1740061366000, "created_user": "ugdt_admin", "last_edited_date": 1740061366000, "last_edited_user": "ugdt_admin", "shape_Length": 579.3132696902877, "shape_Area": 20895.898442603713, "cultivo": "otros", "id": "X064"}}, {"type": "Feature", "id": 10925, "geometry": {"type": "Polygon", "coordinates": [[[-67.59608876467014, -35.11374783755267], [-67.59529883831156, -35.11521001532136], [-67.59431210454896, -35.117036091231206], [-67.59429273327818, -35.117071827621714], [-67.59412215847709, -35.117008562575265], [-67.59178133120469, -35.11613995683932], [-67.59084435063409, -35.11774685110182], [-67.591324373491, -35.11793034277466], [-67.59045503606131, -35.119512153797906], [-67.59042582015334, -35.11956525930254], [-67.58981135183775, -35.11934108423913], [-67.5888632231745, -35.118995134917974], [-67.59300351430156, -35.11158226053104], [-67.59715538740757, -35.11177386928106], [-67.59608876467014, -35.11374783755267]]]}, "properties": {"fid": 10925, "tipo_culti": "INCULTOS", "globalid": "{D4F14A64-48E5-4F93-BFD3-3C58874D3F7B}", "created_date": 1740061366000, "created_user": "ugdt_admin", "last_edited_date": 1740061366000, "last_edited_user": "ugdt_admin", "shape_Length": 3402.962796543349, "shape_Area": 386182.83035379165, "cultivo": "otros", "id": "X065"}}, {"type": "Feature", "id": 42134, "geometry": {"type": "Polygon", "coordinates": [[[-68.22137730851789, -34.65665161167536], [-68.22037523242858, -34.656128793258915], [-68.22069033807404, -34.65486298194046], [-68.22170125268745, -34.65537242313544], [-68.22137730851789, -34.65665161167536]]]}, "properties": {"fid": 42134, "tipo_culti": "ANUALES", "globalid": "{2DD1B43C-A1C0-44E2-A88A-9007BA944F30}", "created_date": 1740061366000, "created_user": "ugdt_admin", "last_edited_date": 1740061366000, "last_edited_user": "ugdt_admin", "shape_Length": 615.7533253008153, "shape_Area": 21778.859595266153, "cultivo": "otros", "id": "X066"}}, {"type": "Feature", "id": 30965, "geometry": {"type": "Polygon", "coordinates": [[[-68.05514727127883, -34.64154544827194], [-68.05329131956248, -34.6414977023833], [-68.05370004852517, -34.63942794124106], [-68.05556423150446, -34.639447801185796], [-68.05514727127883, -34.64154544827194]]]}, "properties": {"fid": 30965, "tipo_culti": "ANUALES", "globalid": "{EBCD3F4C-7A59-477F-8A25-A7A466716426}", "created_date": 1740061366000, "created_user": "ugdt_admin", "last_edited_date": 1740061366000, "last_edited_user": "ugdt_admin", "shape_Length": 985.5521297673796, "shape_Area": 58587.923222137324, "cultivo": "otros", "id": "X067"}}, {"type": "Feature", "id": 50276, "geometry": {"type": "Polygon", "coordinates": [[[-67.7430599642634, -34.953823269347346], [-67.74794236801971, -34.95381394520043], [-67.7479441305143, -34.95441784497397], [-67.74794420507448, -34.954463362427774], [-67.7430617564024, -34.95446592610621], [-67.7430599642634, -34.953823269347346]]]}, "properties": {"fid": 50276, "tipo_culti": "FRUTALES", "globalid": "{1B78C82C-E8A7-49B6-9289-0ABC82D240F9}", "created_date": 1740061366000, "created_user": "ugdt_admin", "last_edited_date": 1740061366000, "last_edited_user": "ugdt_admin", "shape_Length": 1262.5098551449628, "shape_Area": 47690.48085983762, "cultivo": "otros", "id": "X068"}}, {"type": "Feature", "id": 69981, "geometry": {"type": "Polygon", "coordinates": [[[-68.2273075665104, -34.95060725855413], [-68.2260028731547, -34.9505703787159], [-68.22630422918641, -34.95051488221507], [-68.22659086722054, -34.95042954555854], [-68.22681120868839, -34.95038597044021], [-68.2270893836942, -34.950350785471976], [-68.2274605963157, -34.95017711055108], [-68.22771897694423, -34.95004616309603], [-68.22799609014139, -34.94994886538766], [-68.2284173281444, -34.94989205194896], [-68.22873568928448, -34.949843867995995], [-68.22915435181758, -34.949629387211886], [-68.22942576969585, -34.94945011553481], [-68.22965091804876, -34.94933707034961], [-68.2298979358873, -34.94927337859035], [-68.23014010372158, -34.9492483233383], [-68.23034830715329, -34.94924964281105], [-68.2304134646558, -34.949247351405255], [-68.23049502270044, -34.94922380190563], [-68.23054404466382, -34.94920265940752], [-68.230619569623, -34.94913355269128], [-68.2307727180059, -34.94911045672848], [-68.23089964815892, -34.949116578444126], [-68.2311368132754, -34.94915828031879], [-68.23122698167204, -34.94920914706399], [-68.23122695651921, -34.94922356923066], [-68.23122146871114, -34.949389204912535], [-68.22977655283114, -34.94934129236317], [-68.22969155064571, -34.94937013812013], [-68.2296504787726, -34.949419091796955], [-68.22964885012699, -34.94978043801987], [-68.22960780969491, -34.94977918629602], [-68.22961263724125, -34.950152470851144], [-68.22961487674125, -34.95032257254456], [-68.22760109552108, -34.950265706350976], [-68.22752541694996, -34.9502808189846], [-68.2274954850847, -34.95029730408516], [-68.22745516869475, -34.95032390819868], [-68.22739920904243, -34.95039584131356], [-68.22739097777949, -34.95046807845805], [-68.22738639816816, -34.95060613790443], [-68.2273075665104, -34.95060725855413]]]}, "properties": {"fid": 69981, "tipo_culti": "INCULTOS", "globalid": "{6F9C05A2-AA6B-45D8-B82E-8D312EE673F1}", "created_date": 1740061366000, "created_user": "ugdt_admin", "last_edited_date": 1740061366000, "last_edited_user": "ugdt_admin", "shape_Length": 1400.3275588196075, "shape_Area": 23290.20859039521, "cultivo": "otros", "id": "X069"}}, {"type": "Feature", "id": 40440, "geometry": {"type": "Polygon", "coordinates": [[[-68.29483898842429, -34.66685636653819], [-68.29524077790143, -34.667632278904854], [-68.2961822257939, -34.669526709409666], [-68.29690025728534, -34.671060722688175], [-68.2968911860976, -34.6712046258261], [-68.29688855403381, -34.67130944395814], [-68.29690808879798, -34.67142511713948], [-68.29681411873106, -34.67151904288441], [-68.29675041919427, -34.67154265267023], [-68.29673208457932, -34.67154317795595], [-68.29667025713158, -34.67153903551289], [-68.2966039955996, -34.67151719958171], [-68.29654316707844, -34.67148520959227], [-68.29638238032068, -34.67137773495812], [-68.29631087532238, -34.67129222916491], [-68.29620502503582, -34.67113955068882], [-68.29614436180468, -34.67108809015433], [-68.29610939218732, -34.67106886872702], [-68.29603385824497, -34.671046979478085], [-68.29599187009026, -34.67104484359893], [-68.29587093529345, -34.67107605506045], [-68.29582476907437, -34.67110364194584], [-68.29576503470125, -34.67112285745464], [-68.29572528514824, -34.671127044985454], [-68.29562441512162, -34.67112078289803], [-68.29555510021596, -34.67109892912535], [-68.29552466439584, -34.67108541199514], [-68.29540984083789, -34.67101344742484], [-68.2951145996383, -34.67080757153545], [-68.294852524239, -34.67061504758956], [-68.2948017442726, -34.670568962290176], [-68.29477632105176, -34.67053059528738], [-68.2947694399567, -34.67051856676178], [-68.29458647738782, -34.67015757571808], [-68.2945207252006, -34.670062998275135], [-68.29443430547364, -34.669974070423265], [-68.2942956424247, -34.66984445602047], [-68.29422578314, -34.66978401808999], [-68.29417865302862, -34.66975787440846], [-68.29411016726799, -34.66972845259815], [-68.29389601519247, -34.669674840496256], [-68.29379975352325, -34.66967870006635], [-68.29356731803674, -34.66973540410485], [-68.2934574486876, -34.669761268521654], [-68.29340389652025, -34.66977204560588], [-68.29338379402083, -34.669775264619524], [-68.29331014923551, -34.66978808821704], [-68.29328329859169, -34.66980226458099], [-68.29312995437604, -34.6698855672935], [-68.29301923791559, -34.66997272209052], [-68.2929954002212, -34.66997889412961], [-68.29297246802864, -34.66998128492652], [-68.29294803564953, -34.669980512128774], [-68.29287175790213, -34.669969342762215], [-68.29271616250841, -34.669957984258154], [-68.29268633035613, -34.66996348988944], [-68.29265952642469, -34.66997216798117], [-68.29225686558173, -34.67017246792636], [-68.29211949341185, -34.67026343320292], [-68.29208545444911, -34.67030172570973], [-68.29207232646955, -34.67031868655836], [-68.29206528098277, -34.67033883684291], [-68.29203784014578, -34.67040952829333], [-68.29200923239725, -34.67043775668632], [-68.2919608994417, -34.67046343618181], [-68.2919088609356, -34.67047575358933], [-68.29183850937414, -34.670486071780914], [-68.29175815327535, -34.670492545954154], [-68.29171691341729, -34.67049230584162], [-68.29163753738045, -34.670486166348326], [-68.29136142041494, -34.67041893849755], [-68.29119360164513, -34.6703439575293], [-68.29105014428752, -34.670227021689215], [-68.29094400384513, -34.67010967268858], [-68.29082236836241, -34.66995419341065], [-68.29077052029916, -34.669918556036976], [-68.29066780513293, -34.669885868729295], [-68.29048765698586, -34.66984948512455], [-68.29033919241886, -34.66984645746651], [-68.29020409119, -34.669850087996416], [-68.29006748258811, -34.66987687515526], [-68.28995634122455, -34.66989831255975], [-68.28987443373525, -34.66993326062976], [-68.28973630787885, -34.67002268722358], [-68.28955208766858, -34.670207754255856], [-68.28948486134598, -34.67024828612154], [-68.28943659756071, -34.67026567253561], [-68.28936686044689, -34.67028077011355], [-68.28928544882764, -34.67027029009706], [-68.28922817943165, -34.67024345504279], [-68.28915400284369, -34.67015243063941], [-68.28912409074137, -34.67011610995067], [-68.28911380413304, -34.670068726281734], [-68.28911257793268, -34.670033383743295], [-68.28911437546157, -34.67000175446003], [-68.28911982374376, -34.66998979752243], [-68.28915146959459, -34.66995086136561], [-68.28938891768038, -34.66966532751221], [-68.28946648451023, -34.66949992065996], [-68.2895435015711, -34.66938607114762], [-68.28955198436233, -34.669325365430524], [-68.28954578239362, -34.6692722362552], [-68.28945727857518, -34.66910865572035], [-68.28953019303017, -34.669091953949916], [-68.28981537399689, -34.66897850579569], [-68.29002037583294, -34.66883808898856], [-68.29018228009492, -34.66871058141129], [-68.29034489672091, -34.6685123163509], [-68.29058219388972, -34.668358745420065], [-68.29099197657627, -34.66821834677197], [-68.29134658653466, -34.668279000104704], [-68.29160809509702, -34.668292779237724], [-68.29180680513282, -34.66826292543169], [-68.29199569388761, -34.66811790376827], [-68.29223965026763, -34.66780941622463], [-68.29288468915065, -34.66721489464679], [-68.29354118694343, -34.666953055550884], [-68.29408378464642, -34.66683225522174], [-68.29444250439724, -34.666909599222784], [-68.29483898842429, -34.66685636653819]]]}, "properties": {"fid": 40440, "tipo_culti": "INCULTOS", "globalid": "{8864474F-D7AE-4D76-B0E1-5758CF38CFA3}", "created_date": 1740061366000, "created_user": "ugdt_admin", "last_edited_date": 1740061366000, "last_edited_user": "ugdt_admin", "shape_Length": 2636.910714192517, "shape_Area": 253045.1436931381, "cultivo": "otros", "id": "X070"}}, {"type": "Feature", "id": 17166, "geometry": {"type": "Polygon", "coordinates": [[[-67.71716823156268, -34.974779305499546], [-67.71770989950933, -34.97477412126303], [-67.7181705304342, -34.974769431674396], [-67.71860944458707, -34.974774064584594], [-67.71897048288966, -34.97475894689858], [-67.71901044354676, -34.97475936867454], [-67.71902514088312, -34.97477187179158], [-67.71903745229409, -34.9747829071562], [-67.71903691869481, -34.974817151225814], [-67.71903565027363, -34.97489861645694], [-67.71901287798117, -34.97497570854533], [-67.71897822187584, -34.97506358120392], [-67.71894605679877, -34.975167252991945], [-67.7189135332939, -34.975230632404], [-67.71890290622409, -34.97528721260585], [-67.71889216506824, -34.97538633294017], [-67.71889810922048, -34.975489776135724], [-67.71890765741364, -34.97563606913059], [-67.71895089781982, -34.975756399775555], [-67.71901647573388, -34.975911935903895], [-67.71908725040186, -34.976036162174054], [-67.71919757429853, -34.97614512287529], [-67.71929363025355, -34.97619291376011], [-67.71953251923706, -34.97626609609769], [-67.71974587360862, -34.97630548025894], [-67.7199650140289, -34.9763389758453], [-67.72014632549428, -34.97637567773543], [-67.7213765278517, -34.97666813590371], [-67.72213420379325, -34.97682149375586], [-67.72219105098105, -34.97683462074126], [-67.7222164508457, -34.9768490380464], [-67.72222844964297, -34.97685907870754], [-67.72223968307559, -34.976876051625034], [-67.72224110780364, -34.97690418769305], [-67.72223937315684, -34.97693129841396], [-67.72222717134032, -34.976969566382536], [-67.72209075407959, -34.977637622569766], [-67.72199871000063, -34.97802205364004], [-67.71814455115617, -34.977947263119155], [-67.7181244504534, -34.976145424664494], [-67.71716836361504, -34.97613298285108], [-67.71716823156268, -34.974779305499546]]]}, "properties": {"fid": 17166, "tipo_culti": "INCULTOS", "globalid": "{B809F0D0-3559-4EB4-9FBD-DAFBBF8E593D}", "created_date": 1740061366000, "created_user": "ugdt_admin", "last_edited_date": 1740061366000, "last_edited_user": "ugdt_admin", "shape_Length": 1882.2906116706376, "shape_Area": 132910.9085372098, "cultivo": "otros", "id": "X071"}}, {"type": "Feature", "id": 41055, "geometry": {"type": "Polygon", "coordinates": [[[-68.06378376065862, -34.687417115164436], [-68.06418151490348, -34.687446670296964], [-68.06397658223771, -34.689336747564184], [-68.06360189313608, -34.68931259625773], [-68.06378376065862, -34.687417115164436]]]}, "properties": {"fid": 41055, "tipo_culti": "INCULTOS", "globalid": "{3680F88D-B0D4-47DF-B496-E5DAA9DE5969}", "created_date": 1740061366000, "created_user": "ugdt_admin", "last_edited_date": 1740061366000, "last_edited_user": "ugdt_admin", "shape_Length": 600.6067835276198, "shape_Area": 11095.439985853876, "cultivo": "otros", "id": "X072"}}, {"type": "Feature", "id": 39492, "geometry": {"type": "Polygon", "coordinates": [[[-68.21304303665418, -34.73896273026068], [-68.20938251236417, -34.738975980150855], [-68.20938454614998, -34.73892299165035], [-68.20934300355967, -34.738744696955784], [-68.20930299169859, -34.738382888802235], [-68.20930766024313, -34.73797305659804], [-68.20942678044307, -34.73753836685597], [-68.20955781230367, -34.73753822585799], [-68.20964608705168, -34.7376478668529], [-68.21005617696204, -34.73774337102955], [-68.21039670582837, -34.737839594109104], [-68.21067591928667, -34.73790765673515], [-68.21100559380942, -34.73793971849417], [-68.2114018972751, -34.73799258286856], [-68.21187864936607, -34.73805984810751], [-68.21217782069503, -34.73807314095831], [-68.21254673542602, -34.738066603418375], [-68.21290692032908, -34.73810561826216], [-68.21305906170053, -34.73813634674794], [-68.2130838022018, -34.73845217418011], [-68.21304303665418, -34.73896273026068]]]}, "properties": {"fid": 39492, "tipo_culti": "INCULTOS", "globalid": "{9FE05657-CE44-4273-9078-A88B2A0EB7D6}", "created_date": 1740061366000, "created_user": "ugdt_admin", "last_edited_date": 1740061366000, "last_edited_user": "ugdt_admin", "shape_Length": 1136.7008422291074, "shape_Area": 58991.72660012607, "cultivo": "otros", "id": "X073"}}, {"type": "Feature", "id": 23029, "geometry": {"type": "Polygon", "coordinates": [[[-68.37228900224093, -34.56188115676202], [-68.37354666699491, -34.561458266159775], [-68.37386078449356, -34.56210088449814], [-68.37260755921372, -34.56252641502933], [-68.3725176153959, -34.56234431466198], [-68.37231808879152, -34.561939989582356], [-68.37228900224093, -34.56188115676202]]]}, "properties": {"fid": 23029, "tipo_culti": "INCULTOS", "globalid": "{413BF80E-1269-41BC-B73C-E8AEB56DA9AE}", "created_date": 1740061366000, "created_user": "ugdt_admin", "last_edited_date": 1740061366000, "last_edited_user": "ugdt_admin", "shape_Length": 489.9226101183855, "shape_Area": 14184.409554074375, "cultivo": "otros", "id": "X074"}}, {"type": "Feature", "id": 29807, "geometry": {"type": "Polygon", "coordinates": [[[-68.38888480039664, -34.750202888656034], [-68.38831592158171, -34.74838127226794], [-68.39014246245566, -34.74828659157492], [-68.39061360995754, -34.74993355913169], [-68.38888480039664, -34.750202888656034]]]}, "properties": {"fid": 29807, "tipo_culti": "ANUALES", "globalid": "{3A9BD5B3-E0D7-463D-A420-D54D031AE4FA}", "created_date": 1740061366000, "created_user": "ugdt_admin", "last_edited_date": 1740061366000, "last_edited_user": "ugdt_admin", "shape_Length": 883.6200944766331, "shape_Area": 47924.71368252096, "cultivo": "otros", "id": "X075"}}, {"type": "Feature", "id": 70986, "geometry": {"type": "Polygon", "coordinates": [[[-68.44456894659444, -34.681700524107065], [-68.44323250228503, -34.68307665669953], [-68.44316249657493, -34.68284088763601], [-68.44295486716668, -34.68189146952468], [-68.44288932967682, -34.68159153951115], [-68.44301257673716, -34.68155144903486], [-68.44433394821444, -34.68112173561784], [-68.44443958739691, -34.68108742239118], [-68.44456894659444, -34.681700524107065]]]}, "properties": {"fid": 70986, "tipo_culti": "INCULTOS", "globalid": "{550F5ABE-1C04-4740-9A10-0549C2D00CF4}", "created_date": 1740061366000, "created_user": "ugdt_admin", "last_edited_date": 1740061366000, "last_edited_user": "ugdt_admin", "shape_Length": 712.91291205222, "shape_Area": 26340.731592521923, "cultivo": "otros", "id": "X076"}}, {"type": "Feature", "id": 7865, "geometry": {"type": "Polygon", "coordinates": [[[-67.58772570629316, -35.1685704209026], [-67.5951768012819, -35.171257498024026], [-67.58447514075947, -35.17473056111564], [-67.58772570629316, -35.1685704209026]]]}, "properties": {"fid": 7865, "tipo_culti": "INCULTOS", "globalid": "{CC5E2505-8475-4078-8C82-9A234B8FD971}", "created_date": 1740061366000, "created_user": "ugdt_admin", "last_edited_date": 1740061366000, "last_edited_user": "ugdt_admin", "shape_Length": 3101.9587351751297, "shape_Area": 414119.6408096168, "cultivo": "otros", "id": "X077"}}, {"type": "Feature", "id": 66186, "geometry": {"type": "Polygon", "coordinates": [[[-68.26382499639651, -34.66025438037078], [-68.2645373298741, -34.661665415945706], [-68.26153993653693, -34.66179593941257], [-68.26116963570546, -34.6610630150708], [-68.26382499639651, -34.66025438037078]]]}, "properties": {"fid": 66186, "tipo_culti": "FRUTALES", "globalid": "{923ABB5A-49EC-4657-90B9-6B15859C3B17}", "created_date": 1740061366000, "created_user": "ugdt_admin", "last_edited_date": 1740061366000, "last_edited_user": "ugdt_admin", "shape_Length": 963.5298846665542, "shape_Area": 49476.05180017418, "cultivo": "otros", "id": "X078"}}, {"type": "Feature", "id": 69929, "geometry": {"type": "Polygon", "coordinates": [[[-68.25310906793241, -34.81534719467044], [-68.25314618631995, -34.814806862459236], [-68.25403196651261, -34.81481238647165], [-68.2540382439398, -34.81455246543031], [-68.25770687552526, -34.81464214494203], [-68.25777078257289, -34.81480388214748], [-68.25775024798381, -34.81546059614816], [-68.25565071178997, -34.81540928074874], [-68.25565360077192, -34.81527030516121], [-68.25402186495722, -34.81522984512112], [-68.25401842081644, -34.81536944840076], [-68.25310906793241, -34.81534719467044]]]}, "properties": {"fid": 69929, "tipo_culti": "ANUALES", "globalid": "{4A7F41EC-642B-4A08-A74C-84AD14C21133}", "created_date": 1740061366000, "created_user": "ugdt_admin", "last_edited_date": 1740061366000, "last_edited_user": "ugdt_admin", "shape_Length": 1282.539432536537, "shape_Area": 50000.38047404197, "cultivo": "otros", "id": "X079"}}, {"type": "Feature", "id": 18206, "geometry": {"type": "Polygon", "coordinates": [[[-67.51986070398165, -35.02087262702763], [-67.51986939158876, -35.02153940751427], [-67.5179940955511, -35.02155590254949], [-67.51798542321534, -35.02088912219735], [-67.51986070398165, -35.02087262702763]]]}, "properties": {"fid": 18206, "tipo_culti": "FRUTALES", "globalid": "{832C09DD-15A9-430D-A1D8-79236BC1523E}", "created_date": 1740061366000, "created_user": "ugdt_admin", "last_edited_date": 1740061366000, "last_edited_user": "ugdt_admin", "shape_Length": 598.8192828941951, "shape_Area": 18923.051563859175, "cultivo": "otros", "id": "X080"}}, {"type": "Feature", "id": 58199, "geometry": {"type": "Polygon", "coordinates": [[[-68.00748925414099, -34.68627282217007], [-68.00618778753378, -34.68626050341862], [-68.00623033893216, -34.68550314893893], [-68.00749826334497, -34.685517988158104], [-68.00748925414099, -34.68627282217007]]]}, "properties": {"fid": 58199, "tipo_culti": "ANUALES", "globalid": "{E71D26FE-4A4E-4506-A5A9-D67C85B7790E}", "created_date": 1740061366000, "created_user": "ugdt_admin", "last_edited_date": 1740061366000, "last_edited_user": "ugdt_admin", "shape_Length": 490.87907530726227, "shape_Area": 14643.776524927918, "cultivo": "otros", "id": "X081"}}, {"type": "Feature", "id": 27212, "geometry": {"type": "Polygon", "coordinates": [[[-68.37200610479167, -34.71480343283537], [-68.3697929919015, -34.71532698994109], [-68.36956447845952, -34.714669584402365], [-68.37177801265955, -34.71414594264714], [-68.37200610479167, -34.71480343283537]]]}, "properties": {"fid": 27212, "tipo_culti": "ANUALES", "globalid": "{FFEFB817-A262-4347-8777-5F06A944399A}", "created_date": 1740061366000, "created_user": "ugdt_admin", "last_edited_date": 1740061366000, "last_edited_user": "ugdt_admin", "shape_Length": 697.9562762921153, "shape_Area": 23739.157530802848, "cultivo": "otros", "id": "X082"}}, {"type": "Feature", "id": 17293, "geometry": {"type": "Polygon", "coordinates": [[[-67.6590616820815, -34.95944688552514], [-67.65905708270724, -34.95944692454488], [-67.65865846607969, -34.959588263452865], [-67.65751037423082, -34.959600813058636], [-67.65746926642511, -34.959577195120126], [-67.6566750937302, -34.959564537286354], [-67.65668990245764, -34.958637078580495], [-67.65905870326802, -34.95861503883875], [-67.6590616820815, -34.95944688552514]]]}, "properties": {"fid": 17293, "tipo_culti": "ANUALES", "globalid": "{A7BE7944-6B0D-484E-B273-13FBFC472804}", "created_date": 1740061366000, "created_user": "ugdt_admin", "last_edited_date": 1740061366000, "last_edited_user": "ugdt_admin", "shape_Length": 773.3742967886296, "shape_Area": 34062.27106008, "cultivo": "otros", "id": "X083"}}, {"type": "Feature", "id": 51082, "geometry": {"type": "Polygon", "coordinates": [[[-67.72999990362497, -34.92928302512408], [-67.72976196146577, -34.92919202851781], [-67.72975861793628, -34.929167568108504], [-67.7296819179807, -34.92906708017489], [-67.72960586660875, -34.92894577876609], [-67.72946614264946, -34.928830300654], [-67.7294745445923, -34.92876801735181], [-67.72937063376844, -34.928650841361964], [-67.72922319328086, -34.92848219496193], [-67.72914020152503, -34.92837109542868], [-67.72899121054526, -34.92828174904661], [-67.72892888992243, -34.92824955068188], [-67.72876073877597, -34.92815369348715], [-67.72865506635583, -34.92808697224131], [-67.72854528144833, -34.92803138319122], [-67.72847588210105, -34.928039489884], [-67.72844811876888, -34.9280869692953], [-67.72843723298428, -34.92818248483103], [-67.72848524973284, -34.92824806294891], [-67.72851782174673, -34.92832871129419], [-67.72854339768118, -34.92838756431189], [-67.72857788939483, -34.928414694029755], [-67.72860408157356, -34.92844074623953], [-67.7286922332524, -34.92851530649423], [-67.72872033884269, -34.92856625453876], [-67.72877058790475, -34.928593549173165], [-67.72883590261242, -34.928665797422696], [-67.72893427442425, -34.928780212265096], [-67.72896023483763, -34.9288141934794], [-67.72895653108371, -34.92888400667961], [-67.72878887490899, -34.92881988144085], [-67.72870230965493, -34.92864952744974], [-67.72847464871417, -34.92855205631709], [-67.72831338135772, -34.928421480140315], [-67.72809170409506, -34.928191666801794], [-67.72794807695587, -34.92813067631324], [-67.72769853215647, -34.92806857586919], [-67.72762647289763, -34.92803627504682], [-67.72786170573794, -34.92784162065509], [-67.7280328015619, -34.92770406863269], [-67.72805092507275, -34.927621787573685], [-67.72957416057079, -34.92829073067797], [-67.73016014061378, -34.92902629312003], [-67.73002582630913, -34.929241385318186], [-67.72999990362497, -34.92928302512408]]]}, "properties": {"fid": 51082, "tipo_culti": "INCULTOS", "globalid": "{ACFECB62-241F-4C29-BA50-CA8417EF2115}", "created_date": 1740061366000, "created_user": "ugdt_admin", "last_edited_date": 1740061366000, "last_edited_user": "ugdt_admin", "shape_Length": 1008.3774326697032, "shape_Area": 16490.067711518066, "cultivo": "otros", "id": "X084"}}, {"type": "Feature", "id": 42068, "geometry": {"type": "Polygon", "coordinates": [[[-68.4170751332632, -34.633176372842435], [-68.41662972518914, -34.632493850664076], [-68.4164752158586, -34.632257029243284], [-68.41595310423567, -34.63145686219793], [-68.41615997905909, -34.631332555315666], [-68.41710062116276, -34.632775542639365], [-68.41729624189229, -34.63307556880136], [-68.4170751332632, -34.633176372842435]]]}, "properties": {"fid": 42068, "tipo_culti": "INCULTOS", "globalid": "{8C2A3393-8F5C-4FF9-838C-66A441043DBA}", "created_date": 1740061366000, "created_user": "ugdt_admin", "last_edited_date": 1740061366000, "last_edited_user": "ugdt_admin", "shape_Length": 588.2955450013011, "shape_Area": 7493.585905513196, "cultivo": "otros", "id": "X085"}}, {"type": "Feature", "id": 30106, "geometry": {"type": "Polygon", "coordinates": [[[-68.35984408994275, -34.53258909527533], [-68.35970456990104, -34.53230288008468], [-68.35996297298745, -34.53221300980083], [-68.35989515377676, -34.53207960286903], [-68.36010528319646, -34.53200651573126], [-68.3598884137172, -34.531579633199826], [-68.3600017784111, -34.53154020361432], [-68.35988760523344, -34.53131532881235], [-68.36087784512058, -34.530970848826776], [-68.36139490551665, -34.53204039923263], [-68.36061181623572, -34.532329628019994], [-68.35984408994275, -34.53258909527533]]]}, "properties": {"fid": 30106, "tipo_culti": "ANUALES", "globalid": "{56B58956-E04F-41FC-B9C7-38CFEF9938F5}", "created_date": 1740061366000, "created_user": "ugdt_admin", "last_edited_date": 1740061366000, "last_edited_user": "ugdt_admin", "shape_Length": 690.1359624871561, "shape_Area": 23132.664238810346, "cultivo": "otros", "id": "X086"}}, {"type": "Feature", "id": 70347, "geometry": {"type": "Polygon", "coordinates": [[[-68.25909429293885, -34.853332586315894], [-68.2613469712274, -34.85339974056891], [-68.26130902279652, -34.85472147257604], [-68.25905566538165, -34.85467738813077], [-68.25909429293885, -34.853332586315894]]]}, "properties": {"fid": 70347, "tipo_culti": "INCULTOS", "globalid": "{31614A19-166E-4FBE-AAE7-1FC201EF4BB2}", "created_date": 1740061366000, "created_user": "ugdt_admin", "last_edited_date": 1740061366000, "last_edited_user": "ugdt_admin", "shape_Length": 863.6739169721417, "shape_Area": 45393.61732446288, "cultivo": "otros", "id": "X087"}}, {"type": "Feature", "id": 60201, "geometry": {"type": "Polygon", "coordinates": [[[-67.77068043735477, -34.88673433481292], [-67.77210293577686, -34.88738396915671], [-67.77150146967668, -34.8881748459024], [-67.7696808684634, -34.88736659748899], [-67.76981884969105, -34.88720196989851], [-67.77015888448396, -34.8870139684196], [-67.77068043735477, -34.88673433481292]]]}, "properties": {"fid": 60201, "tipo_culti": "FRUTALES", "globalid": "{B10CDC64-ABE0-45CC-89E5-55D47A7AF6EA}", "created_date": 1740061366000, "created_user": "ugdt_admin", "last_edited_date": 1740061366000, "last_edited_user": "ugdt_admin", "shape_Length": 680.3094157357942, "shape_Area": 26853.188394372526, "cultivo": "otros", "id": "X088"}}, {"type": "Feature", "id": 24209, "geometry": {"type": "Polygon", "coordinates": [[[-67.53889136056212, -34.994591279918176], [-67.53865914246792, -34.99442652377109], [-67.5386598988494, -34.99384799880443], [-67.53994177409858, -34.993846841950564], [-67.53994084524058, -34.99458966828524], [-67.53889136056212, -34.994591279918176]]]}, "properties": {"fid": 24209, "tipo_culti": "INCULTOS", "globalid": "{E4C1591F-DCF4-4261-9D6D-6AA0EAE4E5BE}", "created_date": 1740061366000, "created_user": "ugdt_admin", "last_edited_date": 1740061366000, "last_edited_user": "ugdt_admin", "shape_Length": 473.27737285149874, "shape_Area": 14121.729432047869, "cultivo": "otros", "id": "X089"}}, {"type": "Feature", "id": 36145, "geometry": {"type": "Polygon", "coordinates": [[[-68.05760316106102, -34.68711853327744], [-68.05905562548435, -34.6872419787018], [-68.05889059508519, -34.68855636806736], [-68.05743373969676, -34.68850049090423], [-68.05760316106102, -34.68711853327744]]]}, "properties": {"fid": 36145, "tipo_culti": "ANUALES", "globalid": "{15626AB3-AACE-4CAD-B493-F9CA077795A5}", "created_date": 1740061366000, "created_user": "ugdt_admin", "last_edited_date": 1740061366000, "last_edited_user": "ugdt_admin", "shape_Length": 691.8314268465815, "shape_Area": 29781.44380224754, "cultivo": "otros", "id": "X090"}}, {"type": "Feature", "id": 6373, "geometry": {"type": "Polygon", "coordinates": [[[-67.69401478483351, -35.00151751865326], [-67.69400689942196, -35.001517434031285], [-67.69400638917888, -35.00154951457901], [-67.69401493215723, -35.001549606559394], [-67.69401519356698, -35.001602065516316], [-67.69400654189246, -35.001601972064336], [-67.69400605770053, -35.00163243078291], [-67.69401536694181, -35.001632530857435], [-67.69401820292316, -35.002136389839286], [-67.6933108838415, -35.00213914187184], [-67.69328306930537, -35.00114668891946], [-67.69401261630041, -35.001143905212146], [-67.69401478483351, -35.00151751865326]]]}, "properties": {"fid": 6373, "tipo_culti": "INCULTOS", "globalid": "{B06CC2A6-BC54-4B74-90A5-6B6D065A2409}", "created_date": 1740061366000, "created_user": "ugdt_admin", "last_edited_date": 1740061366000, "last_edited_user": "ugdt_admin", "shape_Length": 433.5677180771893, "shape_Area": 10779.523798449707, "cultivo": "otros", "id": "X091"}}, {"type": "Feature", "id": 25430, "geometry": {"type": "Polygon", "coordinates": [[[-67.73842285537688, -34.99376251815144], [-67.738421821416, -34.99368715769318], [-67.73841264512536, -34.99299332513818], [-67.7384393125129, -34.992847138953714], [-67.74014543152805, -34.99283637757847], [-67.74015249947271, -34.993375703760606], [-67.74084238405135, -34.99336952279879], [-67.74084749007541, -34.99375840071871], [-67.73842285537688, -34.99376251815144]]]}, "properties": {"fid": 25430, "tipo_culti": "ANUALES", "globalid": "{535FA9D9-BA81-4388-837C-A91E5CEA4E28}", "created_date": 1740061366000, "created_user": "ugdt_admin", "last_edited_date": 1740061366000, "last_edited_user": "ugdt_admin", "shape_Length": 787.3909563594464, "shape_Area": 28122.322175169622, "cultivo": "otros", "id": "X092"}}, {"type": "Feature", "id": 3481, "geometry": {"type": "Polygon", "coordinates": [[[-67.68239447925376, -35.03811308014141], [-67.68240702692165, -35.03714044769704], [-67.68361730284944, -35.03715142242971], [-67.68360456294208, -35.03810963278772], [-67.68239447925376, -35.03811308014141]]]}, "properties": {"fid": 3481, "tipo_culti": "FRUTALES", "globalid": "{E12FE2A3-EC32-41B8-A355-27DF9D8F4EAC}", "created_date": 1740061366000, "created_user": "ugdt_admin", "last_edited_date": 1740061366000, "last_edited_user": "ugdt_admin", "shape_Length": 531.9719735417234, "shape_Area": 17683.257398876234, "cultivo": "otros", "id": "X093"}}, {"type": "Feature", "id": 34970, "geometry": {"type": "Polygon", "coordinates": [[[-67.8113660205148, -34.898587083876215], [-67.81136519047146, -34.89869027843407], [-67.81135653610202, -34.899693284411214], [-67.80994236236768, -34.8996889994282], [-67.80994241177501, -34.89967800331797], [-67.80990552155956, -34.898579911442944], [-67.8113660205148, -34.898587083876215]]]}, "properties": {"fid": 34970, "tipo_culti": "INCULTOS", "globalid": "{AED37F36-7B83-4B1B-B2FA-3310431B67BE}", "created_date": 1740061366000, "created_user": "ugdt_admin", "last_edited_date": 1740061366000, "last_edited_user": "ugdt_admin", "shape_Length": 620.7500767359029, "shape_Area": 24050.628703693852, "cultivo": "otros", "id": "X094"}}, {"type": "Feature", "id": 45242, "geometry": {"type": "Polygon", "coordinates": [[[-67.81220640793782, -34.866724333299246], [-67.81220089407859, -34.86805059480664], [-67.81043918102546, -34.868045628621196], [-67.81044405348753, -34.86687970915547], [-67.81045620499839, -34.86683322917254], [-67.81055835063272, -34.86675698401857], [-67.81063718498542, -34.86671989918623], [-67.81220640793782, -34.866724333299246]]]}, "properties": {"fid": 45242, "tipo_culti": "ANUALES", "globalid": "{3A8EC885-CF70-4B40-A9B7-5EBA1D2FFED4}", "created_date": 1740061366000, "created_user": "ugdt_admin", "last_edited_date": 1740061366000, "last_edited_user": "ugdt_admin", "shape_Length": 740.8705221880243, "shape_Area": 35126.19434928579, "cultivo": "otros", "id": "X095"}}, {"type": "Feature", "id": 29885, "geometry": {"type": "Polygon", "coordinates": [[[-68.36709814396552, -34.52907994408221], [-68.36701455393168, -34.528913556914524], [-68.36693085699835, -34.528746988837355], [-68.36684726696454, -34.528580692033195], [-68.36584160120732, -34.52892667240376], [-68.36582475240587, -34.528893412253176], [-68.36608640829195, -34.52880336511335], [-68.36688152601452, -34.52852975809396], [-68.36760227131643, -34.528281812242305], [-68.36800457642654, -34.528143360580984], [-68.36905783672411, -34.52778084138696], [-68.36912903629523, -34.52775632924804], [-68.3696428349085, -34.528778864376434], [-68.36913995262256, -34.52895186728093], [-68.36923728328696, -34.52914554727903], [-68.36784442298107, -34.52960465720049], [-68.36743473012606, -34.52973964368724], [-68.36726543272931, -34.529412898735885], [-68.36718184179716, -34.529246512233456], [-68.36709814396552, -34.52907994408221]]]}, "properties": {"fid": 29885, "tipo_culti": "ANUALES", "globalid": "{48B23DFD-8993-44DC-8B3D-4BBC7C7D95B7}", "created_date": 1740061366000, "created_user": "ugdt_admin", "last_edited_date": 1740061366000, "last_edited_user": "ugdt_admin", "shape_Length": 1149.1780407433112, "shape_Area": 47823.52198943085, "cultivo": "otros", "id": "X096"}}, {"type": "Feature", "id": 7416, "geometry": {"type": "Polygon", "coordinates": [[[-67.55727844970002, -35.12419533853604], [-67.55629134583153, -35.12383749599865], [-67.55638306292371, -35.12367527962393], [-67.55658544257744, -35.12344588375234], [-67.55766442523488, -35.12276096925143], [-67.55808174837989, -35.122410115273766], [-67.5583288066426, -35.12214105147602], [-67.55846259004292, -35.12180737130851], [-67.55886883336723, -35.121948024040535], [-67.55874086027018, -35.12215739907695], [-67.55833555838026, -35.12283474778443], [-67.5583170225427, -35.12286571089837], [-67.55816715660384, -35.12281093378327], [-67.5579222471113, -35.12326288943561], [-67.55788199629838, -35.1233371252607], [-67.55779654136202, -35.1233060961988], [-67.55757927572574, -35.12372052728305], [-67.55755611895434, -35.12376468382501], [-67.55752200722806, -35.123752020544146], [-67.55727844970002, -35.12419533853604]]]}, "properties": {"fid": 7416, "tipo_culti": "INCULTOS", "globalid": "{5BD43D50-56FC-42D3-85F7-98B98B8D1D4E}", "created_date": 1740061366000, "created_user": "ugdt_admin", "last_edited_date": 1740061366000, "last_edited_user": "ugdt_admin", "shape_Length": 928.810265980416, "shape_Area": 26390.225173692193, "cultivo": "otros", "id": "X097"}}, {"type": "Feature", "id": 23189, "geometry": {"type": "Polygon", "coordinates": [[[-68.35964429923368, -34.6906682583027], [-68.35958284818004, -34.6904711581839], [-68.35955963211984, -34.6903965794585], [-68.35919252569752, -34.68921975285901], [-68.35911094699162, -34.68895827583163], [-68.35904832633148, -34.68875756262232], [-68.35955544058072, -34.68857453803511], [-68.3596408919238, -34.688843336976845], [-68.36061946539034, -34.69192165002783], [-68.36009652731737, -34.6921021618322], [-68.35996706930516, -34.691694405439], [-68.3598055432339, -34.69118534270795], [-68.35970074487456, -34.690849287662985], [-68.35964429923368, -34.6906682583027]]]}, "properties": {"fid": 23189, "tipo_culti": "ANUALES", "globalid": "{B96399BF-A70A-4035-A9E5-11B80DBD5CFF}", "created_date": 1740061366000, "created_user": "ugdt_admin", "last_edited_date": 1740061366000, "last_edited_user": "ugdt_admin", "shape_Length": 1060.7650084255208, "shape_Area": 28954.14120191908, "cultivo": "otros", "id": "X098"}}, {"type": "Feature", "id": 61054, "geometry": {"type": "Polygon", "coordinates": [[[-68.2997116580362, -34.68757680301847], [-68.29781758541246, -34.6886825664956], [-68.29776336759349, -34.688344317106], [-68.2977346511488, -34.6881653128168], [-68.29845568750486, -34.686997817758616], [-68.30037750998605, -34.6858047666815], [-68.30057407035335, -34.687073091670435], [-68.2997116580362, -34.68757680301847]]]}, "properties": {"fid": 61054, "tipo_culti": "INCULTOS", "globalid": "{1328E4E3-EC76-4064-B039-1BF684E1AFC3}", "created_date": 1740061366000, "created_user": "ugdt_admin", "last_edited_date": 1740061366000, "last_edited_user": "ugdt_admin", "shape_Length": 1065.3989115852257, "shape_Area": 50932.18370388089, "cultivo": "otros", "id": "X099"}}, {"type": "Feature", "id": 34868, "geometry": {"type": "Polygon", "coordinates": [[[-67.76139865756366, -34.85559346811847], [-67.7618575933676, -34.85462857992959], [-67.76262438361603, -34.85487091117285], [-67.76263563052339, -34.85499604096504], [-67.76275888207532, -34.85504560600947], [-67.76236232258977, -34.85589810565163], [-67.76139865756366, -34.85559346811847]]]}, "properties": {"fid": 34868, "tipo_culti": "FRUTALES", "globalid": "{4A82D3BE-7732-4655-8DD5-BCEBBB60E1F4}", "created_date": 1740061366000, "created_user": "ugdt_admin", "last_edited_date": 1740061366000, "last_edited_user": "ugdt_admin", "shape_Length": 503.0261255586204, "shape_Area": 15779.694217712704, "cultivo": "otros", "id": "X100"}}, {"type": "Feature", "id": 23391, "geometry": {"type": "Polygon", "coordinates": [[[-67.49205422752419, -35.04511340736282], [-67.49205865711686, -35.04085955833532], [-67.49205755398569, -35.03895777449956], [-67.5012126695251, -35.03895397708049], [-67.50121387596252, -35.040855764682064], [-67.49865295695392, -35.04293568476084], [-67.49801152570508, -35.045121436279615], [-67.49205422752419, -35.04511340736282]]]}, "properties": {"fid": 23391, "tipo_culti": "INCULTOS", "globalid": "{916331CB-6E01-4C86-8D72-1220C2549845}", "created_date": 1740061366000, "created_user": "ugdt_admin", "last_edited_date": 1740061366000, "last_edited_user": "ugdt_admin", "shape_Length": 3485.0409328871365, "shape_Area": 718498.0280660472, "cultivo": "otros", "id": "X101"}}, {"type": "Feature", "id": 54710, "geometry": {"type": "Polygon", "coordinates": [[[-68.18523809451924, -34.667994867221246], [-68.18538793979683, -34.668714104861536], [-68.1853705582944, -34.66878447778809], [-68.18532035055486, -34.66883119577358], [-68.182856877195, -34.66930497921637], [-68.18283047660712, -34.669304801899976], [-68.18280285880202, -34.66928406474193], [-68.1826311539203, -34.66854872344654], [-68.1826389405172, -34.668489103189614], [-68.18523809451924, -34.667994867221246]]]}, "properties": {"fid": 54710, "tipo_culti": "ANUALES", "globalid": "{183AE02D-1854-4ADB-844E-D764675A67DF}", "created_date": 1740061366000, "created_user": "ugdt_admin", "last_edited_date": 1740061366000, "last_edited_user": "ugdt_admin", "shape_Length": 812.0913173146796, "shape_Area": 33542.73626759738, "cultivo": "otros", "id": "X102"}}, {"type": "Feature", "id": 44654, "geometry": {"type": "Polygon", "coordinates": [[[-67.72332725272884, -34.812315169862714], [-67.7239574128158, -34.81251908264287], [-67.72352564116774, -34.81342516994861], [-67.72296833624694, -34.81324455289837], [-67.72259866962608, -34.81402032486508], [-67.72315597814013, -34.81420094316488], [-67.72311768745114, -34.814281481461215], [-67.72250002562473, -34.81408130049328], [-67.72323978466794, -34.812501909786555], [-67.72332725272884, -34.812315169862714]], [[-67.72344127139625, -34.812553777200485], [-67.72337577343227, -34.81269072324216], [-67.72350180347338, -34.81273170449265], [-67.7235671918429, -34.812594757044], [-67.72344127139625, -34.812553777200485]], [[-67.72322502804276, -34.81311844656992], [-67.72319555431828, -34.813187089520056], [-67.72324864744652, -34.81320251796868], [-67.72326916496762, -34.81315478262399], [-67.72325654453617, -34.813151134784896], [-67.72326549984123, -34.813130227928916], [-67.72322502804276, -34.81311844656992]], [[-67.7231687836245, -34.81308766191663], [-67.72314549210581, -34.81313104142823], [-67.7231934163279, -34.813148579969884], [-67.7232167078466, -34.81310519972997], [-67.7231687836245, -34.81308766191663]]]}, "properties": {"fid": 44654, "tipo_culti": "INCULTOS", "globalid": "{B768B61D-5EAB-4D97-B8C9-4E6C41256A1D}", "created_date": 1740061366000, "created_user": "ugdt_admin", "last_edited_date": 1740061366000, "last_edited_user": "ugdt_admin", "shape_Length": 922.7441617560853, "shape_Area": 11225.498923282257, "cultivo": "otros", "id": "X103"}}, {"type": "Feature", "id": 70558, "geometry": {"type": "Polygon", "coordinates": [[[-68.25765990711062, -34.68051007011746], [-68.25757977738729, -34.6805143591168], [-68.25021225446605, -34.680903737426505], [-68.25021758506894, -34.680312359269564], [-68.25044408538636, -34.68027904888997], [-68.25768742071115, -34.67990918103513], [-68.2577310878171, -34.679906923495075], [-68.2591541809239, -34.67983418428024], [-68.25915702229516, -34.680262548826505], [-68.26007434054078, -34.680216920992386], [-68.26077026898466, -34.680182383558204], [-68.26077733333605, -34.68034521975527], [-68.25765990711062, -34.68051007011746]]]}, "properties": {"fid": 70558, "tipo_culti": "INCULTOS", "globalid": "{90612594-DB2A-4EAD-BD0A-D63157C72672}", "created_date": 1740061366000, "created_user": "ugdt_admin", "last_edited_date": 1740061366000, "last_edited_user": "ugdt_admin", "shape_Length": 2515.627920251521, "shape_Area": 85496.43240207831, "cultivo": "otros", "id": "X104"}}, {"type": "Feature", "id": 50787, "geometry": {"type": "Polygon", "coordinates": [[[-67.77183086212844, -34.92040516187871], [-67.77182947782458, -34.921327922151804], [-67.76804753095256, -34.921324154628955], [-67.76790681076162, -34.92130172626341], [-67.76771980307902, -34.9212279947179], [-67.76766711688762, -34.92119483236812], [-67.7685739877265, -34.920401849514924], [-67.77183086212844, -34.92040516187871]]]}, "properties": {"fid": 50787, "tipo_culti": "ANUALES", "globalid": "{DB30F15C-79FF-4C03-944E-4206CE60589A}", "created_date": 1740061366000, "created_user": "ugdt_admin", "last_edited_date": 1740061366000, "last_edited_user": "ugdt_admin", "shape_Length": 1102.875128119008, "shape_Area": 52339.79564138744, "cultivo": "otros", "id": "X105"}}, {"type": "Feature", "id": 15065, "geometry": {"type": "Polygon", "coordinates": [[[-67.44357017714327, -34.91102758229465], [-67.44185031300594, -34.91101788642742], [-67.44185551604808, -34.910267817533075], [-67.44614662532818, -34.910288160475076], [-67.4461413899467, -34.911042015594965], [-67.44357017714327, -34.91102758229465]]]}, "properties": {"fid": 15065, "tipo_culti": "ANUALES", "globalid": "{395349B8-F784-49B9-AF08-8FEC030CC472}", "created_date": 1740061366000, "created_user": "ugdt_admin", "last_edited_date": 1740061366000, "last_edited_user": "ugdt_admin", "shape_Length": 1159.5417190866553, "shape_Area": 48763.08028401848, "cultivo": "otros", "id": "X106"}}, {"type": "Feature", "id": 29591, "geometry": {"type": "Polygon", "coordinates": [[[-68.40737375219952, -34.759178131810344], [-68.40709103082006, -34.7592468846115], [-68.4069516086947, -34.75879631615106], [-68.40691413906588, -34.758674984937244], [-68.40597335053681, -34.75563402482735], [-68.40616018304792, -34.75559365213496], [-68.40240163189915, -34.7437446163308], [-68.4028384628589, -34.743650218941575], [-68.40510033720099, -34.7507812071385], [-68.40555173703798, -34.75068560879603], [-68.40662898684523, -34.75045748937745], [-68.40692936820489, -34.75133628810167], [-68.40789104346264, -34.754326054543114], [-68.4092744507968, -34.75871602476924], [-68.40737375219952, -34.759178131810344]]]}, "properties": {"fid": 29591, "tipo_culti": "INCULTOS", "globalid": "{75DD47DC-2658-4ABD-AE3C-D523EDDDBBDD}", "created_date": 1740061366000, "created_user": "ugdt_admin", "last_edited_date": 1740061366000, "last_edited_user": "ugdt_admin", "shape_Length": 4820.505614715027, "shape_Area": 327670.39468612184, "cultivo": "otros", "id": "X107"}}, {"type": "Feature", "id": 14712, "geometry": {"type": "Polygon", "coordinates": [[[-67.45231904396847, -34.93518379305685], [-67.45172095014388, -34.93518311111415], [-67.45172097799166, -34.93434311908472], [-67.45231923261468, -34.934340738888736], [-67.45231904396847, -34.93518379305685]]]}, "properties": {"fid": 14712, "tipo_culti": "FRUTALES", "globalid": "{A7587050-C780-4F7C-8A9F-414DB9F9B503}", "created_date": 1740061366000, "created_user": "ugdt_admin", "last_edited_date": 1740061366000, "last_edited_user": "ugdt_admin", "shape_Length": 361.71495061156105, "shape_Area": 7608.967568380547, "cultivo": "otros", "id": "X108"}}, {"type": "Feature", "id": 27498, "geometry": {"type": "Polygon", "coordinates": [[[-68.38886031052535, -34.58991374299301], [-68.38875073133207, -34.58969522911109], [-68.38865232358764, -34.58949912683725], [-68.38986086846184, -34.589087183503864], [-68.39012663593697, -34.58962035337558], [-68.388919505011, -34.59003185552741], [-68.38886031052535, -34.58991374299301]]]}, "properties": {"fid": 27498, "tipo_culti": "ANUALES", "globalid": "{52E9670C-08B0-419F-95A1-0EDE36371F68}", "created_date": 1740061366000, "created_user": "ugdt_admin", "last_edited_date": 1740061366000, "last_edited_user": "ugdt_admin", "shape_Length": 446.9177387230952, "shape_Area": 11340.91361581217, "cultivo": "otros", "id": "X109"}}, {"type": "Feature", "id": 60539, "geometry": {"type": "Polygon", "coordinates": [[[-67.85795171240974, -34.91863149015801], [-67.85795697743563, -34.91953891195265], [-67.85549216648432, -34.91953392678142], [-67.85548395857758, -34.91864342287942], [-67.85795171959627, -34.91863094950256], [-67.85795171240974, -34.91863149015801]]]}, "properties": {"fid": 60539, "tipo_culti": "INCULTOS", "globalid": "{CB0D8C4E-8295-41AA-B3B9-0BB2F10EB9D6}", "created_date": 1740061366000, "created_user": "ugdt_admin", "last_edited_date": 1740061366000, "last_edited_user": "ugdt_admin", "shape_Length": 793.2655052354305, "shape_Area": 33517.28851300537, "cultivo": "otros", "id": "X110"}}, {"type": "Feature", "id": 58713, "geometry": {"type": "Polygon", "coordinates": [[[-67.71521175746773, -34.89216367182051], [-67.71611274613815, -34.8907683944093], [-67.71660942735366, -34.890989776281366], [-67.71645194100627, -34.89122669295922], [-67.71605038059954, -34.891858964540056], [-67.7157011228036, -34.892384529735665], [-67.71521175746773, -34.89216367182051]]]}, "properties": {"fid": 58713, "tipo_culti": "INCULTOS", "globalid": "{77274C43-87BE-4B89-9482-AC35C3BA034F}", "created_date": 1740061366000, "created_user": "ugdt_admin", "last_edited_date": 1740061366000, "last_edited_user": "ugdt_admin", "shape_Length": 554.0010064917816, "shape_Area": 13453.081124829876, "cultivo": "otros", "id": "X111"}}, {"type": "Feature", "id": 29374, "geometry": {"type": "Polygon", "coordinates": [[[-68.30092989663065, -34.56736399960114], [-68.30153166456475, -34.56717715337471], [-68.3018225722914, -34.56783397235697], [-68.30242700912024, -34.56766705904462], [-68.302684615401, -34.56829357826627], [-68.30150570325306, -34.568652905936794], [-68.30092989663065, -34.56736399960114]]]}, "properties": {"fid": 29374, "tipo_culti": "FRUTALES", "globalid": "{6A054D9D-BDD5-4F46-B87D-CB2018EE5893}", "created_date": 1740061366000, "created_user": "ugdt_admin", "last_edited_date": 1740061366000, "last_edited_user": "ugdt_admin", "shape_Length": 652.0895694306578, "shape_Area": 19584.955176134266, "cultivo": "otros", "id": "X112"}}, {"type": "Feature", "id": 62936, "geometry": {"type": "Polygon", "coordinates": [[[-68.4251784392842, -34.591899742326824], [-68.42576516942046, -34.59169842135857], [-68.42626356551986, -34.59269206600371], [-68.42567682999373, -34.59289329878219], [-68.4251784392842, -34.591899742326824]]]}, "properties": {"fid": 62936, "tipo_culti": "ANUALES", "globalid": "{36BC806D-2EDD-4A6B-95E0-4FACA32F37D9}", "created_date": 1740061366000, "created_user": "ugdt_admin", "last_edited_date": 1740061366000, "last_edited_user": "ugdt_admin", "shape_Length": 432.2468194848765, "shape_Area": 10285.784162440792, "cultivo": "otros", "id": "X113"}}, {"type": "Feature", "id": 48056, "geometry": {"type": "Polygon", "coordinates": [[[-68.28215164059387, -34.547138483477745], [-68.28181044338099, -34.54655361509606], [-68.28269610409768, -34.546164898726985], [-68.28349022558864, -34.547431016014166], [-68.28254661095968, -34.547817955148126], [-68.28217461500725, -34.547178010742215], [-68.28215164059387, -34.547138483477745]]]}, "properties": {"fid": 48056, "tipo_culti": "INCULTOS", "globalid": "{6C15B417-8DB1-4D33-89B7-22D002AF0A27}", "created_date": 1740061366000, "created_user": "ugdt_admin", "last_edited_date": 1740061366000, "last_edited_user": "ugdt_admin", "shape_Length": 611.1722631368798, "shape_Area": 21868.82592887355, "cultivo": "otros", "id": "X114"}}, {"type": "Feature", "id": 62826, "geometry": {"type": "Polygon", "coordinates": [[[-68.44284974092224, -34.58922621413576], [-68.44221336359517, -34.589476698384836], [-68.44194012303521, -34.589505917935966], [-68.44125462313349, -34.589424627345856], [-68.44086228932304, -34.588617583819925], [-68.44161337342703, -34.588360689610134], [-68.44182548183528, -34.58878488104076], [-68.44232769667296, -34.588613111098184], [-68.44223562564456, -34.5884288891836], [-68.44242265758167, -34.588364930869574], [-68.44284974092224, -34.58922621413576]], [[-68.44110721588356, -34.588746798635256], [-68.44097979704704, -34.58879552296045], [-68.44103365015, -34.58889204266931], [-68.44111484437695, -34.58886095483656], [-68.44111021356167, -34.5888525500193], [-68.44115643817125, -34.588834913581685], [-68.44110721588356, -34.588746798635256]]]}, "properties": {"fid": 62826, "tipo_culti": "ANUALES", "globalid": "{79D29060-E109-4318-8D9F-B7FBD16D6649}", "created_date": 1740061366000, "created_user": "ugdt_admin", "last_edited_date": 1740061366000, "last_edited_user": "ugdt_admin", "shape_Length": 752.2212665106167, "shape_Area": 21858.929618720464, "cultivo": "otros", "id": "X115"}}, {"type": "Feature", "id": 45082, "geometry": {"type": "Polygon", "coordinates": [[[-68.46551787820904, -34.64086179470727], [-68.46478767544384, -34.64113316524256], [-68.46447507340305, -34.64055866820634], [-68.46517843181265, -34.64023787368927], [-68.46551787820904, -34.64086179470727]]]}, "properties": {"fid": 45082, "tipo_culti": "ANUALES", "globalid": "{A4077CA4-A5F2-43A5-AA86-3CE729F07531}", "created_date": 1740061366000, "created_user": "ugdt_admin", "last_edited_date": 1740061366000, "last_edited_user": "ugdt_admin", "shape_Length": 356.37394721019893, "shape_Area": 7923.1026295394595, "cultivo": "otros", "id": "X116"}}, {"type": "Feature", "id": 40154, "geometry": {"type": "Polygon", "coordinates": [[[-68.20507411320979, -34.726734428932104], [-68.20511532701671, -34.72670603368386], [-68.20590926794628, -34.72670598421734], [-68.205727455221, -34.72745115248099], [-68.2049990940021, -34.72745433307498], [-68.20507411320979, -34.726734428932104]]]}, "properties": {"fid": 40154, "tipo_culti": "ANUALES", "globalid": "{E25A46F9-A83C-4924-8104-7FF3F49C9A55}", "created_date": 1740061366000, "created_user": "ugdt_admin", "last_edited_date": 1740061366000, "last_edited_user": "ugdt_admin", "shape_Length": 376.25388070157976, "shape_Area": 8773.843943143813, "cultivo": "otros", "id": "X117"}}, {"type": "Feature", "id": 24171, "geometry": {"type": "Polygon", "coordinates": [[[-67.50123502949084, -34.99222440896384], [-67.50118644410868, -34.99640249388909], [-67.50007022628273, -34.99639888950393], [-67.50007049847225, -34.996371944917016], [-67.50009310996627, -34.99375248029901], [-67.50010914848735, -34.991901183423074], [-67.50010915208063, -34.991901003120304], [-67.50076922157497, -34.99190122684291], [-67.50076547649856, -34.9922206837027], [-67.50123502949084, -34.99222440896384]]]}, "properties": {"fid": 24171, "tipo_culti": "INCULTOS", "globalid": "{D7B2123B-0F07-44E8-999F-ED248B09FD84}", "created_date": 1740061366000, "created_user": "ugdt_admin", "last_edited_date": 1740061366000, "last_edited_user": "ugdt_admin", "shape_Length": 1472.4077493513314, "shape_Area": 74149.1333096566, "cultivo": "otros", "id": "X118"}}, {"type": "Feature", "id": 14584, "geometry": {"type": "Polygon", "coordinates": [[[-67.48031344079685, -34.96844004643365], [-67.48030793412416, -34.96891603276443], [-67.47939548025577, -34.96890884513001], [-67.4794069247925, -34.96796381735406], [-67.48005499369297, -34.967968957852925], [-67.48005118573448, -34.96826398867316], [-67.48031344079685, -34.96844004643365]]]}, "properties": {"fid": 14584, "tipo_culti": "FRUTALES", "globalid": "{8930E8F7-6455-46E6-BA0E-DDB28EA04B4F}", "created_date": 1740061366000, "created_user": "ugdt_admin", "last_edited_date": 1740061366000, "last_edited_user": "ugdt_admin", "shape_Length": 444.5896401028781, "shape_Area": 11511.008623472391, "cultivo": "otros", "id": "X119"}}, {"type": "Feature", "id": 55609, "geometry": {"type": "Polygon", "coordinates": [[[-68.12353548564946, -34.67624350644664], [-68.1231523784353, -34.67712519880977], [-68.12312744210132, -34.67718252864154], [-68.12267952233772, -34.677163350737175], [-68.12305543584309, -34.676105385455124], [-68.12353548564946, -34.67624350644664]]]}, "properties": {"fid": 55609, "tipo_culti": "ANUALES", "globalid": "{2343250F-804C-45D9-B465-F58CA9AF119E}", "created_date": 1740061366000, "created_user": "ugdt_admin", "last_edited_date": 1740061366000, "last_edited_user": "ugdt_admin", "shape_Length": 390.72464264981545, "shape_Area": 7445.77280143607, "cultivo": "otros", "id": "X120"}}, {"type": "Feature", "id": 54218, "geometry": {"type": "Polygon", "coordinates": [[[-67.78132983299567, -34.84158080374294], [-67.78324668240343, -34.842192803922465], [-67.7829039203253, -34.84292243052315], [-67.78097421692414, -34.84230632990036], [-67.78132983299567, -34.84158080374294]]]}, "properties": {"fid": 54218, "tipo_culti": "FRUTALES", "globalid": "{181231AC-8FA8-4691-93B8-E50BF7A9594E}", "created_date": 1740061366000, "created_user": "ugdt_admin", "last_edited_date": 1740061366000, "last_edited_user": "ugdt_admin", "shape_Length": 671.5896315060694, "shape_Area": 24365.728885053584, "cultivo": "otros", "id": "X121"}}, {"type": "Feature", "id": 9839, "geometry": {"type": "Polygon", "coordinates": [[[-67.4839983705165, -34.91668723922821], [-67.48398301202009, -34.91804591697774], [-67.48227799613609, -34.918041032629084], [-67.48103172740981, -34.918027260546864], [-67.48104795457712, -34.916867599033516], [-67.48114332601588, -34.91686987292889], [-67.48114645035645, -34.91665874070305], [-67.4839983705165, -34.91668723922821]], [[-67.4824469557663, -34.917237934509245], [-67.48231359187922, -34.91723689958584], [-67.4823127555477, -34.91731800513267], [-67.48242172208998, -34.91731882570458], [-67.48242217034931, -34.91728259972953], [-67.48244634850518, -34.91728281113368], [-67.4824469557663, -34.917237934509245]], [[-67.48200912228673, -34.917186860101715], [-67.48193144586243, -34.91718625019631], [-67.48193087812716, -34.91723491223817], [-67.48200855455147, -34.91723552214322], [-67.48200912228673, -34.917186860101715]], [[-67.48193729030166, -34.91712440517282], [-67.4819368402457, -34.91716072108303], [-67.48195073448821, -34.91716080431895], [-67.48195057997796, -34.917175132680214], [-67.4820131593156, -34.91717564461781], [-67.48201365428733, -34.91712499813688], [-67.48193729030166, -34.91712440517282]], [[-67.48223858165468, -34.91718062403946], [-67.48218530077855, -34.91718022848482], [-67.48218483275629, -34.91722348461988], [-67.48223811273411, -34.91722387943772], [-67.48223858165468, -34.91718062403946]]]}, "properties": {"fid": 9839, "tipo_culti": "ANUALES", "globalid": "{68FFD6B2-B98A-4CF4-A78A-5EA3708BE661}", "created_date": 1740061366000, "created_user": "ugdt_admin", "last_edited_date": 1740061366000, "last_edited_user": "ugdt_admin", "shape_Length": 1163.812230845292, "shape_Area": 60337.32921315504, "cultivo": "otros", "id": "X122"}}, {"type": "Feature", "id": 5223, "geometry": {"type": "Polygon", "coordinates": [[[-67.62622912532117, -34.928918100534716], [-67.62459173281516, -34.92891065898423], [-67.62461357535128, -34.928054487300365], [-67.62623101717317, -34.928056294679244], [-67.62622912532117, -34.928918100534716]]]}, "properties": {"fid": 5223, "tipo_culti": "INCULTOS", "globalid": "{26BA1F2F-EA5D-47D2-AAEA-E94F9BB1F15A}", "created_date": 1740061366000, "created_user": "ugdt_admin", "last_edited_date": 1740061366000, "last_edited_user": "ugdt_admin", "shape_Length": 595.6176834742952, "shape_Area": 21130.13484702049, "cultivo": "otros", "id": "X123"}}, {"type": "Feature", "id": 11792, "geometry": {"type": "Polygon", "coordinates": [[[-67.66187134549058, -35.200229686023675], [-67.66353849738536, -35.20082374232963], [-67.66338516125454, -35.20114857992622], [-67.6629069754524, -35.20144306217785], [-67.66149759961999, -35.20093791874813], [-67.66187134549058, -35.200229686023675]]]}, "properties": {"fid": 11792, "tipo_culti": "ANUALES", "globalid": "{AF696C04-2E6D-4D59-8FF0-143A1AA1A62B}", "created_date": 1740061366000, "created_user": "ugdt_admin", "last_edited_date": 1740061366000, "last_edited_user": "ugdt_admin", "shape_Length": 592.942569163772, "shape_Area": 20509.39564841477, "cultivo": "otros", "id": "X124"}}, {"type": "Feature", "id": 16098, "geometry": {"type": "Polygon", "coordinates": [[[-67.65847579187005, -34.93807244562275], [-67.6584790698225, -34.93752845238542], [-67.66021236377333, -34.937532170560644], [-67.66021087616322, -34.93800047297599], [-67.65968378158543, -34.93799934478985], [-67.65968273594645, -34.938319207767236], [-67.65919668269903, -34.938318169427646], [-67.65919737350347, -34.93807401344662], [-67.65847579187005, -34.93807244562275]]]}, "properties": {"fid": 16098, "tipo_culti": "INCULTOS", "globalid": "{2743AF90-210A-4F86-88F4-A22082E5A028}", "created_date": 1740061366000, "created_user": "ugdt_admin", "last_edited_date": 1740061366000, "last_edited_user": "ugdt_admin", "shape_Length": 600.1138884724321, "shape_Area": 15451.054813121855, "cultivo": "otros", "id": "X125"}}, {"type": "Feature", "id": 68189, "geometry": {"type": "Polygon", "coordinates": [[[-68.22992534438491, -34.69213851350216], [-68.23107508554065, -34.69227683745799], [-68.23088419893266, -34.69309230113514], [-68.22973149153988, -34.69296666707841], [-68.22992534438491, -34.69213851350216]]]}, "properties": {"fid": 68189, "tipo_culti": "ANUALES", "globalid": "{7CAE20CB-4EA9-4A5F-B288-D92B16E9D3FA}", "created_date": 1740061366000, "created_user": "ugdt_admin", "last_edited_date": 1740061366000, "last_edited_user": "ugdt_admin", "shape_Length": 485.4051002856968, "shape_Area": 14641.558563711682, "cultivo": "otros", "id": "X126"}}, {"type": "Feature", "id": 16840, "geometry": {"type": "Polygon", "coordinates": [[[-67.66153051299368, -34.961797954659204], [-67.66153055251955, -34.96258317096933], [-67.66152520215373, -34.96262267950024], [-67.66151131689438, -34.96264839323741], [-67.66148022350747, -34.96267535996579], [-67.66144176573182, -34.96269061902218], [-67.65897569803745, -34.96271496489341], [-67.65893076430693, -34.962697614319815], [-67.65888413815043, -34.9626564501282], [-67.65888084672322, -34.961843978936905], [-67.6589213239116, -34.961819009245524], [-67.6589538078906, -34.96180080154524], [-67.66153051299368, -34.961797954659204]]]}, "properties": {"fid": 16840, "tipo_culti": "ANUALES", "globalid": "{4CA70304-E480-4CA3-914C-6337F9D50AA9}", "created_date": 1740061366000, "created_user": "ugdt_admin", "last_edited_date": 1740061366000, "last_edited_user": "ugdt_admin", "shape_Length": 820.5934579821096, "shape_Area": 36079.80281774423, "cultivo": "otros", "id": "X127"}}, {"type": "Feature", "id": 47491, "geometry": {"type": "Polygon", "coordinates": [[[-68.27614154932205, -34.56420958580735], [-68.27665765930054, -34.56508486165822], [-68.27539255110614, -34.56547488552926], [-68.27486929682618, -34.56460794559846], [-68.27614154932205, -34.56420958580735]]]}, "properties": {"fid": 47491, "tipo_culti": "ANUALES", "globalid": "{29B61B97-15D2-43D2-ADB6-6CB8E9CB33B1}", "created_date": 1740061366000, "created_user": "ugdt_admin", "last_edited_date": 1740061366000, "last_edited_user": "ugdt_admin", "shape_Length": 564.2988904222483, "shape_Area": 19713.428374542997, "cultivo": "otros", "id": "X128"}}, {"type": "Feature", "id": 64399, "geometry": {"type": "Polygon", "coordinates": [[[-68.41467384128734, -34.65099153090249], [-68.41466507822174, -34.651136436960726], [-68.41335518362054, -34.65170218218221], [-68.41325869647417, -34.65081282941332], [-68.4145718717228, -34.650212846696924], [-68.41467384128734, -34.65099153090249]]]}, "properties": {"fid": 64399, "tipo_culti": "ANUALES", "globalid": "{46BB9C24-81E2-4421-A66D-1E64C87BF993}", "created_date": 1740061366000, "created_user": "ugdt_admin", "last_edited_date": 1740061366000, "last_edited_user": "ugdt_admin", "shape_Length": 578.350000440372, "shape_Area": 18904.463613905562, "cultivo": "otros", "id": "X129"}}, {"type": "Feature", "id": 7187, "geometry": {"type": "Polygon", "coordinates": [[[-67.55020470192783, -35.197331116017445], [-67.55022372465227, -35.1972986279266], [-67.54868710156155, -35.19673279557021], [-67.54978066297774, -35.19471275385738], [-67.55968474349538, -35.198291356136764], [-67.55744994886753, -35.202406926781975], [-67.55242447402918, -35.20058985281814], [-67.54825366623359, -35.19908149923479], [-67.5475527278854, -35.198828041159786], [-67.54830463215126, -35.19743921111427], [-67.54844559578564, -35.197489388924865], [-67.54951831988048, -35.19787112906529], [-67.54985611247845, -35.197991347376], [-67.55020470192783, -35.197331116017445]], [[-67.54843954203893, -35.19892790100943], [-67.5484679153272, -35.19893770442609], [-67.54846916488373, -35.1989353759771], [-67.54848338341806, -35.198907607823074], [-67.5484432251316, -35.198893697316215], [-67.54842775704073, -35.198923793924386], [-67.54842950246731, -35.19892444577273], [-67.54843954203893, -35.19892790100943]]]}, "properties": {"fid": 7187, "tipo_culti": "INCULTOS", "globalid": "{7E622A07-1F30-4E30-AF29-B2754229F5B2}", "created_date": 1740061366000, "created_user": "ugdt_admin", "last_edited_date": 1740061366000, "last_edited_user": "ugdt_admin", "shape_Length": 4028.924214637852, "shape_Area": 719429.8530272149, "cultivo": "otros", "id": "X130"}}, {"type": "Feature", "id": 42677, "geometry": {"type": "Polygon", "coordinates": [[[-68.51760412886185, -34.621613445965295], [-68.51385764029072, -34.621784357409], [-68.51107308389552, -34.62186706745695], [-68.5110550214701, -34.61823496046031], [-68.51329252631517, -34.618226510562664], [-68.51580174458421, -34.61823838847192], [-68.51665830707223, -34.61822628064854], [-68.51677854926797, -34.61821197422316], [-68.51693293463103, -34.61817643806311], [-68.51727504093897, -34.61805402600707], [-68.5176083698083, -34.617921842755095], [-68.51760412886185, -34.621613445965295]]]}, "properties": {"fid": 42677, "tipo_culti": "INCULTOS", "globalid": "{39840624-4E89-49DB-A16E-1FD2F8E8C1D0}", "created_date": 1740061366000, "created_user": "ugdt_admin", "last_edited_date": 1740061366000, "last_edited_user": "ugdt_admin", "shape_Length": 2456.4248643902365, "shape_Area": 348825.93822059117, "cultivo": "otros", "id": "X131"}}, {"type": "Feature", "id": 42313, "geometry": {"type": "Polygon", "coordinates": [[[-68.54458553686683, -34.570346014856504], [-68.54458307907622, -34.57079672387363], [-68.54258995371767, -34.57102725051493], [-68.5425397037573, -34.57037279938521], [-68.54273113025276, -34.570360896877276], [-68.54304140565696, -34.570356650260855], [-68.5433739413139, -34.570347347795696], [-68.54379362882474, -34.5703430575363], [-68.54458553686683, -34.570346014856504]]]}, "properties": {"fid": 42313, "tipo_culti": "ANUALES", "globalid": "{AAC128B7-4721-4622-AE52-A8F49E9A9ED9}", "created_date": 1740061366000, "created_user": "ugdt_admin", "last_edited_date": 1740061366000, "last_edited_user": "ugdt_admin", "shape_Length": 601.4685538683624, "shape_Area": 17125.715032862972, "cultivo": "otros", "id": "X132"}}, {"type": "Feature", "id": 64351, "geometry": {"type": "Polygon", "coordinates": [[[-67.85853861502254, -34.58158224882841], [-67.86071732153897, -34.581605041075846], [-67.86040683862397, -34.5818197355011], [-67.86023263193418, -34.58193519847134], [-67.86010242382869, -34.58202096576702], [-67.8599614664825, -34.58207183886308], [-67.85980736139383, -34.5821118628067], [-67.85966581924441, -34.5821256836211], [-67.85954402386156, -34.58213806592098], [-67.85942996117667, -34.58218269972578], [-67.85902497998535, -34.58241363411206], [-67.85880982538995, -34.58252663859466], [-67.8586313831436, -34.582568957270574], [-67.85852720731674, -34.58256798248946], [-67.85853861502254, -34.58158224882841]]]}, "properties": {"fid": 64351, "tipo_culti": "INCULTOS", "globalid": "{ABBB2C20-5136-4C19-95CA-96A0E941260B}", "created_date": 1740061366000, "created_user": "ugdt_admin", "last_edited_date": 1740061366000, "last_edited_user": "ugdt_admin", "shape_Length": 658.6584958648616, "shape_Area": 18388.423713396503, "cultivo": "otros", "id": "X133"}}, {"type": "Feature", "id": 51644, "geometry": {"type": "Polygon", "coordinates": [[[-68.3242800726104, -34.56639583928939], [-68.32252929744416, -34.566876330571084], [-68.32221302129389, -34.56626430985853], [-68.32396001455278, -34.56575162152892], [-68.3242800726104, -34.56639583928939]]]}, "properties": {"fid": 51644, "tipo_culti": "ANUALES", "globalid": "{E872E9E4-6280-494B-A8E4-2A501AF83E9E}", "created_date": 1740061366000, "created_user": "ugdt_admin", "last_edited_date": 1740061366000, "last_edited_user": "ugdt_admin", "shape_Length": 595.8982051766109, "shape_Area": 18908.596508050952, "cultivo": "otros", "id": "X134"}}, {"type": "Feature", "id": 57640, "geometry": {"type": "Polygon", "coordinates": [[[-67.94557747615058, -34.667457285305225], [-67.94557703238283, -34.667492255092405], [-67.94553852879312, -34.67033270546515], [-67.94367136161046, -34.67031671984778], [-67.94380904729236, -34.665864293186935], [-67.9455988830038, -34.66587969745047], [-67.94557747615058, -34.667457285305225]]]}, "properties": {"fid": 57640, "tipo_culti": "INCULTOS", "globalid": "{B224B5E9-9F5A-4B6C-A786-13EC31084DFC}", "created_date": 1740061366000, "created_user": "ugdt_admin", "last_edited_date": 1740061366000, "last_edited_user": "ugdt_admin", "shape_Length": 1612.6943965733699, "shape_Area": 122695.82617088115, "cultivo": "otros", "id": "X135"}}, {"type": "Feature", "id": 28061, "geometry": {"type": "Polygon", "coordinates": [[[-68.38067235266188, -34.71630032153203], [-68.38106321413356, -34.71750983246563], [-68.379969987789, -34.71799608110501], [-68.37957293692499, -34.71676931878256], [-68.38067235266188, -34.71630032153203]]]}, "properties": {"fid": 28061, "tipo_culti": "ANUALES", "globalid": "{187FAB24-9314-4F64-93AB-D8C2468B3375}", "created_date": 1740061366000, "created_user": "ugdt_admin", "last_edited_date": 1740061366000, "last_edited_user": "ugdt_admin", "shape_Length": 617.6610413269218, "shape_Area": 22970.181395967174, "cultivo": "otros", "id": "X136"}}, {"type": "Feature", "id": 59922, "geometry": {"type": "Polygon", "coordinates": [[[-67.80985490239162, -34.83879214902832], [-67.81037852318421, -34.83769989063636], [-67.81129707481674, -34.838008295714566], [-67.81078316211742, -34.839079922546254], [-67.80985490239162, -34.83879214902832]]]}, "properties": {"fid": 59922, "tipo_culti": "INCULTOS", "globalid": "{4033CF85-D1AC-460E-A8B3-D3216D1E5C57}", "created_date": 1740061366000, "created_user": "ugdt_admin", "last_edited_date": 1740061366000, "last_edited_user": "ugdt_admin", "shape_Length": 536.3297645030268, "shape_Area": 17418.858243593964, "cultivo": "otros", "id": "X137"}}, {"type": "Feature", "id": 1424, "geometry": {"type": "Polygon", "coordinates": [[[-69.5913950530584, -35.46136275200475], [-69.59208585391863, -35.4613582836103], [-69.5919748922181, -35.463549704601014], [-69.59120276597689, -35.4635535787625], [-69.5913950530584, -35.46136275200475]]]}, "properties": {"fid": 1424, "tipo_culti": "ANUALES", "globalid": "{559A68D5-7A6D-45B5-BF59-13CFD0CCEFD8}", "created_date": 1740061366000, "created_user": "ugdt_admin", "last_edited_date": 1740061366000, "last_edited_user": "ugdt_admin", "shape_Length": 762.8094924016141, "shape_Area": 24374.838571958317, "cultivo": "otros", "id": "X138"}}, {"type": "Feature", "id": 12221, "geometry": {"type": "Polygon", "coordinates": [[[-67.54177519516928, -35.1471514382875], [-67.53995698616959, -35.1465136167559], [-67.53956733922017, -35.147263095747135], [-67.53917161696447, -35.14712430690903], [-67.53857048413927, -35.14828040617225], [-67.5390850687784, -35.14846100629194], [-67.53837721609747, -35.149822295581465], [-67.53908101018996, -35.150069168871426], [-67.53876123061006, -35.150684027802136], [-67.5334394725264, -35.14874266308507], [-67.53627618331038, -35.147672114108886], [-67.53707476134343, -35.14726285408676], [-67.53721805610598, -35.14696915097806], [-67.53717055768534, -35.14644728731934], [-67.53682652359277, -35.145922383716965], [-67.53603966228594, -35.14567206091362], [-67.53519364781599, -35.14566138430982], [-67.53503645970926, -35.14576880623221], [-67.53481079392674, -35.1457053320962], [-67.53432550245068, -35.14497574949287], [-67.53428506209322, -35.14448353145569], [-67.53438892261143, -35.14405173161804], [-67.53452105221331, -35.14383017802586], [-67.53457172078859, -35.14377644486802], [-67.5390310072663, -35.14541435955322], [-67.54210240651153, -35.146542337140566], [-67.54177519516928, -35.1471514382875]]]}, "properties": {"fid": 12221, "tipo_culti": "INCULTOS", "globalid": "{4AAB2B18-5229-43B1-9A4F-57C6CF21F5A9}", "created_date": 1740061366000, "created_user": "ugdt_admin", "last_edited_date": 1740061366000, "last_edited_user": "ugdt_admin", "shape_Length": 3816.8397244895414, "shape_Area": 325845.91978885303, "cultivo": "otros", "id": "X139"}}, {"type": "Feature", "id": 58527, "geometry": {"type": "Polygon", "coordinates": [[[-67.99884223381113, -34.66315725213819], [-68.00060778267053, -34.663175254043956], [-68.00058209714163, -34.66419685283211], [-67.99882463761134, -34.66417567255474], [-67.99884223381113, -34.66315725213819]]]}, "properties": {"fid": 58527, "tipo_culti": "ANUALES", "globalid": "{EBF348D3-6EF8-4387-8E0B-59B48F5C8ECA}", "created_date": 1740061366000, "created_user": "ugdt_admin", "last_edited_date": 1740061366000, "last_edited_user": "ugdt_admin", "shape_Length": 668.3594804951239, "shape_Area": 27076.616802006763, "cultivo": "otros", "id": "X140"}}, {"type": "Feature", "id": 29797, "geometry": {"type": "Polygon", "coordinates": [[[-68.38863501934031, -34.74818961376203], [-68.38730600140333, -34.74825847240528], [-68.38707520444389, -34.74737709146077], [-68.38836293670873, -34.747188592006225], [-68.38863501934031, -34.74818961376203]]]}, "properties": {"fid": 29797, "tipo_culti": "ANUALES", "globalid": "{1025AA45-9B85-4624-871B-963902307BBD}", "created_date": 1740061366000, "created_user": "ugdt_admin", "last_edited_date": 1740061366000, "last_edited_user": "ugdt_admin", "shape_Length": 554.9471696277578, "shape_Area": 19060.025546608762, "cultivo": "otros", "id": "X141"}}, {"type": "Feature", "id": 70412, "geometry": {"type": "Polygon", "coordinates": [[[-68.24414734799558, -34.93575218518223], [-68.24536944305756, -34.935784029323386], [-68.24539228092704, -34.935788226996074], [-68.24535329853528, -34.93631582487444], [-68.2453515306508, -34.936425149166794], [-68.2441120720527, -34.936411765322], [-68.24411954693417, -34.93626506943225], [-68.24414734799558, -34.93575218518223]]]}, "properties": {"fid": 70412, "tipo_culti": "ANUALES", "globalid": "{3836C234-5E3B-465A-A0D2-9E3B6EB69B1B}", "created_date": 1740061366000, "created_user": "ugdt_admin", "last_edited_date": 1740061366000, "last_edited_user": "ugdt_admin", "shape_Length": 452.9757962631647, "shape_Area": 12196.458584943082, "cultivo": "otros", "id": "X142"}}, {"type": "Feature", "id": 37741, "geometry": {"type": "Polygon", "coordinates": [[[-68.17164132822776, -34.710806085407086], [-68.1717008505985, -34.71081379111259], [-68.17176765830618, -34.710857152030876], [-68.17178981525267, -34.71106543387908], [-68.17187435660237, -34.711454238698714], [-68.1719185797655, -34.71180328782631], [-68.17192149659522, -34.7125072056829], [-68.17192684336779, -34.71296740317476], [-68.17194381523846, -34.71338927976312], [-68.17188880151213, -34.713728460575915], [-68.17161724170006, -34.71503895209033], [-68.16991573104232, -34.71518114837845], [-68.16953910517292, -34.71251830211345], [-68.16886784895833, -34.71258772953694], [-68.16881588141915, -34.71110467414007], [-68.17164132822776, -34.710806085407086]]]}, "properties": {"fid": 37741, "tipo_culti": "INCULTOS", "globalid": "{153FB748-FE0C-46B0-823C-696F656BCE7B}", "created_date": 1740061366000, "created_user": "ugdt_admin", "last_edited_date": 1740061366000, "last_edited_user": "ugdt_admin", "shape_Length": 1733.4677913814146, "shape_Area": 154708.88233296806, "cultivo": "otros", "id": "X143"}}, {"type": "Feature", "id": 11964, "geometry": {"type": "Polygon", "coordinates": [[[-67.69737850665197, -35.17504292189932], [-67.69532379998407, -35.174147466378294], [-67.6958663482797, -35.1731527102427], [-67.6979734707461, -35.1741191103998], [-67.69737850665197, -35.17504292189932]]]}, "properties": {"fid": 11964, "tipo_culti": "ANUALES", "globalid": "{6612C63E-B185-47CB-B76D-5BE8AA33E53D}", "created_date": 1740061366000, "created_user": "ugdt_admin", "last_edited_date": 1740061366000, "last_edited_user": "ugdt_admin", "shape_Length": 818.6754270547156, "shape_Area": 38289.489022112335, "cultivo": "otros", "id": "X144"}}, {"type": "Feature", "id": 32471, "geometry": {"type": "Polygon", "coordinates": [[[-68.4163925205468, -34.538190343078334], [-68.42125687086086, -34.53652762787035], [-68.42132531080739, -34.53666470029229], [-68.42135077624907, -34.536668336649264], [-68.42143773586352, -34.53667929529921], [-68.42150336947313, -34.53670250241311], [-68.42157102159716, -34.53674879600177], [-68.42164269817368, -34.536859111228], [-68.4216056121255, -34.53735445457681], [-68.41680793746679, -34.53899442408844], [-68.4163925205468, -34.538190343078334]]]}, "properties": {"fid": 32471, "tipo_culti": "INCULTOS", "globalid": "{93DFAB56-911C-452D-B4C1-105E99ECA1B7}", "created_date": 1740061366000, "created_user": "ugdt_admin", "last_edited_date": 1740061366000, "last_edited_user": "ugdt_admin", "shape_Length": 1417.0040213397351, "shape_Area": 70270.72348429434, "cultivo": "otros", "id": "X145"}}, {"type": "Feature", "id": 48614, "geometry": {"type": "Polygon", "coordinates": [[[-67.86159459648252, -34.875522108846575], [-67.86160651802467, -34.876608875913945], [-67.85976480909714, -34.877392816935846], [-67.85975482162782, -34.876278667147965], [-67.86159459648252, -34.875522108846575]]]}, "properties": {"fid": 48614, "tipo_culti": "ANUALES", "globalid": "{576B6CE4-23C4-4B0E-9522-A73CFDF07960}", "created_date": 1740061366000, "created_user": "ugdt_admin", "last_edited_date": 1740061366000, "last_edited_user": "ugdt_admin", "shape_Length": 758.7188330571216, "shape_Area": 30725.254545262644, "cultivo": "otros", "id": "X146"}}, {"type": "Feature", "id": 16630, "geometry": {"type": "Polygon", "coordinates": [[[-67.65744067754119, -34.941056501415446], [-67.6570195590141, -34.94105941676947], [-67.6570208112656, -34.941351814691], [-67.65689493303977, -34.94135213501798], [-67.65689076755181, -34.94033226137589], [-67.65743751547139, -34.94033055441693], [-67.65744067754119, -34.941056501415446]]]}, "properties": {"fid": 16630, "tipo_culti": "ANUALES", "globalid": "{BB6F7C21-64FB-4FF0-A8ED-3B84C9D67797}", "created_date": 1740061366000, "created_user": "ugdt_admin", "last_edited_date": 1740061366000, "last_edited_user": "ugdt_admin", "shape_Length": 398.5447299969357, "shape_Area": 6565.575361029273, "cultivo": "otros", "id": "X147"}}, {"type": "Feature", "id": 50298, "geometry": {"type": "Polygon", "coordinates": [[[-67.73999982540028, -34.91075155828963], [-67.74082144791534, -34.911115466048614], [-67.74009672936492, -34.91218620440208], [-67.7395489385013, -34.911945999379185], [-67.73964241898639, -34.91176454220216], [-67.73941319677365, -34.911671130583045], [-67.73999982540028, -34.91075155828963]]]}, "properties": {"fid": 50298, "tipo_culti": "FRUTALES", "globalid": "{9C86FDA0-7141-48F8-91BE-525360573488}", "created_date": 1740061366000, "created_user": "ugdt_admin", "last_edited_date": 1740061366000, "last_edited_user": "ugdt_admin", "shape_Length": 535.4565764808522, "shape_Area": 16183.153591008382, "cultivo": "otros", "id": "X148"}}, {"type": "Feature", "id": 447, "geometry": {"type": "Polygon", "coordinates": [[[-67.64414714655705, -35.00482021850214], [-67.64454481007206, -35.004817990458974], [-67.6445455053681, -35.004895329568946], [-67.64464388077317, -35.00489480567023], [-67.64464920868113, -35.005547944334396], [-67.64415316616777, -35.00555069551637], [-67.64414714655705, -35.00482021850214]]]}, "properties": {"fid": 447, "tipo_culti": "ANUALES", "globalid": "{C2418730-6784-4CD3-8931-684B807FB565}", "created_date": 1740061366000, "created_user": "ugdt_admin", "last_edited_date": 1740061366000, "last_edited_user": "ugdt_admin", "shape_Length": 308.99556086508335, "shape_Area": 5367.42175905534, "cultivo": "otros", "id": "X149"}}, {"type": "Feature", "id": 29447, "geometry": {"type": "Polygon", "coordinates": [[[-68.34987933900746, -34.51249822382946], [-68.35316582996597, -34.511394555011115], [-68.35318566027587, -34.511435404999915], [-68.35369009125738, -34.51247670802215], [-68.35363812192156, -34.512494011270654], [-68.35288173057087, -34.51274502270299], [-68.35325507040294, -34.5135158336721], [-68.35401146714352, -34.513264820120504], [-68.35406343737765, -34.51324751703207], [-68.35446584040413, -34.51407824331326], [-68.35363329976511, -34.514345352976484], [-68.35281095230962, -34.51464550335764], [-68.35243447286561, -34.51388630328256], [-68.35210963936393, -34.513996719113884], [-68.35207886487895, -34.51393471764848], [-68.35131403026288, -34.51239226950952], [-68.3500957260914, -34.5128061330989], [-68.35003894807389, -34.51282548222287], [-68.34987933900746, -34.51249822382946]]]}, "properties": {"fid": 29447, "tipo_culti": "INCULTOS", "globalid": "{6B1EF41E-3CC2-488C-A2AF-8F534A77E4D7}", "created_date": 1740061366000, "created_user": "ugdt_admin", "last_edited_date": 1740061366000, "last_edited_user": "ugdt_admin", "shape_Length": 1764.2928262175935, "shape_Area": 85801.00172496219, "cultivo": "otros", "id": "X150"}}, {"type": "Feature", "id": 54808, "geometry": {"type": "Polygon", "coordinates": [[[-68.13686719323655, -34.66003310047543], [-68.13658150741664, -34.659957613565574], [-68.13538654327287, -34.659631853299715], [-68.13384143289935, -34.65922048557093], [-68.13157066703256, -34.65859138178833], [-68.13254004444556, -34.65726989309857], [-68.13262227712497, -34.65715645166361], [-68.13334809251836, -34.657369925849075], [-68.13455065820605, -34.65770558547588], [-68.13654748731851, -34.658273382167756], [-68.13760351532548, -34.65857254834724], [-68.13785130032524, -34.65865227197056], [-68.13686719323655, -34.66003310047543]]]}, "properties": {"fid": 54808, "tipo_culti": "ANUALES", "globalid": "{013D116C-3516-4C59-84EF-5AEC5B154140}", "created_date": 1740061366000, "created_user": "ugdt_admin", "last_edited_date": 1740061366000, "last_edited_user": "ugdt_admin", "shape_Length": 1680.7454580780495, "shape_Area": 134713.59794484643, "cultivo": "otros", "id": "X151"}}, {"type": "Feature", "id": 19136, "geometry": {"type": "Polygon", "coordinates": [[[-67.54726289095055, -35.01571860192456], [-67.54727175372913, -35.01490169622941], [-67.54879694485956, -35.01491282550698], [-67.5487880955557, -35.01572982158394], [-67.54726289095055, -35.01571860192456]]]}, "properties": {"fid": 19136, "tipo_culti": "ANUALES", "globalid": "{93016553-D90B-48FF-AB17-45211BA2299C}", "created_date": 1740061366000, "created_user": "ugdt_admin", "last_edited_date": 1740061366000, "last_edited_user": "ugdt_admin", "shape_Length": 561.6731396729673, "shape_Area": 18854.535730209045, "cultivo": "otros", "id": "X152"}}, {"type": "Feature", "id": 55430, "geometry": {"type": "Polygon", "coordinates": [[[-67.73292954422678, -34.89096442691606], [-67.73200212712071, -34.89055267529086], [-67.73244919528142, -34.88986917846672], [-67.73337791135138, -34.890281480991014], [-67.73292954422678, -34.89096442691606]]]}, "properties": {"fid": 55430, "tipo_culti": "ANUALES", "globalid": "{3288EE4D-F54F-4E02-891B-393389ABB4FC}", "created_date": 1740061366000, "created_user": "ugdt_admin", "last_edited_date": 1740061366000, "last_edited_user": "ugdt_admin", "shape_Length": 445.48634665777513, "shape_Area": 12366.333306031891, "cultivo": "otros", "id": "X153"}}, {"type": "Feature", "id": 11466, "geometry": {"type": "Polygon", "coordinates": [[[-67.59460822699586, -35.1210548783366], [-67.59501437240381, -35.120278544567796], [-67.59626308993754, -35.12072111950805], [-67.59593761773368, -35.12130344727056], [-67.59589238845744, -35.121420539223514], [-67.595773774009, -35.12146729292937], [-67.59460822699586, -35.1210548783366]]]}, "properties": {"fid": 11466, "tipo_culti": "ANUALES", "globalid": "{D3459645-B690-4B6E-A243-A4BAF02C0563}", "created_date": 1740061366000, "created_user": "ugdt_admin", "last_edited_date": 1740061366000, "last_edited_user": "ugdt_admin", "shape_Length": 526.2997110748354, "shape_Area": 17229.893618104656, "cultivo": "otros", "id": "X154"}}, {"type": "Feature", "id": 67825, "geometry": {"type": "Polygon", "coordinates": [[[-68.27853025410417, -34.6511281722033], [-68.28051736973345, -34.65049459451006], [-68.28112091184025, -34.651390369457616], [-68.27907033742265, -34.652044134203756], [-68.27892486514386, -34.65193862071168], [-68.27853025410417, -34.6511281722033]]]}, "properties": {"fid": 67825, "tipo_culti": "INCULTOS", "globalid": "{FEEC831C-569E-49CF-B107-11CA65C6AA1D}", "created_date": 1740061366000, "created_user": "ugdt_admin", "last_edited_date": 1740061366000, "last_edited_user": "ugdt_admin", "shape_Length": 760.3752280485455, "shape_Area": 33667.90565294401, "cultivo": "otros", "id": "X155"}}, {"type": "Feature", "id": 32976, "geometry": {"type": "Polygon", "coordinates": [[[-68.18217965257367, -34.751713349576086], [-68.18209466835452, -34.75171521249677], [-68.18110981207089, -34.75173698740893], [-68.18105552328501, -34.7517381550554], [-68.1810639692453, -34.75058380445902], [-68.18216512591722, -34.750572455543576], [-68.18217965257367, -34.751713349576086]]]}, "properties": {"fid": 32976, "tipo_culti": "FRUTALES", "globalid": "{DB4C2ECB-DB37-4057-ADF0-AE8739FD80AF}", "created_date": 1740061366000, "created_user": "ugdt_admin", "last_edited_date": 1740061366000, "last_edited_user": "ugdt_admin", "shape_Length": 558.7555515400569, "shape_Area": 19259.271387241533, "cultivo": "otros", "id": "X156"}}, {"type": "Feature", "id": 70267, "geometry": {"type": "Polygon", "coordinates": [[[-68.24770682259592, -34.78980236017916], [-68.25019962864472, -34.789861549946075], [-68.2501689529744, -34.79121046695439], [-68.24765982992677, -34.79115090560198], [-68.24770682259592, -34.78980236017916]]]}, "properties": {"fid": 70267, "tipo_culti": "ANUALES", "globalid": "{58F25D63-AD38-4FA8-AED2-9C3BF86D6B61}", "created_date": 1740061366000, "created_user": "ugdt_admin", "last_edited_date": 1740061366000, "last_edited_user": "ugdt_admin", "shape_Length": 922.7922403873675, "shape_Area": 50933.09366088381, "cultivo": "otros", "id": "X157"}}, {"type": "Feature", "id": 55429, "geometry": {"type": "Polygon", "coordinates": [[[-67.72066529391202, -34.89040746837301], [-67.72145780562197, -34.89076074308557], [-67.72096169483663, -34.89151804162846], [-67.72016841776205, -34.891164395123546], [-67.72066529391202, -34.89040746837301]]]}, "properties": {"fid": 55429, "tipo_culti": "ANUALES", "globalid": "{AB9076A1-12C5-44B9-BD7A-E24519F40F98}", "created_date": 1740061366000, "created_user": "ugdt_admin", "last_edited_date": 1740061366000, "last_edited_user": "ugdt_admin", "shape_Length": 434.26209564113515, "shape_Area": 11720.626821000187, "cultivo": "otros", "id": "X158"}}, {"type": "Feature", "id": 66162, "geometry": {"type": "Polygon", "coordinates": [[[-68.30648488520985, -34.64853412386166], [-68.30733825239044, -34.64825079234656], [-68.30738793641217, -34.64834914809383], [-68.30780719003673, -34.64820892542096], [-68.30800850878012, -34.64842307223567], [-68.30675240978968, -34.64885321244661], [-68.30648488520985, -34.64853412386166]], [[-68.30757798399365, -34.64844965348814], [-68.30747438488523, -34.648486203158235], [-68.30749928798153, -34.64853457021985], [-68.30760299668445, -34.64849802131007], [-68.30757798399365, -34.64844965348814]], [[-68.30775512727611, -34.64834420267041], [-68.30771199017619, -34.6483636082086], [-68.30772092931157, -34.64837727019546], [-68.30776406641151, -34.648357864660476], [-68.30775512727611, -34.64834420267041]]]}, "properties": {"fid": 66162, "tipo_culti": "FRUTALES", "globalid": "{E45221EE-5466-4D46-A124-EDD5DC75583E}", "created_date": 1740061366000, "created_user": "ugdt_admin", "last_edited_date": 1740061366000, "last_edited_user": "ugdt_admin", "shape_Length": 462.2524028506899, "shape_Area": 6779.106168415387, "cultivo": "otros", "id": "X159"}}, {"type": "Feature", "id": 21801, "geometry": {"type": "Polygon", "coordinates": [[[-67.97770278389781, -34.63422323530209], [-67.9777302373112, -34.630572217329124], [-67.97773291429075, -34.63022069915991], [-67.9842434884484, -34.63360806672146], [-67.98424156066379, -34.63374830595453], [-67.98401174017307, -34.633778841849356], [-67.98366686974899, -34.63380030559135], [-67.98351065092446, -34.633813696497754], [-67.98340539532262, -34.63381525311565], [-67.98302895809944, -34.63379606960895], [-67.98301892571433, -34.63372459596602], [-67.9826650847138, -34.6337037072521], [-67.98260020928231, -34.6342028951492], [-67.98315937910563, -34.634252357803845], [-67.98317250888182, -34.633837829245785], [-67.98322406678925, -34.63383086733674], [-67.98328151764493, -34.63383251856355], [-67.98349459892863, -34.63384222709652], [-67.98392355615489, -34.633811278048626], [-67.98424119594779, -34.63377822910635], [-67.98422074310541, -34.635259037634285], [-67.97769544286531, -34.63519477760963], [-67.97770278389781, -34.63422323530209]]]}, "properties": {"fid": 21801, "tipo_culti": "INCULTOS", "globalid": "{C3CF4121-1B67-4993-A279-A1FC42A4E60B}", "created_date": 1740061366000, "created_user": "ugdt_admin", "last_edited_date": 1740061366000, "last_edited_user": "ugdt_admin", "shape_Length": 2967.235218735956, "shape_Area": 321561.6624415148, "cultivo": "otros", "id": "X160"}}, {"type": "Feature", "id": 41466, "geometry": {"type": "Polygon", "coordinates": [[[-68.21286011001794, -34.636801245552206], [-68.21335531979304, -34.63805189734781], [-68.19970586731017, -34.63837917921994], [-68.19961595313674, -34.6383500145606], [-68.19911126433878, -34.63717640641148], [-68.21286011001794, -34.636801245552206]]]}, "properties": {"fid": 41466, "tipo_culti": "INCULTOS", "globalid": "{F9C1F3AB-BA8B-4F92-A882-6F7A9F1DA4E5}", "created_date": 1740061366000, "created_user": "ugdt_admin", "last_edited_date": 1740061366000, "last_edited_user": "ugdt_admin", "shape_Length": 3408.6104150787437, "shape_Area": 256673.05890888802, "cultivo": "otros", "id": "X161"}}, {"type": "Feature", "id": 17031, "geometry": {"type": "Polygon", "coordinates": [[[-67.46514602413002, -34.946300620516254], [-67.46828367502577, -34.94627534050845], [-67.4682879042941, -34.950666878273495], [-67.46519775271736, -34.95065427207725], [-67.46514602413002, -34.946300620516254]]]}, "properties": {"fid": 17031, "tipo_culti": "ANUALES", "globalid": "{424B2207-A4FA-4205-8F10-63391ECA1D8A}", "created_date": 1740061366000, "created_user": "ugdt_admin", "last_edited_date": 1740061366000, "last_edited_user": "ugdt_admin", "shape_Length": 1881.0140589363502, "shape_Area": 205851.6733436295, "cultivo": "otros", "id": "X162"}}, {"type": "Feature", "id": 58756, "geometry": {"type": "Polygon", "coordinates": [[[-67.98547440316982, -34.69691125323267], [-67.98546541822034, -34.69743280611257], [-67.98429268737988, -34.69741943065459], [-67.98430142708928, -34.69690067023201], [-67.98547440316982, -34.69691125323267]]]}, "properties": {"fid": 58756, "tipo_culti": "ANUALES", "globalid": "{590BC1C5-0106-4875-8B03-B11FCD104747}", "created_date": 1740061366000, "created_user": "ugdt_admin", "last_edited_date": 1740061366000, "last_edited_user": "ugdt_admin", "shape_Length": 402.01224333164816, "shape_Area": 9196.723182545158, "cultivo": "otros", "id": "X163"}}, {"type": "Feature", "id": 57759, "geometry": {"type": "Polygon", "coordinates": [[[-68.0937923690002, -34.75180706240593], [-68.09380976936724, -34.75308336656417], [-68.09281009088141, -34.7530695233137], [-68.09243716247774, -34.75274756523246], [-68.09242901026653, -34.75181565736868], [-68.0937923690002, -34.75180706240593]], [[-68.09337214250017, -34.75203576929878], [-68.09330278986529, -34.75203615457645], [-68.09330152773232, -34.7521516123197], [-68.09343791984023, -34.75215262717801], [-68.09343856662724, -34.75209350188126], [-68.09337151637443, -34.752093002939645], [-68.09337214250017, -34.75203576929878]]]}, "properties": {"fid": 57759, "tipo_culti": "ANUALES", "globalid": "{1EAC13C1-1394-4CA4-9FE5-3A7F400714BD}", "created_date": 1740061366000, "created_user": "ugdt_admin", "last_edited_date": 1740061366000, "last_edited_user": "ugdt_admin", "shape_Length": 684.2674242096949, "shape_Area": 24956.0810226838, "cultivo": "otros", "id": "X164"}}, {"type": "Feature", "id": 72, "geometry": {"type": "Polygon", "coordinates": [[[-67.70573446384661, -34.950942167929256], [-67.70573280286168, -34.95161885438475], [-67.7051375261538, -34.951617827257905], [-67.70513866072602, -34.95117673805165], [-67.70499350914578, -34.95117654219703], [-67.70499403555854, -34.950934275553784], [-67.70573446384661, -34.950942167929256]]]}, "properties": {"fid": 72, "tipo_culti": "FRUTALES", "globalid": "{9460471A-EF19-46C2-9B51-5ABBA0738126}", "created_date": 1740061366000, "created_user": "ugdt_admin", "last_edited_date": 1740061366000, "last_edited_user": "ugdt_admin", "shape_Length": 349.57010961841934, "shape_Area": 6644.017460674885, "cultivo": "otros", "id": "X165"}}, {"type": "Feature", "id": 64700, "geometry": {"type": "Polygon", "coordinates": [[[-67.94364653756588, -34.642029940773824], [-67.93771411553185, -34.64191963501903], [-67.9377374870006, -34.63955677692164], [-67.9394076563364, -34.63958104916364], [-67.94445981652858, -34.639655261235276], [-67.94440869789733, -34.642036720924594], [-67.94364653756588, -34.642029940773824]]]}, "properties": {"fid": 64700, "tipo_culti": "ANUALES", "globalid": "{4BC46E69-5E0D-409E-B1B5-0992D5088A34}", "created_date": 1740061366000, "created_user": "ugdt_admin", "last_edited_date": 1740061366000, "last_edited_user": "ugdt_admin", "shape_Length": 2135.8453552853334, "shape_Area": 240090.92047700455, "cultivo": "otros", "id": "X166"}}, {"type": "Feature", "id": 36123, "geometry": {"type": "Polygon", "coordinates": [[[-68.04662856181255, -34.68939183234157], [-68.04678671920148, -34.688208649411045], [-68.05086161387418, -34.68841568234598], [-68.05069779709898, -34.68957385869963], [-68.04662856181255, -34.68939183234157]]]}, "properties": {"fid": 36123, "tipo_culti": "ANUALES", "globalid": "{2F67BB11-64E1-4AB9-9BE7-14A2BFAF40DF}", "created_date": 1740061366000, "created_user": "ugdt_admin", "last_edited_date": 1740061366000, "last_edited_user": "ugdt_admin", "shape_Length": 1227.1377817224227, "shape_Area": 72315.72103453998, "cultivo": "otros", "id": "X167"}}, {"type": "Feature", "id": 53728, "geometry": {"type": "Polygon", "coordinates": [[[-67.7315465599991, -34.86209643459931], [-67.73033690750212, -34.8641108016095], [-67.7280653861522, -34.864212434850195], [-67.72775349108554, -34.86426334171517], [-67.72766804603067, -34.8642943541566], [-67.72759147273753, -34.86433861919084], [-67.72752675451119, -34.86439418428692], [-67.72717717152513, -34.865159265982136], [-67.72622114756885, -34.86472959733562], [-67.7287050396351, -34.86100499484871], [-67.7315465599991, -34.86209643459931]]]}, "properties": {"fid": 53728, "tipo_culti": "INCULTOS", "globalid": "{827615F7-152A-4DB0-B962-A146C2306ABA}", "created_date": 1740061366000, "created_user": "ugdt_admin", "last_edited_date": 1740061366000, "last_edited_user": "ugdt_admin", "shape_Length": 1782.0340053597881, "shape_Area": 156710.6804234962, "cultivo": "otros", "id": "X168"}}, {"type": "Feature", "id": 2112, "geometry": {"type": "Polygon", "coordinates": [[[-69.57494711670017, -35.505938136065424], [-69.57440505079984, -35.505971362421434], [-69.5742937522311, -35.50546437379838], [-69.57451417005574, -35.50542934608265], [-69.5744745786062, -35.50524062366279], [-69.57478295227693, -35.5051898542067], [-69.57494711670017, -35.505938136065424]]]}, "properties": {"fid": 2112, "tipo_culti": "ANUALES", "globalid": "{3A48F0D1-1546-43C9-87F6-47B88D2D1C70}", "created_date": 1740061366000, "created_user": "ugdt_admin", "last_edited_date": 1740061366000, "last_edited_user": "ugdt_admin", "shape_Length": 321.0879477518708, "shape_Area": 5377.195609027784, "cultivo": "otros", "id": "X169"}}, {"type": "Feature", "id": 11986, "geometry": {"type": "Polygon", "coordinates": [[[-67.68750781022523, -35.19197011010993], [-67.68781233461495, -35.19137829863245], [-67.68878136078666, -35.19170487350985], [-67.68823887357648, -35.19281207228191], [-67.68721541129518, -35.19253816845981], [-67.68750781022523, -35.19197011010993]]]}, "properties": {"fid": 11986, "tipo_culti": "ANUALES", "globalid": "{E2CC3F7E-351C-40C7-A32F-4C6A92BD25D9}", "created_date": 1740061366000, "created_user": "ugdt_admin", "last_edited_date": 1740061366000, "last_edited_user": "ugdt_admin", "shape_Length": 570.4272405684588, "shape_Area": 19717.12621119504, "cultivo": "otros", "id": "X170"}}, {"type": "Feature", "id": 40275, "geometry": {"type": "Polygon", "coordinates": [[[-68.19630630810178, -34.742473693766904], [-68.19603043098644, -34.743515051624996], [-68.19487735887763, -34.74352951800408], [-68.19514441184192, -34.74247638659371], [-68.19630630810178, -34.742473693766904]]]}, "properties": {"fid": 40275, "tipo_culti": "ANUALES", "globalid": "{31B77369-8971-43E6-999A-223CC6A11A8C}", "created_date": 1740061366000, "created_user": "ugdt_admin", "last_edited_date": 1740061366000, "last_edited_user": "ugdt_admin", "shape_Length": 547.8292993317143, "shape_Area": 18245.18704917781, "cultivo": "otros", "id": "X171"}}, {"type": "Feature", "id": 34067, "geometry": {"type": "Polygon", "coordinates": [[[-68.16808991151555, -34.762163224768514], [-68.16818869295913, -34.7621698489601], [-68.16821393382197, -34.76217975572689], [-68.16825394029317, -34.762209324732396], [-68.1682818967631, -34.76235139337239], [-68.1682996510664, -34.76284637493442], [-68.16830531404595, -34.76296783064075], [-68.16818721163722, -34.76298171651065], [-68.1674291961325, -34.762981041995154], [-68.16750920368497, -34.76258389825367], [-68.16761190447812, -34.762210976351476], [-68.16764436869418, -34.762186770313356], [-68.16808991151555, -34.762163224768514]]]}, "properties": {"fid": 34067, "tipo_culti": "ANUALES", "globalid": "{CC15427E-8362-4CC2-8830-55B48351065E}", "created_date": 1740061366000, "created_user": "ugdt_admin", "last_edited_date": 1740061366000, "last_edited_user": "ugdt_admin", "shape_Length": 381.808921311811, "shape_Area": 9336.008167420265, "cultivo": "otros", "id": "X172"}}, {"type": "Feature", "id": 26560, "geometry": {"type": "Polygon", "coordinates": [[[-67.75862125804633, -34.98786779819099], [-67.7586239664669, -34.98706457653566], [-67.75921185363325, -34.98706463762146], [-67.75921197939738, -34.98688933379111], [-67.76093774456781, -34.98688947509826], [-67.76116546300076, -34.98695272768199], [-67.76131229083732, -34.98707860712583], [-67.76154667207472, -34.987324893490324], [-67.76130616253045, -34.987572643691294], [-67.76121257873909, -34.98764172093347], [-67.7611285143948, -34.98768962433545], [-67.76102065817022, -34.9877174556773], [-67.76015051585004, -34.98776968063192], [-67.75955570177454, -34.98780019748837], [-67.75925989553464, -34.98785080252897], [-67.75862125804633, -34.98786779819099]]]}, "properties": {"fid": 26560, "tipo_culti": "INCULTOS", "globalid": "{11A0328F-47BD-4F43-9209-A09BD1BC3590}", "created_date": 1740061366000, "created_user": "ugdt_admin", "last_edited_date": 1740061366000, "last_edited_user": "ugdt_admin", "shape_Length": 832.6283733446714, "shape_Area": 35143.713984885355, "cultivo": "otros", "id": "X173"}}, {"type": "Feature", "id": 6629, "geometry": {"type": "Polygon", "coordinates": [[[-67.68186697684084, -34.9932270772201], [-67.68188569862966, -34.99403349481123], [-67.68070983446549, -34.99403351909627], [-67.68070119536739, -34.993220631316674], [-67.68186697684084, -34.9932270772201]]]}, "properties": {"fid": 6629, "tipo_culti": "INCULTOS", "globalid": "{CC520E16-DE69-4E9C-82D8-3617C1A7237C}", "created_date": 1740061366000, "created_user": "ugdt_admin", "last_edited_date": 1740061366000, "last_edited_user": "ugdt_admin", "shape_Length": 480.73775914324625, "shape_Area": 14338.836266350156, "cultivo": "otros", "id": "X174"}}, {"type": "Feature", "id": 26766, "geometry": {"type": "Polygon", "coordinates": [[[-67.73856963650105, -34.983653602043766], [-67.73858799896378, -34.98456258373679], [-67.73830057939536, -34.9845733866795], [-67.736430227685, -34.984578629911304], [-67.73641328096718, -34.98368597663531], [-67.73755592992374, -34.983664695827876], [-67.73856963650105, -34.983653602043766]]]}, "properties": {"fid": 26766, "tipo_culti": "FRUTALES", "globalid": "{CFE453EE-8AA9-426D-9AB0-F5FDF8938BF5}", "created_date": 1740061366000, "created_user": "ugdt_admin", "last_edited_date": 1740061366000, "last_edited_user": "ugdt_admin", "shape_Length": 725.1432791481413, "shape_Area": 29604.726576874822, "cultivo": "otros", "id": "X175"}}, {"type": "Feature", "id": 61067, "geometry": {"type": "Polygon", "coordinates": [[[-68.44852162457443, -34.65973848752107], [-68.44798197514221, -34.659010583610794], [-68.45107763878158, -34.65739010588421], [-68.451137507902, -34.65754217422448], [-68.45078645078053, -34.65964351469253], [-68.45014371787285, -34.65996855448341], [-68.45002192069337, -34.65992672007659], [-68.44990685009873, -34.65995639881105], [-68.44917157275047, -34.660318694126005], [-68.44900419235853, -34.66038951087221], [-68.44852162457443, -34.65973848752107]]]}, "properties": {"fid": 61067, "tipo_culti": "INCULTOS", "globalid": "{C01A4A80-72AE-401E-BFA6-30B944CF5A5E}", "created_date": 1740061366000, "created_user": "ugdt_admin", "last_edited_date": 1740061366000, "last_edited_user": "ugdt_admin", "shape_Length": 1164.2066898284445, "shape_Area": 74495.4240627786, "cultivo": "otros", "id": "X176"}}, {"type": "Feature", "id": 8571, "geometry": {"type": "Polygon", "coordinates": [[[-67.58105152826103, -34.92050911420171], [-67.58159049856687, -34.91980049674985], [-67.58214525137394, -34.919808684542744], [-67.5821536640966, -34.920502783374225], [-67.58105152826103, -34.92050911420171]]]}, "properties": {"fid": 8571, "tipo_culti": "ANUALES", "globalid": "{7B6BDB7C-BD42-4370-8C50-4422E2B9198E}", "created_date": 1740061366000, "created_user": "ugdt_admin", "last_edited_date": 1740061366000, "last_edited_user": "ugdt_admin", "shape_Length": 392.07519745150574, "shape_Area": 8785.004351811547, "cultivo": "otros", "id": "X177"}}, {"type": "Feature", "id": 9297, "geometry": {"type": "Polygon", "coordinates": [[[-67.50024174970476, -34.93432991459323], [-67.50025272352427, -34.935127778734746], [-67.49755063516709, -34.935159369046715], [-67.49754019045528, -34.93435790693432], [-67.50024174970476, -34.93432991459323]]]}, "properties": {"fid": 9297, "tipo_culti": "FRUTALES", "globalid": "{56C6D54C-BB74-428B-B5C5-F6EBC8A0F86B}", "created_date": 1740061366000, "created_user": "ugdt_admin", "last_edited_date": 1740061366000, "last_edited_user": "ugdt_admin", "shape_Length": 818.7680023264699, "shape_Area": 32663.310326831353, "cultivo": "otros", "id": "X178"}}, {"type": "Feature", "id": 53494, "geometry": {"type": "Polygon", "coordinates": [[[-67.69292018226993, -34.812424038906975], [-67.691852090787, -34.814674443879724], [-67.6917811211846, -34.814836099894784], [-67.69172509415866, -34.815124103162454], [-67.69105330164983, -34.81182134950092], [-67.69292018226993, -34.812424038906975]]]}, "properties": {"fid": 53494, "tipo_culti": "INCULTOS", "globalid": "{56350783-69B7-4421-B5A5-DB4640503A2D}", "created_date": 1740061366000, "created_user": "ugdt_admin", "last_edited_date": 1740061366000, "last_edited_user": "ugdt_admin", "shape_Length": 1067.6419927910038, "shape_Area": 41923.06245921982, "cultivo": "otros", "id": "X179"}}, {"type": "Feature", "id": 7673, "geometry": {"type": "Polygon", "coordinates": [[[-67.60885896591584, -34.94968810050978], [-67.60885602034003, -34.95055565711156], [-67.6080066524591, -34.95055034101692], [-67.60800949742361, -34.94968278362257], [-67.60885896591584, -34.94968810050978]]]}, "properties": {"fid": 7673, "tipo_culti": "ANUALES", "globalid": "{02D14CED-1454-4F81-86B8-B1C0BDEA5C8E}", "created_date": 1740061366000, "created_user": "ugdt_admin", "last_edited_date": 1740061366000, "last_edited_user": "ugdt_admin", "shape_Length": 424.77149548713703, "shape_Area": 11141.458594431888, "cultivo": "otros", "id": "X180"}}, {"type": "Feature", "id": 58027, "geometry": {"type": "Polygon", "coordinates": [[[-68.13503820445345, -34.75791292362573], [-68.13504588055757, -34.758768751860494], [-68.13542959143959, -34.758766429312686], [-68.13543418183069, -34.75918524406994], [-68.13560861938751, -34.75918395844621], [-68.13561463809992, -34.75973817185412], [-68.13315425584298, -34.759756374892575], [-68.13313816072804, -34.757921134916835], [-68.13503820445345, -34.75791292362573]]]}, "properties": {"fid": 58027, "tipo_culti": "FRUTALES", "globalid": "{C49588A2-DDEE-4283-BF2E-105257B0FB90}", "created_date": 1740061366000, "created_user": "ugdt_admin", "last_edited_date": 1740061366000, "last_edited_user": "ugdt_admin", "shape_Length": 1044.0412649697241, "shape_Area": 59626.03159673336, "cultivo": "otros", "id": "X181"}}, {"type": "Feature", "id": 13336, "geometry": {"type": "Polygon", "coordinates": [[[-67.47483416133147, -34.9482453301579], [-67.47396076082175, -34.94823417856162], [-67.47394423271885, -34.94629702865262], [-67.4748632146444, -34.94630451648788], [-67.47483416133147, -34.9482453301579]]]}, "properties": {"fid": 13336, "tipo_culti": "ANUALES", "globalid": "{893664A3-6ECA-4B89-8FFF-755F279D8563}", "created_date": 1740061366000, "created_user": "ugdt_admin", "last_edited_date": 1740061366000, "last_edited_user": "ugdt_admin", "shape_Length": 726.2308243330328, "shape_Area": 26271.647933102548, "cultivo": "otros", "id": "X182"}}, {"type": "Feature", "id": 13562, "geometry": {"type": "Polygon", "coordinates": [[[-67.6147480900515, -35.16378618100916], [-67.61524940387895, -35.162862253364345], [-67.61813185418225, -35.16389558239144], [-67.6162864397042, -35.16430667326955], [-67.6147480900515, -35.16378618100916]]]}, "properties": {"fid": 13562, "tipo_culti": "ANUALES", "globalid": "{7C2C88BD-1C5E-4675-A6AD-45DA6DAD1239}", "created_date": 1740061366000, "created_user": "ugdt_admin", "last_edited_date": 1740061366000, "last_edited_user": "ugdt_admin", "shape_Length": 886.2558793882524, "shape_Area": 36183.64814495429, "cultivo": "otros", "id": "X183"}}, {"type": "Feature", "id": 52323, "geometry": {"type": "Polygon", "coordinates": [[[-67.7479958285589, -34.84009492027376], [-67.74784733614412, -34.84041471634355], [-67.74749211982291, -34.84115258456683], [-67.74598807503428, -34.84066812368215], [-67.74602218226899, -34.84059618805199], [-67.74598116788806, -34.84058296627515], [-67.74596434154446, -34.84061839588418], [-67.74589928465329, -34.840597445127074], [-67.745881895066, -34.840633949694485], [-67.74551907899749, -34.84051700039297], [-67.74602300332916, -34.83945366843635], [-67.7479958285589, -34.84009492027376]]]}, "properties": {"fid": 52323, "tipo_culti": "FRUTALES", "globalid": "{8F9CDF2A-0BCD-4A02-88B5-5E993994D7D5}", "created_date": 1740061366000, "created_user": "ugdt_admin", "last_edited_date": 1740061366000, "last_edited_user": "ugdt_admin", "shape_Length": 801.8626271355694, "shape_Area": 36385.185879748606, "cultivo": "otros", "id": "X184"}}, {"type": "Feature", "id": 59653, "geometry": {"type": "Polygon", "coordinates": [[[-67.73538262228215, -34.89929854636018], [-67.73588769106749, -34.89852244501546], [-67.736250623917, -34.89868304927877], [-67.7357449056497, -34.89945887576801], [-67.73538262228215, -34.89929854636018]]]}, "properties": {"fid": 59653, "tipo_culti": "FRUTALES", "globalid": "{E8E86A9E-54E7-45F5-A1B2-AB80A58F99BA}", "created_date": 1740061366000, "created_user": "ugdt_admin", "last_edited_date": 1740061366000, "last_edited_user": "ugdt_admin", "shape_Length": 330.5434122035076, "shape_Area": 5476.644116841677, "cultivo": "otros", "id": "X185"}}, {"type": "Feature", "id": 17488, "geometry": {"type": "Polygon", "coordinates": [[[-67.60966344767697, -35.02921185049647], [-67.60964936927982, -35.032870105663], [-67.60632333987239, -35.032867815125755], [-67.60637036398256, -35.028368408170614], [-67.60638211753974, -35.027237156896035], [-67.60938327930951, -35.027245183891345], [-67.6093650111699, -35.0283236357671], [-67.609364376061, -35.02836112203646], [-67.60966668071367, -35.02836107127997], [-67.60966652800006, -35.02840243856468], [-67.60966344767697, -35.02921185049647]], [[-67.60687781510003, -35.03256314882602], [-67.60687916796284, -35.03248340042595], [-67.6067920727028, -35.032482400058136], [-67.60679071894167, -35.03256214845918], [-67.60687781510003, -35.03256314882602]]]}, "properties": {"fid": 17488, "tipo_culti": "INCULTOS", "globalid": "{938760B2-A682-479B-911D-6C3C379389E7}", "created_date": 1740061366000, "created_user": "ugdt_admin", "last_edited_date": 1740061366000, "last_edited_user": "ugdt_admin", "shape_Length": 2309.2756020896823, "shape_Area": 276584.95202174893, "cultivo": "otros", "id": "X186"}}, {"type": "Feature", "id": 29608, "geometry": {"type": "Polygon", "coordinates": [[[-68.3104527429215, -34.58997427981071], [-68.31065578373529, -34.59030724002418], [-68.31027056009032, -34.590441267973205], [-68.3102351422136, -34.5904535972676], [-68.3101093295648, -34.59020625745804], [-68.30998842800565, -34.59024839104007], [-68.30990436545798, -34.59027757260419], [-68.30898744336939, -34.58847576189064], [-68.30944218224431, -34.588317522673044], [-68.3104527429215, -34.58997427981071]]]}, "properties": {"fid": 29608, "tipo_culti": "FRUTALES", "globalid": "{A4645EFC-250B-4AE4-9E29-AC725CA7A48D}", "created_date": 1740061366000, "created_user": "ugdt_admin", "last_edited_date": 1740061366000, "last_edited_user": "ugdt_admin", "shape_Length": 732.0484611518204, "shape_Area": 18713.83702904017, "cultivo": "otros", "id": "X187"}}, {"type": "Feature", "id": 57488, "geometry": {"type": "Polygon", "coordinates": [[[-68.04682169870033, -34.673797555308475], [-68.04648312277143, -34.67654071357642], [-68.04484163754097, -34.67646746831298], [-68.04499488563687, -34.67539800192818], [-68.04507420867309, -34.674675440230594], [-68.04519891639409, -34.67371544818074], [-68.04682169870033, -34.673797555308475]]]}, "properties": {"fid": 57488, "tipo_culti": "INCULTOS", "globalid": "{D20DB858-D467-4CB7-B4BC-C702AC7A8731}", "created_date": 1740061366000, "created_user": "ugdt_admin", "last_edited_date": 1740061366000, "last_edited_user": "ugdt_admin", "shape_Length": 1111.8654356879128, "shape_Area": 67786.50353444378, "cultivo": "otros", "id": "X188"}}, {"type": "Feature", "id": 65924, "geometry": {"type": "Polygon", "coordinates": [[[-68.38855088762239, -34.67415068026413], [-68.38745663809668, -34.674607791725265], [-68.3870010314492, -34.67366929368349], [-68.38805606951273, -34.67305324976848], [-68.38855088762239, -34.67415068026413]]]}, "properties": {"fid": 65924, "tipo_culti": "ANUALES", "globalid": "{32128813-0638-497A-8FE4-909048C78AD0}", "created_date": 1740061366000, "created_user": "ugdt_admin", "last_edited_date": 1740061366000, "last_edited_user": "ugdt_admin", "shape_Length": 575.8778620191227, "shape_Area": 20325.865452693666, "cultivo": "otros", "id": "X189"}}, {"type": "Feature", "id": 47594, "geometry": {"type": "Polygon", "coordinates": [[[-68.27598859497526, -34.527399171741855], [-68.27982438327214, -34.52571193107855], [-68.28061785258619, -34.52668492170267], [-68.27682678062752, -34.52833666428197], [-68.27598859497526, -34.527399171741855]]]}, "properties": {"fid": 47594, "tipo_culti": "ANUALES", "globalid": "{4180A3D9-19DA-467D-9856-DE37226399AB}", "created_date": 1740061366000, "created_user": "ugdt_admin", "last_edited_date": 1740061366000, "last_edited_user": "ugdt_admin", "shape_Length": 1277.1634547957065, "shape_Area": 75278.88188810079, "cultivo": "otros", "id": "X190"}}, {"type": "Feature", "id": 23284, "geometry": {"type": "Polygon", "coordinates": [[[-68.45682904040439, -34.614157200858564], [-68.45727697633767, -34.61395132570998], [-68.45777341770302, -34.61473633208669], [-68.45735030222106, -34.61493114161936], [-68.45682904040439, -34.614157200858564]]]}, "properties": {"fid": 23284, "tipo_culti": "INCULTOS", "globalid": "{4DD09554-4459-4392-BA81-484840C74AD8}", "created_date": 1740061366000, "created_user": "ugdt_admin", "last_edited_date": 1740061366000, "last_edited_user": "ugdt_admin", "shape_Length": 350.47649477825746, "shape_Area": 6646.65873745, "cultivo": "otros", "id": "X191"}}, {"type": "Feature", "id": 58740, "geometry": {"type": "Polygon", "coordinates": [[[-68.01547171968829, -34.67124299399431], [-68.01546668463112, -34.67166849728831], [-68.01436201464814, -34.67167750766017], [-68.01435990989545, -34.67123806545181], [-68.01547171968829, -34.67124299399431]]]}, "properties": {"fid": 58740, "tipo_culti": "ANUALES", "globalid": "{49739DAE-4059-44E9-BF5C-8CA2A5092A03}", "created_date": 1740061366000, "created_user": "ugdt_admin", "last_edited_date": 1740061366000, "last_edited_user": "ugdt_admin", "shape_Length": 363.8229342999833, "shape_Area": 7221.619377793292, "cultivo": "otros", "id": "X192"}}, {"type": "Feature", "id": 22052, "geometry": {"type": "Polygon", "coordinates": [[[-68.54571022131434, -34.59455148875369], [-68.54658539330178, -34.59443954034048], [-68.5468557969821, -34.59442720350325], [-68.54748856936992, -34.594409449191794], [-68.54753021975806, -34.594407620443526], [-68.5480941093299, -34.59444847184563], [-68.54920318465102, -34.59415879716084], [-68.55181755880892, -34.59347585501855], [-68.55200669999032, -34.593696229132654], [-68.55221444797618, -34.593943173278056], [-68.55261014867231, -34.59390099498191], [-68.55263144503276, -34.59399518306545], [-68.55212712903561, -34.59406589819177], [-68.55117546370509, -34.594194822789], [-68.55041707809447, -34.59436168061709], [-68.54937204366993, -34.59474273844806], [-68.54832093034588, -34.59517757980767], [-68.54735143794855, -34.59545460367525], [-68.54545259527065, -34.59574006031932], [-68.54510719304388, -34.595591569389654], [-68.54406846209771, -34.59572939784441], [-68.54363865686183, -34.595786474864944], [-68.54279924051761, -34.59563639932372], [-68.54247671388957, -34.595531615674545], [-68.54215339315084, -34.59529350635688], [-68.54571022131434, -34.59455148875369]]]}, "properties": {"fid": 22052, "tipo_culti": "INCULTOS", "globalid": "{E5FDDC42-8920-4B3A-84E1-55543D3A057D}", "created_date": 1740061366000, "created_user": "ugdt_admin", "last_edited_date": 1740061366000, "last_edited_user": "ugdt_admin", "shape_Length": 2475.1627085855243, "shape_Area": 114997.97033008114, "cultivo": "otros", "id": "X193"}}, {"type": "Feature", "id": 34508, "geometry": {"type": "Polygon", "coordinates": [[[-67.76722670973474, -34.868520455177794], [-67.76862207005209, -34.86897255184034], [-67.7681212835357, -34.87000067354158], [-67.76673505099997, -34.8695515475956], [-67.76722670973474, -34.868520455177794]]]}, "properties": {"fid": 34508, "tipo_culti": "FRUTALES", "globalid": "{306E435E-E3DE-499E-9103-69B25222D5A2}", "created_date": 1740061366000, "created_user": "ugdt_admin", "last_edited_date": 1740061366000, "last_edited_user": "ugdt_admin", "shape_Length": 633.3597729315162, "shape_Area": 25005.47821483981, "cultivo": "otros", "id": "X194"}}, {"type": "Feature", "id": 45026, "geometry": {"type": "Polygon", "coordinates": [[[-68.1828472490518, -34.55186545438814], [-68.18085349846582, -34.54851847347786], [-68.18098657579031, -34.54849052101697], [-68.1811217973934, -34.54866621316512], [-68.18177949623373, -34.5498458002098], [-68.18258758922228, -34.5512340769883], [-68.18296179143705, -34.55186162411079], [-68.18289770292972, -34.55186434977081], [-68.1828472490518, -34.55186545438814]]]}, "properties": {"fid": 45026, "tipo_culti": "INCULTOS", "globalid": "{9A681BE3-DEB8-4F5A-9DDE-C66C7C35E1A3}", "created_date": 1740061366000, "created_user": "ugdt_admin", "last_edited_date": 1740061366000, "last_edited_user": "ugdt_admin", "shape_Length": 1038.0634023016696, "shape_Area": 6940.272775908486, "cultivo": "otros", "id": "X195"}}, {"type": "Feature", "id": 41402, "geometry": {"type": "Polygon", "coordinates": [[[-68.49151044590211, -34.61544536815944], [-68.49564837895154, -34.61532219281496], [-68.49569539677351, -34.616003235715716], [-68.49466903562877, -34.616024048303004], [-68.49467437521483, -34.616204446019886], [-68.49512420030516, -34.61619531133135], [-68.49515505563853, -34.6167177265165], [-68.49169916397699, -34.61686166633166], [-68.49151044590211, -34.61544536815944]]]}, "properties": {"fid": 41402, "tipo_culti": "ANUALES", "globalid": "{0BD87065-C4B9-496E-895A-ECC5C2795C53}", "created_date": 1740061366000, "created_user": "ugdt_admin", "last_edited_date": 1740061366000, "last_edited_user": "ugdt_admin", "shape_Length": 1390.6613721950675, "shape_Area": 78799.31202495357, "cultivo": "otros", "id": "X196"}}, {"type": "Feature", "id": 48915, "geometry": {"type": "Polygon", "coordinates": [[[-67.80451224590117, -34.94845416772476], [-67.80471850088703, -34.949191767860114], [-67.80105610630459, -34.94920316967268], [-67.80129724287293, -34.94845258463665], [-67.80451224590117, -34.94845416772476]]]}, "properties": {"fid": 48915, "tipo_culti": "ANUALES", "globalid": "{52CB088D-D874-4519-8FF5-4036D5DF4526}", "created_date": 1740061366000, "created_user": "ugdt_admin", "last_edited_date": 1740061366000, "last_edited_user": "ugdt_admin", "shape_Length": 973.7761609360144, "shape_Area": 38682.375320092, "cultivo": "otros", "id": "X197"}}, {"type": "Feature", "id": 56482, "geometry": {"type": "Polygon", "coordinates": [[[-68.09000382040917, -34.69561427865891], [-68.08929644293698, -34.69509258875807], [-68.08892328276796, -34.69495567282829], [-68.08879180803794, -34.694275674245176], [-68.08919007701746, -34.69436166889162], [-68.08919981475513, -34.694289720855984], [-68.09110045226697, -34.69464274364992], [-68.09000382040917, -34.69561427865891]]]}, "properties": {"fid": 56482, "tipo_culti": "INCULTOS", "globalid": "{13873F0E-1FE3-48FA-8ADF-35494659A9D1}", "created_date": 1740061366000, "created_user": "ugdt_admin", "last_edited_date": 1740061366000, "last_edited_user": "ugdt_admin", "shape_Length": 696.5012892765058, "shape_Area": 24745.528196275143, "cultivo": "otros", "id": "X198"}}, {"type": "Feature", "id": 50127, "geometry": {"type": "Polygon", "coordinates": [[[-67.85522921792258, -34.92058132242918], [-67.85520250561929, -34.922228886950094], [-67.85682065261867, -34.92224664603801], [-67.85683581258739, -34.925721876279084], [-67.85254776656241, -34.92572066101419], [-67.8525461379168, -34.921011275798186], [-67.85370603362851, -34.92102402723535], [-67.85371351749315, -34.92056459859893], [-67.85522921792258, -34.92058132242918]]]}, "properties": {"fid": 50127, "tipo_culti": "ANUALES", "globalid": "{32C50679-B15A-43AE-9CEC-6DD0A0DF92D1}", "created_date": 1740061366000, "created_user": "ugdt_admin", "last_edited_date": 1740061366000, "last_edited_user": "ugdt_admin", "shape_Length": 2352.6692170856377, "shape_Area": 284741.42087585654, "cultivo": "otros", "id": "X199"}}, {"type": "Feature", "id": 12841, "geometry": {"type": "Polygon", "coordinates": [[[-67.67243722296287, -35.15970031944836], [-67.67215897878677, -35.16022244401719], [-67.67206052253331, -35.16018945931633], [-67.67147535995724, -35.15999305344361], [-67.67068780604933, -35.16156498335884], [-67.67061773027066, -35.16154141202259], [-67.67015710473568, -35.16138683438506], [-67.66994288708314, -35.1618174553248], [-67.6698188881329, -35.161775897162364], [-67.66938545370326, -35.16264708731547], [-67.66923198192684, -35.16259565054117], [-67.66902617250537, -35.163008157280224], [-67.66901335444457, -35.16303370222551], [-67.66891493592037, -35.1629982826997], [-67.66880026058445, -35.162957005676944], [-67.66904690472381, -35.162139914452816], [-67.66928573352018, -35.161054426952006], [-67.66908469505117, -35.160163920087456], [-67.66838477988408, -35.1593392201111], [-67.67126875912, -35.159605130769336], [-67.67243722296287, -35.15970031944836]]]}, "properties": {"fid": 12841, "tipo_culti": "INCULTOS", "globalid": "{6E1493C9-9F8A-42C5-A3EE-E681C0AB9A5C}", "created_date": 1740061366000, "created_user": "ugdt_admin", "last_edited_date": 1740061366000, "last_edited_user": "ugdt_admin", "shape_Length": 1748.6097437967348, "shape_Area": 83470.3906026458, "cultivo": "otros", "id": "X200"}}]}